<?xml version="1.0" encoding="UTF-8"?>
<course identifier="ge873a20e62408928a6946c7bc6ef7b61" xmlns="http://canvas.instructure.com/xsd/cccv1p0" xmlns:xsi="http://www.w3.org/2001/XMLSchema-instance" xsi:schemaLocation="http://canvas.instructure.com/xsd/cccv1p0 https://canvas.instructure.com/xsd/cccv1p0.xsd">
  <title>Calculus Videos Project</title>
  <course_code>Calcvids</course_code>
  <start_at>2020-07-28T17:43:00</start_at>
  <conclude_at/>
  <tab_configuration>[{"id":0},{"id":14},{"id":10},{"id":1},{"id":6},{"id":3,"hidden":true},{"id":8,"hidden":true},{"id":4,"hidden":true},{"id":5,"hidden":true},{"id":2,"hidden":true},{"id":11,"hidden":true},{"id":15,"hidden":true},{"id":12,"hidden":true},{"id":16,"hidden":true},{"id":"context_external_tool_gef4ac6e33d7599c663df52f40a6abd24","hidden":true}]</tab_configuration>
  <is_public>false</is_public>
  <is_public_to_auth_users>false</is_public_to_auth_users>
  <public_syllabus>false</public_syllabus>
  <public_syllabus_to_auth>false</public_syllabus_to_auth>
  <allow_student_wiki_edits>false</allow_student_wiki_edits>
  <allow_student_forum_attachments>false</allow_student_forum_attachments>
  <lock_all_announcements>false</lock_all_announcements>
  <default_wiki_editing_roles>teachers</default_wiki_editing_roles>
  <allow_student_organized_groups>true</allow_student_organized_groups>
  <default_view>modules</default_view>
  <open_enrollment>false</open_enrollment>
  <filter_speed_grader_by_student_group>false</filter_speed_grader_by_student_group>
  <self_enrollment>false</self_enrollment>
  <license>private</license>
  <indexed>false</indexed>
  <hide_final_grade>false</hide_final_grade>
  <hide_distribution_graphs>false</hide_distribution_graphs>
  <allow_student_discussion_topics>true</allow_student_discussion_topics>
  <allow_student_discussion_editing>true</allow_student_discussion_editing>
  <show_announcements_on_home_page>false</show_announcements_on_home_page>
  <home_page_announcement_limit>3</home_page_announcement_limit>
  <usage_rights_required>false</usage_rights_required>
  <restrict_student_future_view>false</restrict_student_future_view>
  <restrict_student_past_view>false</restrict_student_past_view>
  <restrict_enrollments_to_course_dates>false</restrict_enrollments_to_course_dates>
  <grading_standard_enabled>false</grading_standard_enabled>
  <storage_quota>262144000</storage_quota>
  <overridden_course_visibility/>
  <root_account_uuid>ff2e5780-fa5b-012d-f7b3-123135003972</root_account_uuid>
  <default_post_policy>
    <post_manually>false</post_manually>
  </default_post_policy>
</course>
