<?xml version="1.0" encoding="UTF-8"?>
<topicMeta identifier="gb8c7073c9b0821e640a91af5c95813b6" xmlns="http://canvas.instructure.com/xsd/cccv1p0" xmlns:xsi="http://www.w3.org/2001/XMLSchema-instance" xsi:schemaLocation="http://canvas.instructure.com/xsd/cccv1p0 https://canvas.instructure.com/xsd/cccv1p0.xsd">
  <topic_id>ga2c49331864bd1b990f73ef2a7f9981a</topic_id>
  <title>Sample Discussion</title>
  <position/>
  <type>topic</type>
  <discussion_type>side_comment</discussion_type>
  <has_group_category>false</has_group_category>
  <workflow_state>active</workflow_state>
  <module_locked>false</module_locked>
  <allow_rating>false</allow_rating>
  <only_graders_can_rate>false</only_graders_can_rate>
  <sort_by_rating>false</sort_by_rating>
  <todo_date/>
</topicMeta>
