﻿<externallinks><link_category id="492" sort_order="1" is_public="False"><name /><links><link id="493"><title>https://youtu.be/uhn4B6fR0gI</title><description text_type="text/html" /><url>https://youtu.be/uhn4B6fR0gI</url><sort_order>1</sort_order><launch_new_window>True</launch_new_window></link><link id="494"><title>https://youtu.be/jMI1q8BIqa8</title><description text_type="text/html" /><url>https://youtu.be/jMI1q8BIqa8</url><sort_order>2</sort_order><launch_new_window>True</launch_new_window></link><link id="495"><title>https://youtu.be/F2FDCkPC7N4</title><description text_type="text/html" /><url>https://youtu.be/F2FDCkPC7N4</url><sort_order>3</sort_order><launch_new_window>True</launch_new_window></link><link id="496"><title>https://youtu.be/9dS_h4DQaOw</title><description text_type="text/html" /><url>https://youtu.be/9dS_h4DQaOw</url><sort_order>4</sort_order><launch_new_window>True</launch_new_window></link><link id="497"><title>youtub.be/RnwZinSVGg4?wmode=opaque</title><description text_type="text/html" /><url>https://youtu.be/RnwZinSVGg4?wmode=opaque</url><sort_order>5</sort_order><launch_new_window>True</launch_new_window></link><link id="498"><title>https://youtu.be/dH34dT00e2Q</title><description text_type="text/html" /><url>https://youtu.be/dH34dT00e2Q</url><sort_order>6</sort_order><launch_new_window>True</launch_new_window></link><link id="499"><title>https://youtu.be/QCtHzbOyWoQ</title><description text_type="text/html" /><url>https://youtu.be/QCtHzbOyWoQ</url><sort_order>7</sort_order><launch_new_window>True</launch_new_window></link><link id="500"><title>https://youtu.be/25900zwRK-0</title><description text_type="text/html" /><url>https://youtu.be/25900zwRK-0</url><sort_order>8</sort_order><launch_new_window>True</launch_new_window></link><link id="501"><title>https://youtu.be/n-Kl3atgYbk</title><description text_type="text/html" /><url>https://youtu.be/n-Kl3atgYbk</url><sort_order>9</sort_order><launch_new_window>True</launch_new_window></link><link id="502"><title>https://youtu.be/EB-21bla9D0</title><description text_type="text/html" /><url>https://youtu.be/EB-21bla9D0</url><sort_order>10</sort_order><launch_new_window>True</launch_new_window></link><link id="503"><title>https://youtu.be/IG-Av2V3AMc</title><description text_type="text/html" /><url>https://youtu.be/IG-Av2V3AMc</url><sort_order>11</sort_order><launch_new_window>True</launch_new_window></link><link id="504"><title>https://youtu.be/ApaBByWBv0Y</title><description text_type="text/html" /><url>https://youtu.be/ApaBByWBv0Y</url><sort_order>12</sort_order><launch_new_window>True</launch_new_window></link><link id="505"><title>https://youtu.be/PvshtN3btB8</title><description text_type="text/html" /><url>https://youtu.be/PvshtN3btB8</url><sort_order>13</sort_order><launch_new_window>True</launch_new_window></link><link id="506"><title>https://youtu.be/Ad0RC7GUeX0</title><description text_type="text/html" /><url>https://youtu.be/Ad0RC7GUeX0</url><sort_order>14</sort_order><launch_new_window>True</launch_new_window></link><link id="507"><title>https://youtu.be/4q6KQQ2qLd8</title><description text_type="text/html" /><url>https://youtu.be/4q6KQQ2qLd8</url><sort_order>15</sort_order><launch_new_window>True</launch_new_window></link><link id="508"><title>https://youtu.be/JxwD57FYC3Q</title><description text_type="text/html" /><url>https://youtu.be/JxwD57FYC3Q</url><sort_order>16</sort_order><launch_new_window>True</launch_new_window></link><link id="509"><title>https://youtu.be/mc4S0UIbIuY</title><description text_type="text/html" /><url>https://youtu.be/mc4S0UIbIuY</url><sort_order>17</sort_order><launch_new_window>True</launch_new_window></link><link id="510"><title>https://youtu.be/Xt5a59Sc7Aw</title><description text_type="text/html" /><url>https://youtu.be/Xt5a59Sc7Aw</url><sort_order>18</sort_order><launch_new_window>True</launch_new_window></link><link id="511"><title>https://youtu.be/iEqEELguqYo</title><description text_type="text/html" /><url>https://youtu.be/iEqEELguqYo</url><sort_order>19</sort_order><launch_new_window>True</launch_new_window></link><link id="512"><title>https://youtu.be/j_GHJV7TKPo</title><description text_type="text/html" /><url>https://youtu.be/j_GHJV7TKPo</url><sort_order>20</sort_order><launch_new_window>True</launch_new_window></link><link id="513"><title>https://youtu.be/SkWMqPeSC7I</title><description text_type="text/html" /><url>https://youtu.be/SkWMqPeSC7I</url><sort_order>21</sort_order><launch_new_window>True</launch_new_window></link><link id="514"><title>https://youtu.be/WgKXMKf7opE</title><description text_type="text/html" /><url>https://youtu.be/WgKXMKf7opE</url><sort_order>22</sort_order><launch_new_window>True</launch_new_window></link><link id="515"><title>https://youtu.be/SpJAyeUDqRA</title><description text_type="text/html" /><url>https://youtu.be/SpJAyeUDqRA</url><sort_order>23</sort_order><launch_new_window>True</launch_new_window></link><link id="516"><title>https://youtu.be/IwZ9DVxf82s</title><description text_type="text/html" /><url>https://youtu.be/IwZ9DVxf82s</url><sort_order>24</sort_order><launch_new_window>True</launch_new_window></link><link id="517"><title>https://youtu.be/0uBPEiJu5XU</title><description text_type="text/html" /><url>https://youtu.be/0uBPEiJu5XU</url><sort_order>25</sort_order><launch_new_window>True</launch_new_window></link><link id="518"><title>https://youtu.be/FQ29OmuWLuY</title><description text_type="text/html" /><url>https://youtu.be/FQ29OmuWLuY</url><sort_order>26</sort_order><launch_new_window>True</launch_new_window></link><link id="519"><title>https://youtu.be/_bQNS3pwDrs</title><description text_type="text/html" /><url>https://youtu.be/_bQNS3pwDrs</url><sort_order>27</sort_order><launch_new_window>True</launch_new_window></link><link id="520"><title>https://youtu.be/iezUUzupaSk</title><description text_type="text/html" /><url>https://youtu.be/iezUUzupaSk</url><sort_order>28</sort_order><launch_new_window>True</launch_new_window></link><link id="521"><title>https://youtu.be/tWs3f4-vEWw</title><description text_type="text/html" /><url>https://youtu.be/tWs3f4-vEWw</url><sort_order>29</sort_order><launch_new_window>True</launch_new_window></link><link id="522"><title>https://youtu.be/n6uzXkBxOQ8</title><description text_type="text/html" /><url>https://youtu.be/n6uzXkBxOQ8</url><sort_order>30</sort_order><launch_new_window>True</launch_new_window></link><link id="523"><title>https://youtu.be/7zquHFUDkL0</title><description text_type="text/html" /><url>https://youtu.be/7zquHFUDkL0</url><sort_order>31</sort_order><launch_new_window>True</launch_new_window></link><link id="524"><title>https://youtu.be/49oT7gAeeSA</title><description text_type="text/html" /><url>https://youtu.be/49oT7gAeeSA</url><sort_order>32</sort_order><launch_new_window>True</launch_new_window></link><link id="525"><title>https://youtu.be/ctkhuNyODTQ</title><description text_type="text/html" /><url>https://youtu.be/ctkhuNyODTQ</url><sort_order>33</sort_order><launch_new_window>True</launch_new_window></link><link id="526"><title>https://youtu.be/7Bja2twJSCU</title><description text_type="text/html" /><url>https://youtu.be/7Bja2twJSCU</url><sort_order>34</sort_order><launch_new_window>True</launch_new_window></link><link id="527"><title>https://youtu.be/Edm3X81RodY</title><description text_type="text/html" /><url>https://youtu.be/Edm3X81RodY</url><sort_order>35</sort_order><launch_new_window>True</launch_new_window></link><link id="528"><title>https://youtu.be/VdsJVaTI7HY</title><description text_type="text/html" /><url>https://youtu.be/VdsJVaTI7HY</url><sort_order>36</sort_order><launch_new_window>True</launch_new_window></link><link id="529"><title>https://youtu.be/AeASWdqiDv0</title><description text_type="text/html" /><url>https://youtu.be/AeASWdqiDv0</url><sort_order>37</sort_order><launch_new_window>True</launch_new_window></link><link id="530"><title>youtub.be/-1p2cvT4yH0?wmode=opaque</title><description text_type="text/html" /><url>https://youtu.be/-1p2cvT4yH0?wmode=opaque</url><sort_order>38</sort_order><launch_new_window>True</launch_new_window></link><link id="531"><title>https://youtu.be/A-uVUQteTrQ</title><description text_type="text/html" /><url>https://youtu.be/A-uVUQteTrQ</url><sort_order>39</sort_order><launch_new_window>True</launch_new_window></link><link id="532"><title>https://youtu.be/_SA5hfhM48U</title><description text_type="text/html" /><url>https://youtu.be/_SA5hfhM48U</url><sort_order>40</sort_order><launch_new_window>True</launch_new_window></link><link id="533"><title>https://youtu.be/euWtAUZXWLM</title><description text_type="text/html" /><url>https://youtu.be/euWtAUZXWLM</url><sort_order>41</sort_order><launch_new_window>True</launch_new_window></link><link id="534"><title>https://youtu.be/NweOqLmhM0A</title><description text_type="text/html" /><url>https://youtu.be/NweOqLmhM0A</url><sort_order>42</sort_order><launch_new_window>True</launch_new_window></link><link id="535"><title>https://youtu.be/NsovY312FKk</title><description text_type="text/html" /><url>https://youtu.be/NsovY312FKk</url><sort_order>43</sort_order><launch_new_window>True</launch_new_window></link><link id="536"><title>https://youtu.be/gZFJ2vgRcZg</title><description text_type="text/html" /><url>https://youtu.be/gZFJ2vgRcZg</url><sort_order>44</sort_order><launch_new_window>True</launch_new_window></link><link id="537"><title>https://youtu.be/MEaZ44dkiuE</title><description text_type="text/html" /><url>https://youtu.be/MEaZ44dkiuE</url><sort_order>45</sort_order><launch_new_window>True</launch_new_window></link><link id="538"><title>https://youtu.be/RnXBT_ztIz0</title><description text_type="text/html" /><url>https://youtu.be/RnXBT_ztIz0</url><sort_order>46</sort_order><launch_new_window>True</launch_new_window></link><link id="539"><title>https://youtu.be/-fOvdwcDPvw</title><description text_type="text/html" /><url>https://youtu.be/-fOvdwcDPvw</url><sort_order>47</sort_order><launch_new_window>True</launch_new_window></link><link id="540"><title>https://youtu.be/Yx3H3uYY5cY</title><description text_type="text/html" /><url>https://youtu.be/Yx3H3uYY5cY</url><sort_order>48</sort_order><launch_new_window>True</launch_new_window></link><link id="541"><title>https://youtu.be/EtJhDFJd3kE</title><description text_type="text/html" /><url>https://youtu.be/EtJhDFJd3kE</url><sort_order>49</sort_order><launch_new_window>True</launch_new_window></link><link id="542"><title>https://youtu.be/fS2JTYEp89M</title><description text_type="text/html" /><url>https://youtu.be/fS2JTYEp89M</url><sort_order>50</sort_order><launch_new_window>True</launch_new_window></link><link id="543"><title>https://youtu.be/R6LQa_F-AFc</title><description text_type="text/html" /><url>https://youtu.be/R6LQa_F-AFc</url><sort_order>51</sort_order><launch_new_window>True</launch_new_window></link><link id="544"><title>https://youtu.be/8ypNIL70Dx8</title><description text_type="text/html" /><url>https://youtu.be/8ypNIL70Dx8</url><sort_order>52</sort_order><launch_new_window>True</launch_new_window></link><link id="545"><title>https://youtu.be/g8mWdHea0ao</title><description text_type="text/html" /><url>https://youtu.be/g8mWdHea0ao</url><sort_order>53</sort_order><launch_new_window>True</launch_new_window></link><link id="546"><title>https://youtu.be/9wL-DiOLxLw</title><description text_type="text/html" /><url>https://youtu.be/9wL-DiOLxLw</url><sort_order>54</sort_order><launch_new_window>True</launch_new_window></link><link id="547"><title>https://youtu.be/Q8AYgdXzIpg</title><description text_type="text/html" /><url>https://youtu.be/Q8AYgdXzIpg</url><sort_order>55</sort_order><launch_new_window>True</launch_new_window></link><link id="548"><title>https://youtu.be/o5VO6bteXIU</title><description text_type="text/html" /><url>https://youtu.be/o5VO6bteXIU</url><sort_order>56</sort_order><launch_new_window>True</launch_new_window></link><link id="549"><title>https://youtu.be/Dxmh7HMS2JM</title><description text_type="text/html" /><url>https://youtu.be/Dxmh7HMS2JM</url><sort_order>57</sort_order><launch_new_window>True</launch_new_window></link><link id="550"><title>https://youtu.be/pBfyWU_lf04</title><description text_type="text/html" /><url>https://youtu.be/pBfyWU_lf04</url><sort_order>58</sort_order><launch_new_window>True</launch_new_window></link><link id="551"><title>https://youtu.be/zBjiy7-nHKs</title><description text_type="text/html" /><url>https://youtu.be/zBjiy7-nHKs</url><sort_order>59</sort_order><launch_new_window>True</launch_new_window></link><link id="552"><title>https://youtu.be/FWsFsP4b_aE</title><description text_type="text/html" /><url>https://youtu.be/FWsFsP4b_aE</url><sort_order>60</sort_order><launch_new_window>True</launch_new_window></link><link id="553"><title>https://youtu.be/E4sg0Unr2Lc</title><description text_type="text/html" /><url>https://youtu.be/E4sg0Unr2Lc</url><sort_order>61</sort_order><launch_new_window>True</launch_new_window></link><link id="554"><title>https://youtu.be/hIJHRr4YOg0</title><description text_type="text/html" /><url>https://youtu.be/hIJHRr4YOg0</url><sort_order>62</sort_order><launch_new_window>True</launch_new_window></link><link id="555"><title>https://youtu.be/7r9MEaxFpM4</title><description text_type="text/html" /><url>https://youtu.be/7r9MEaxFpM4</url><sort_order>63</sort_order><launch_new_window>True</launch_new_window></link><link id="556"><title>https://youtu.be/t5D_CfweJNM</title><description text_type="text/html" /><url>https://youtu.be/t5D_CfweJNM</url><sort_order>64</sort_order><launch_new_window>True</launch_new_window></link><link id="557"><title>https://youtu.be/HTigyyB11Ns</title><description text_type="text/html" /><url>https://youtu.be/HTigyyB11Ns</url><sort_order>65</sort_order><launch_new_window>True</launch_new_window></link><link id="558"><title>https://youtu.be/UalmQI7o1S0</title><description text_type="text/html" /><url>https://youtu.be/UalmQI7o1S0</url><sort_order>66</sort_order><launch_new_window>True</launch_new_window></link><link id="559"><title>https://youtu.be/NKBPe4uMRpM</title><description text_type="text/html" /><url>https://youtu.be/NKBPe4uMRpM</url><sort_order>67</sort_order><launch_new_window>True</launch_new_window></link><link id="560"><title>https://youtu.be/TWZulr6XpFE</title><description text_type="text/html" /><url>https://youtu.be/TWZulr6XpFE</url><sort_order>68</sort_order><launch_new_window>True</launch_new_window></link><link id="561"><title>https://youtu.be/dh_KTrAITX8</title><description text_type="text/html" /><url>https://youtu.be/dh_KTrAITX8</url><sort_order>69</sort_order><launch_new_window>True</launch_new_window></link><link id="562"><title>https://youtu.be/QCFObvt7YOg</title><description text_type="text/html" /><url>https://youtu.be/QCFObvt7YOg</url><sort_order>70</sort_order><launch_new_window>True</launch_new_window></link><link id="563"><title>https://youtu.be/Q7GpE_jQ1Jo</title><description text_type="text/html" /><url>https://youtu.be/Q7GpE_jQ1Jo</url><sort_order>71</sort_order><launch_new_window>True</launch_new_window></link><link id="564"><title>https://youtu.be/QT_gSMdfvkY</title><description text_type="text/html" /><url>https://youtu.be/QT_gSMdfvkY</url><sort_order>72</sort_order><launch_new_window>True</launch_new_window></link><link id="565"><title>https://youtu.be/0jZ1h6RzBQc</title><description text_type="text/html" /><url>https://youtu.be/0jZ1h6RzBQc</url><sort_order>73</sort_order><launch_new_window>True</launch_new_window></link><link id="566"><title>https://youtu.be/U2WrUpE4ct8</title><description text_type="text/html" /><url>https://youtu.be/U2WrUpE4ct8</url><sort_order>74</sort_order><launch_new_window>True</launch_new_window></link><link id="567"><title>https://youtu.be/hs1519HhtCQ</title><description text_type="text/html" /><url>https://youtu.be/hs1519HhtCQ</url><sort_order>75</sort_order><launch_new_window>True</launch_new_window></link><link id="568"><title>https://youtu.be/4fOWKNmFqp4</title><description text_type="text/html" /><url>https://youtu.be/4fOWKNmFqp4</url><sort_order>76</sort_order><launch_new_window>True</launch_new_window></link><link id="569"><title>https://youtu.be/5Ci1EZUARn4</title><description text_type="text/html" /><url>https://youtu.be/5Ci1EZUARn4</url><sort_order>77</sort_order><launch_new_window>True</launch_new_window></link><link id="570"><title>https://youtu.be/RKknvYVDg1k</title><description text_type="text/html" /><url>https://youtu.be/RKknvYVDg1k</url><sort_order>78</sort_order><launch_new_window>True</launch_new_window></link><link id="571"><title>https://youtu.be/ghQYJThKFdM</title><description text_type="text/html" /><url>https://youtu.be/ghQYJThKFdM</url><sort_order>79</sort_order><launch_new_window>True</launch_new_window></link><link id="572"><title>https://youtu.be/PO7p9wDm2KM</title><description text_type="text/html" /><url>https://youtu.be/PO7p9wDm2KM</url><sort_order>80</sort_order><launch_new_window>True</launch_new_window></link><link id="573"><title>https://youtu.be/FeQlUqXqa6Y</title><description text_type="text/html" /><url>https://youtu.be/FeQlUqXqa6Y</url><sort_order>81</sort_order><launch_new_window>True</launch_new_window></link><link id="574"><title>https://youtu.be/OnqQGW7J89E</title><description text_type="text/html" /><url>https://youtu.be/OnqQGW7J89E</url><sort_order>82</sort_order><launch_new_window>True</launch_new_window></link><link id="575"><title>https://youtu.be/EkO2E9wkCf0</title><description text_type="text/html" /><url>https://youtu.be/EkO2E9wkCf0</url><sort_order>83</sort_order><launch_new_window>True</launch_new_window></link><link id="576"><title>https://youtu.be/hIcdlnvBc4Y</title><description text_type="text/html" /><url>https://youtu.be/hIcdlnvBc4Y</url><sort_order>84</sort_order><launch_new_window>True</launch_new_window></link><link id="577"><title>https://youtu.be/qWnvhjVZsXc</title><description text_type="text/html" /><url>https://youtu.be/qWnvhjVZsXc</url><sort_order>85</sort_order><launch_new_window>True</launch_new_window></link><link id="578"><title>https://youtu.be/OygUfugpQ48</title><description text_type="text/html" /><url>https://youtu.be/OygUfugpQ48</url><sort_order>86</sort_order><launch_new_window>True</launch_new_window></link><link id="579"><title>https://youtu.be/QZejCQjzjU0</title><description text_type="text/html" /><url>https://youtu.be/QZejCQjzjU0</url><sort_order>87</sort_order><launch_new_window>True</launch_new_window></link><link id="580"><title>https://youtu.be/wDnRmp-QQaM</title><description text_type="text/html" /><url>https://youtu.be/wDnRmp-QQaM</url><sort_order>88</sort_order><launch_new_window>True</launch_new_window></link><link id="581"><title>https://youtu.be/YhF01FGJRXU</title><description text_type="text/html" /><url>https://youtu.be/YhF01FGJRXU</url><sort_order>89</sort_order><launch_new_window>True</launch_new_window></link><link id="582"><title>https://youtu.be/n8tw4EVlDyg</title><description text_type="text/html" /><url>https://youtu.be/n8tw4EVlDyg</url><sort_order>90</sort_order><launch_new_window>True</launch_new_window></link><link id="583"><title>https://youtu.be/EuVOjg7WO1c</title><description text_type="text/html" /><url>https://youtu.be/EuVOjg7WO1c</url><sort_order>91</sort_order><launch_new_window>True</launch_new_window></link><link id="584"><title>https://youtu.be/ioPI4qbO1ic</title><description text_type="text/html" /><url>https://youtu.be/ioPI4qbO1ic</url><sort_order>92</sort_order><launch_new_window>True</launch_new_window></link><link id="585"><title>https://youtu.be/syhpg0h-JsM</title><description text_type="text/html" /><url>https://youtu.be/syhpg0h-JsM</url><sort_order>93</sort_order><launch_new_window>True</launch_new_window></link><link id="586"><title>https://youtu.be/ZHDChJlts-8</title><description text_type="text/html" /><url>https://youtu.be/ZHDChJlts-8</url><sort_order>94</sort_order><launch_new_window>True</launch_new_window></link></links></link_category><link_category id="587" sort_order="2" is_public="False"><name /><links /></link_category></externallinks>