﻿<?xml version="1.0" encoding="UTF-8"?><questestinterop xmlns:d2l_2p0="http://desire2learn.com/xsd/d2lcp_v2p0"><assessment d2l_2p0:id="446" title="FTOC: Variable in Bounds PreVideo Questions" ident="res_quiz_122401" d2l_2p0:resource_code="ef9e56cc46d3486a98963923-126"><rubric><flow_mat><material><mattext d2l_2p0:isdisplayed="no" texttype="text/html" /></material></flow_mat></rubric><assessmentcontrol hintswitch="no" solutionswitch="yes" feedbackswitch="no" /><presentation_material><flow_mat><material label="page header"><mattext d2l_2p0:isdisplayed="no" texttype="text/html" /></material><material label="page footer"><mattext d2l_2p0:isdisplayed="no" texttype="text/html" /></material></flow_mat></presentation_material><assess_procextension><d2l_2p0:intro_message d2l_2p0:isdisplayed="yes" texttype="text/html">Respondus</d2l_2p0:intro_message><d2l_2p0:disable_right_click>no</d2l_2p0:disable_right_click><d2l_2p0:disable_pager_access>no</d2l_2p0:disable_pager_access><is_active>yes</is_active><d2l_2p0:date_start /><d2l_2p0:date_end /><d2l_2p0:date_due /><d2l_2p0:has_schedule_event>no</d2l_2p0:has_schedule_event><d2l_2p0:is_attempt_Rldb>no</d2l_2p0:is_attempt_Rldb><d2l_2p0:is_subview_Rldb>no</d2l_2p0:is_subview_Rldb><d2l_2p0:time_limit>120</d2l_2p0:time_limit><d2l_2p0:show_clock>yes</d2l_2p0:show_clock><d2l_2p0:enforce_time_limit>yes</d2l_2p0:enforce_time_limit><d2l_2p0:grace_period>5</d2l_2p0:grace_period><d2l_2p0:late_limit>0</d2l_2p0:late_limit><d2l_2p0:attempts_allowed>3</d2l_2p0:attempts_allowed><d2l_2p0:attempt_restrictions /><d2l_2p0:mark_calculation_type>1</d2l_2p0:mark_calculation_type><d2l_2p0:is_forward_only>no</d2l_2p0:is_forward_only></assess_procextension><assessfeedback title=""><rubric><flow_mat><material><mattext texttype="yes">Your quiz has been submitted successfully.</mattext></material></flow_mat></rubric><d2l_2p0:duration>0</d2l_2p0:duration><d2l_2p0:response_display_type_id>1</d2l_2p0:response_display_type_id><d2l_2p0:show_correct_answers>no</d2l_2p0:show_correct_answers><d2l_2p0:submission_restrictip>no</d2l_2p0:submission_restrictip><d2l_2p0:show_class_average>no</d2l_2p0:show_class_average><d2l_2p0:show_score_distribution>no</d2l_2p0:show_score_distribution></assessfeedback><section ident="CONTAINER_SECTION"><item ident="OBJ_1651153" label="QUES_42756960_42761041" d2l_2p0:page="1"><itemmetadata><qtimetadata><qti_metadatafield><fieldlabel>qmd_computerscored</fieldlabel><fieldentry>yes</fieldentry></qti_metadatafield><qti_metadatafield><fieldlabel>qmd_questiontype</fieldlabel><fieldentry>Multiple Choice</fieldentry></qti_metadatafield><qti_metadatafield><fieldlabel>qmd_weighting</fieldlabel><fieldentry>1.000000000</fieldentry></qti_metadatafield><qti_metadatafield><fieldlabel>qmd_globalid</fieldlabel><fieldentry>ffdf5b80-05f3-454b-bfa3-96642fa3b075</fieldentry></qti_metadatafield><qti_metadatafield><fieldlabel>qmd_displayid</fieldlabel><fieldentry>Sample Course-74159</fieldentry></qti_metadatafield></qtimetadata></itemmetadata><itemproc_extension><d2l_2p0:difficulty>3</d2l_2p0:difficulty><d2l_2p0:isbonus>no</d2l_2p0:isbonus><d2l_2p0:ismandatory>yes</d2l_2p0:ismandatory></itemproc_extension><presentation><flow><material><mattext texttype="text/html">&lt;!--RsQ_001--&gt;&lt;span style="font-family:'Arial';"&gt;Determine an antiderivative for &lt;/span&gt;&lt;span style="font-family:'Arial'; color:#000000;"&gt;&lt;IMG src="ppg/respondus/FTOC_2_Pre_BB_Test/eq_0c9a43.gif" alt="equation" border=0 align="absmiddle"&gt;&lt;/span&gt;&lt;span style="font-family:'Arial';"&gt; &lt;/span&gt;</mattext></material><response_extension><d2l_2p0:display_style>2</d2l_2p0:display_style><d2l_2p0:enumeration>6</d2l_2p0:enumeration><d2l_2p0:grading_type>0</d2l_2p0:grading_type></response_extension><response_lid ident="QUES_42756960_42761041_LID" rcardinality="Single"><render_choice shuffle="no"><flow_label class="Block"><response_label ident="QUES_42756960_42761041_A130833025"><flow_mat><material><mattext texttype="text/html">&lt;span style="font-family:'Arial';"&gt;&lt;IMG src="ppg/respondus/FTOC_2_Pre_BB_Test/eq_0c9a59.gif" alt="equation" border=0 align="absmiddle"&gt;&lt;/span&gt;</mattext></material></flow_mat></response_label></flow_label><flow_label class="Block"><response_label ident="QUES_42756960_42761041_A130833026"><flow_mat><material><mattext texttype="text/html">&lt;span style="font-family:'Arial';"&gt;&lt;IMG src="ppg/respondus/FTOC_2_Pre_BB_Test/eq_0c9a65.gif" alt="equation" border=0 align="absmiddle"&gt;&lt;/span&gt;</mattext></material></flow_mat></response_label></flow_label><flow_label class="Block"><response_label ident="QUES_42756960_42761041_A130833027"><flow_mat><material><mattext texttype="text/html">&lt;span style="font-family:'Arial';"&gt;&lt;IMG src="ppg/respondus/FTOC_2_Pre_BB_Test/eq_0c9b44.gif" alt="equation" border=0 align="absmiddle"&gt;&lt;/span&gt;</mattext></material></flow_mat></response_label></flow_label><flow_label class="Block"><response_label ident="QUES_42756960_42761041_A130833028"><flow_mat><material><mattext texttype="text/html">&lt;span style="font-family:'Arial';"&gt;&lt;IMG src="ppg/respondus/FTOC_2_Pre_BB_Test/eq_0c9b56.gif" alt="equation" border=0 align="absmiddle"&gt;&lt;/span&gt;</mattext></material></flow_mat></response_label></flow_label><flow_label class="Block"><response_label ident="QUES_42756960_42761041_A130833029"><flow_mat><material><mattext texttype="text/html">&lt;span style="font-family:'Arial';"&gt;&lt;IMG src="ppg/respondus/FTOC_2_Pre_BB_Test/eq_0c9b69.gif" alt="equation" border=0 align="absmiddle"&gt;&lt;/span&gt;</mattext></material></flow_mat></response_label></flow_label><flow_label class="Block"><response_label ident="QUES_42756960_42761041_A130833030"><flow_mat><material><mattext texttype="text/html">&lt;span style="font-family:'Arial'; color:#000000;"&gt;&lt;IMG src="ppg/respondus/FTOC_2_Pre_BB_Test/eq_0c9b86.gif" alt="equation" border=0 align="absmiddle"&gt;&lt;/span&gt;&lt;span style="font-family:'Arial';"&gt; doesn't have an antiderivative.&lt;/span&gt;</mattext></material></flow_mat></response_label></flow_label></render_choice></response_lid></flow></presentation><resprocessing><respcondition title="Response Condition 1"><conditionvar><varequal respident="QUES_42756960_42761041_LID">QUES_42756960_42761041_A130833025</varequal></conditionvar><setvar action="Set">0.000000000</setvar><displayfeedback feedbacktype="Response" linkrefid="QUES_42756960_42761041_IF130833025" /></respcondition><respcondition title="Response Condition 2"><conditionvar><varequal respident="QUES_42756960_42761041_LID">QUES_42756960_42761041_A130833026</varequal></conditionvar><setvar action="Set">0.000000000</setvar><displayfeedback feedbacktype="Response" linkrefid="QUES_42756960_42761041_IF130833026" /></respcondition><respcondition title="Response Condition 3"><conditionvar><varequal respident="QUES_42756960_42761041_LID">QUES_42756960_42761041_A130833027</varequal></conditionvar><setvar action="Set">100.000000000</setvar><displayfeedback feedbacktype="Response" linkrefid="QUES_42756960_42761041_IF130833027" /></respcondition><respcondition title="Response Condition 4"><conditionvar><varequal respident="QUES_42756960_42761041_LID">QUES_42756960_42761041_A130833028</varequal></conditionvar><setvar action="Set">0.000000000</setvar><displayfeedback feedbacktype="Response" linkrefid="QUES_42756960_42761041_IF130833028" /></respcondition><respcondition title="Response Condition 5"><conditionvar><varequal respident="QUES_42756960_42761041_LID">QUES_42756960_42761041_A130833029</varequal></conditionvar><setvar action="Set">0.000000000</setvar><displayfeedback feedbacktype="Response" linkrefid="QUES_42756960_42761041_IF130833029" /></respcondition><respcondition title="Response Condition 6"><conditionvar><varequal respident="QUES_42756960_42761041_LID">QUES_42756960_42761041_A130833030</varequal></conditionvar><setvar action="Set">0.000000000</setvar><displayfeedback feedbacktype="Response" linkrefid="QUES_42756960_42761041_IF130833030" /></respcondition></resprocessing><itemfeedback ident="QUES_42756960_42761041_IF130833025"><material><mattext texttype="text/plain" /></material></itemfeedback><itemfeedback ident="QUES_42756960_42761041_IF130833026"><material><mattext texttype="text/plain" /></material></itemfeedback><itemfeedback ident="QUES_42756960_42761041_IF130833027"><material><mattext texttype="text/plain" /></material></itemfeedback><itemfeedback ident="QUES_42756960_42761041_IF130833028"><material><mattext texttype="text/plain" /></material></itemfeedback><itemfeedback ident="QUES_42756960_42761041_IF130833029"><material><mattext texttype="text/plain" /></material></itemfeedback><itemfeedback ident="QUES_42756960_42761041_IF130833030"><material><mattext texttype="text/plain" /></material></itemfeedback></item><item ident="OBJ_1651154" label="QUES_42756961_42761042" d2l_2p0:page="1"><itemmetadata><qtimetadata><qti_metadatafield><fieldlabel>qmd_computerscored</fieldlabel><fieldentry>yes</fieldentry></qti_metadatafield><qti_metadatafield><fieldlabel>qmd_questiontype</fieldlabel><fieldentry>Multiple Choice</fieldentry></qti_metadatafield><qti_metadatafield><fieldlabel>qmd_weighting</fieldlabel><fieldentry>1.000000000</fieldentry></qti_metadatafield><qti_metadatafield><fieldlabel>qmd_globalid</fieldlabel><fieldentry>205ac747-3ce0-418e-bbef-655c80235e5a</fieldentry></qti_metadatafield><qti_metadatafield><fieldlabel>qmd_displayid</fieldlabel><fieldentry>Sample Course-74160</fieldentry></qti_metadatafield></qtimetadata></itemmetadata><itemproc_extension><d2l_2p0:difficulty>3</d2l_2p0:difficulty><d2l_2p0:isbonus>no</d2l_2p0:isbonus><d2l_2p0:ismandatory>yes</d2l_2p0:ismandatory></itemproc_extension><presentation><flow><material><mattext texttype="text/html">&lt;!--RsQ_002--&gt;&lt;span style="font-family:'Arial';"&gt;if &lt;/span&gt;&lt;span style="font-family:'Arial'; color:#000000;"&gt;&lt;IMG src="ppg/respondus/FTOC_2_Pre_BB_Test/eq_0c9ba7.gif" alt="equation" border=0 align="absmiddle"&gt;&lt;/span&gt;&lt;span style="font-family:'Arial';"&gt;, what is &lt;/span&gt;&lt;span style="font-family:'Arial'; color:#000000;"&gt;&lt;IMG src="ppg/respondus/FTOC_2_Pre_BB_Test/eq_0c9bc2.gif" alt="equation" border=0 align="absmiddle"&gt;&lt;/span&gt;&lt;span style="font-family:'Arial';"&gt;? &lt;/span&gt;</mattext></material><response_extension><d2l_2p0:display_style>2</d2l_2p0:display_style><d2l_2p0:enumeration>6</d2l_2p0:enumeration><d2l_2p0:grading_type>0</d2l_2p0:grading_type></response_extension><response_lid ident="QUES_42756961_42761042_LID" rcardinality="Single"><render_choice shuffle="no"><flow_label class="Block"><response_label ident="QUES_42756961_42761042_A130833031"><flow_mat><material><mattext texttype="text/html">&lt;span style="font-family:'Arial';"&gt;&lt;IMG src="ppg/respondus/FTOC_2_Pre_BB_Test/eq_0c9bcf.gif" alt="equation" border=0 align="absmiddle"&gt;&lt;/span&gt;</mattext></material></flow_mat></response_label></flow_label><flow_label class="Block"><response_label ident="QUES_42756961_42761042_A130833032"><flow_mat><material><mattext texttype="text/html">&lt;span style="font-family:'Arial';"&gt;&lt;IMG src="ppg/respondus/FTOC_2_Pre_BB_Test/eq_0c9bd5.gif" alt="equation" border=0 align="absmiddle"&gt;&lt;/span&gt;</mattext></material></flow_mat></response_label></flow_label><flow_label class="Block"><response_label ident="QUES_42756961_42761042_A130833033"><flow_mat><material><mattext texttype="text/html">&lt;span style="font-family:'Arial';"&gt;&lt;IMG src="ppg/respondus/FTOC_2_Pre_BB_Test/eq_0c9bda.gif" alt="equation" border=0 align="absmiddle"&gt;&lt;/span&gt;</mattext></material></flow_mat></response_label></flow_label><flow_label class="Block"><response_label ident="QUES_42756961_42761042_A130833034"><flow_mat><material><mattext texttype="text/html">&lt;span style="font-family:'Arial';"&gt;&lt;IMG src="ppg/respondus/FTOC_2_Pre_BB_Test/eq_0c9be2.gif" alt="equation" border=0 align="absmiddle"&gt;&lt;/span&gt;</mattext></material></flow_mat></response_label></flow_label><flow_label class="Block"><response_label ident="QUES_42756961_42761042_A130833035"><flow_mat><material><mattext texttype="text/html">&lt;span style="font-family:'Arial';"&gt;&lt;IMG src="ppg/respondus/FTOC_2_Pre_BB_Test/eq_0c9bf1.gif" alt="equation" border=0 align="absmiddle"&gt;&lt;/span&gt;</mattext></material></flow_mat></response_label></flow_label><flow_label class="Block"><response_label ident="QUES_42756961_42761042_A130833036"><flow_mat><material><mattext texttype="text/html">&lt;span style="font-family:'Arial';"&gt;&lt;IMG src="ppg/respondus/FTOC_2_Pre_BB_Test/eq_0c9c09.gif" alt="equation" border=0 align="absmiddle"&gt;&lt;/span&gt;</mattext></material></flow_mat></response_label></flow_label><flow_label class="Block"><response_label ident="QUES_42756961_42761042_A130833037"><flow_mat><material><mattext texttype="text/html">&lt;span style="font-family:'Arial';"&gt;&lt;IMG src="ppg/respondus/FTOC_2_Pre_BB_Test/eq_0c9c1b.gif" alt="equation" border=0 align="absmiddle"&gt;&lt;/span&gt;</mattext></material></flow_mat></response_label></flow_label></render_choice></response_lid></flow></presentation><resprocessing><respcondition title="Response Condition 1"><conditionvar><varequal respident="QUES_42756961_42761042_LID">QUES_42756961_42761042_A130833031</varequal></conditionvar><setvar action="Set">0.000000000</setvar><displayfeedback feedbacktype="Response" linkrefid="QUES_42756961_42761042_IF130833031" /></respcondition><respcondition title="Response Condition 2"><conditionvar><varequal respident="QUES_42756961_42761042_LID">QUES_42756961_42761042_A130833032</varequal></conditionvar><setvar action="Set">100.000000000</setvar><displayfeedback feedbacktype="Response" linkrefid="QUES_42756961_42761042_IF130833032" /></respcondition><respcondition title="Response Condition 3"><conditionvar><varequal respident="QUES_42756961_42761042_LID">QUES_42756961_42761042_A130833033</varequal></conditionvar><setvar action="Set">0.000000000</setvar><displayfeedback feedbacktype="Response" linkrefid="QUES_42756961_42761042_IF130833033" /></respcondition><respcondition title="Response Condition 4"><conditionvar><varequal respident="QUES_42756961_42761042_LID">QUES_42756961_42761042_A130833034</varequal></conditionvar><setvar action="Set">0.000000000</setvar><displayfeedback feedbacktype="Response" linkrefid="QUES_42756961_42761042_IF130833034" /></respcondition><respcondition title="Response Condition 5"><conditionvar><varequal respident="QUES_42756961_42761042_LID">QUES_42756961_42761042_A130833035</varequal></conditionvar><setvar action="Set">0.000000000</setvar><displayfeedback feedbacktype="Response" linkrefid="QUES_42756961_42761042_IF130833035" /></respcondition><respcondition title="Response Condition 6"><conditionvar><varequal respident="QUES_42756961_42761042_LID">QUES_42756961_42761042_A130833036</varequal></conditionvar><setvar action="Set">0.000000000</setvar><displayfeedback feedbacktype="Response" linkrefid="QUES_42756961_42761042_IF130833036" /></respcondition><respcondition title="Response Condition 7"><conditionvar><varequal respident="QUES_42756961_42761042_LID">QUES_42756961_42761042_A130833037</varequal></conditionvar><setvar action="Set">0.000000000</setvar><displayfeedback feedbacktype="Response" linkrefid="QUES_42756961_42761042_IF130833037" /></respcondition></resprocessing><itemfeedback ident="QUES_42756961_42761042_IF130833031"><material><mattext texttype="text/plain" /></material></itemfeedback><itemfeedback ident="QUES_42756961_42761042_IF130833032"><material><mattext texttype="text/plain" /></material></itemfeedback><itemfeedback ident="QUES_42756961_42761042_IF130833033"><material><mattext texttype="text/plain" /></material></itemfeedback><itemfeedback ident="QUES_42756961_42761042_IF130833034"><material><mattext texttype="text/plain" /></material></itemfeedback><itemfeedback ident="QUES_42756961_42761042_IF130833035"><material><mattext texttype="text/plain" /></material></itemfeedback><itemfeedback ident="QUES_42756961_42761042_IF130833036"><material><mattext texttype="text/plain" /></material></itemfeedback><itemfeedback ident="QUES_42756961_42761042_IF130833037"><material><mattext texttype="text/plain" /></material></itemfeedback></item><item ident="OBJ_1651155" label="QUES_42756962_42761043" d2l_2p0:page="1"><itemmetadata><qtimetadata><qti_metadatafield><fieldlabel>qmd_computerscored</fieldlabel><fieldentry>yes</fieldentry></qti_metadatafield><qti_metadatafield><fieldlabel>qmd_questiontype</fieldlabel><fieldentry>Multiple Choice</fieldentry></qti_metadatafield><qti_metadatafield><fieldlabel>qmd_weighting</fieldlabel><fieldentry>1.000000000</fieldentry></qti_metadatafield><qti_metadatafield><fieldlabel>qmd_globalid</fieldlabel><fieldentry>ae518226-7d23-4f04-80db-ac0fa24e2328</fieldentry></qti_metadatafield><qti_metadatafield><fieldlabel>qmd_displayid</fieldlabel><fieldentry>Sample Course-74161</fieldentry></qti_metadatafield></qtimetadata></itemmetadata><itemproc_extension><d2l_2p0:difficulty>3</d2l_2p0:difficulty><d2l_2p0:isbonus>no</d2l_2p0:isbonus><d2l_2p0:ismandatory>yes</d2l_2p0:ismandatory></itemproc_extension><presentation><flow><material><mattext texttype="text/html">&lt;!--RsQ_003--&gt;&lt;span style="font-family:'Arial'; color:#000000;"&gt;&lt;IMG src="ppg/respondus/FTOC_2_Pre_BB_Test/eq_0c9cd1.gif" alt="equation" border=0 align="absmiddle"&gt;&lt;/span&gt;&lt;span style="font-family:'Arial';"&gt;. On the interval &lt;/span&gt;&lt;span style="font-family:'Arial'; color:#000000;"&gt;&lt;IMG src="ppg/respondus/FTOC_2_Pre_BB_Test/eq_0c9ce7.gif" alt="equation" border=0 align="absmiddle"&gt;&lt;/span&gt;&lt;span style="font-family:'Arial';"&gt; is: &lt;/span&gt;</mattext></material><response_extension><d2l_2p0:display_style>2</d2l_2p0:display_style><d2l_2p0:enumeration>6</d2l_2p0:enumeration><d2l_2p0:grading_type>0</d2l_2p0:grading_type></response_extension><response_lid ident="QUES_42756962_42761043_LID" rcardinality="Single"><render_choice shuffle="no"><flow_label class="Block"><response_label ident="QUES_42756962_42761043_A130833038"><flow_mat><material><mattext texttype="text/html">&lt;span style="font-family:'Arial';"&gt;Increasing&lt;/span&gt;</mattext></material></flow_mat></response_label></flow_label><flow_label class="Block"><response_label ident="QUES_42756962_42761043_A130833039"><flow_mat><material><mattext texttype="text/html">&lt;span style="font-family:'Arial';"&gt;Decreasing&lt;/span&gt;</mattext></material></flow_mat></response_label></flow_label><flow_label class="Block"><response_label ident="QUES_42756962_42761043_A130833040"><flow_mat><material><mattext texttype="text/html">&lt;span style="font-family:'Arial';"&gt;Constant&lt;/span&gt;</mattext></material></flow_mat></response_label></flow_label><flow_label class="Block"><response_label ident="QUES_42756962_42761043_A130833041"><flow_mat><material><mattext texttype="text/html">&lt;span style="font-family:'Arial';"&gt;Both increasing and decreasing&lt;/span&gt;</mattext></material></flow_mat></response_label></flow_label><flow_label class="Block"><response_label ident="QUES_42756962_42761043_A130833042"><flow_mat><material><mattext texttype="text/html">&lt;span style="font-family:'Arial';"&gt;Can't tell without more information&lt;/span&gt;</mattext></material></flow_mat></response_label></flow_label></render_choice></response_lid></flow></presentation><resprocessing><respcondition title="Response Condition 1"><conditionvar><varequal respident="QUES_42756962_42761043_LID">QUES_42756962_42761043_A130833038</varequal></conditionvar><setvar action="Set">100.000000000</setvar><displayfeedback feedbacktype="Response" linkrefid="QUES_42756962_42761043_IF130833038" /></respcondition><respcondition title="Response Condition 2"><conditionvar><varequal respident="QUES_42756962_42761043_LID">QUES_42756962_42761043_A130833039</varequal></conditionvar><setvar action="Set">0.000000000</setvar><displayfeedback feedbacktype="Response" linkrefid="QUES_42756962_42761043_IF130833039" /></respcondition><respcondition title="Response Condition 3"><conditionvar><varequal respident="QUES_42756962_42761043_LID">QUES_42756962_42761043_A130833040</varequal></conditionvar><setvar action="Set">0.000000000</setvar><displayfeedback feedbacktype="Response" linkrefid="QUES_42756962_42761043_IF130833040" /></respcondition><respcondition title="Response Condition 4"><conditionvar><varequal respident="QUES_42756962_42761043_LID">QUES_42756962_42761043_A130833041</varequal></conditionvar><setvar action="Set">0.000000000</setvar><displayfeedback feedbacktype="Response" linkrefid="QUES_42756962_42761043_IF130833041" /></respcondition><respcondition title="Response Condition 5"><conditionvar><varequal respident="QUES_42756962_42761043_LID">QUES_42756962_42761043_A130833042</varequal></conditionvar><setvar action="Set">0.000000000</setvar><displayfeedback feedbacktype="Response" linkrefid="QUES_42756962_42761043_IF130833042" /></respcondition></resprocessing><itemfeedback ident="QUES_42756962_42761043_IF130833038"><material><mattext texttype="text/plain" /></material></itemfeedback><itemfeedback ident="QUES_42756962_42761043_IF130833039"><material><mattext texttype="text/plain" /></material></itemfeedback><itemfeedback ident="QUES_42756962_42761043_IF130833040"><material><mattext texttype="text/plain" /></material></itemfeedback><itemfeedback ident="QUES_42756962_42761043_IF130833041"><material><mattext texttype="text/plain" /></material></itemfeedback><itemfeedback ident="QUES_42756962_42761043_IF130833042"><material><mattext texttype="text/plain" /></material></itemfeedback></item><item ident="OBJ_1651156" label="QUES_42756963_42761044" d2l_2p0:page="1"><itemmetadata><qtimetadata><qti_metadatafield><fieldlabel>qmd_computerscored</fieldlabel><fieldentry>yes</fieldentry></qti_metadatafield><qti_metadatafield><fieldlabel>qmd_questiontype</fieldlabel><fieldentry>Multiple Choice</fieldentry></qti_metadatafield><qti_metadatafield><fieldlabel>qmd_weighting</fieldlabel><fieldentry>1.000000000</fieldentry></qti_metadatafield><qti_metadatafield><fieldlabel>qmd_globalid</fieldlabel><fieldentry>9e579ee0-7dbe-47b9-82aa-2eac6a6989a6</fieldentry></qti_metadatafield><qti_metadatafield><fieldlabel>qmd_displayid</fieldlabel><fieldentry>Sample Course-74162</fieldentry></qti_metadatafield></qtimetadata></itemmetadata><itemproc_extension><d2l_2p0:difficulty>3</d2l_2p0:difficulty><d2l_2p0:isbonus>no</d2l_2p0:isbonus><d2l_2p0:ismandatory>yes</d2l_2p0:ismandatory></itemproc_extension><presentation><flow><material><mattext texttype="text/html">&lt;!--RsQ_004--&gt;&lt;span style="font-family:'Arial';"&gt;The following graph of &lt;/span&gt;&lt;span style="font-family:'Arial'; color:#000000;"&gt;&lt;IMG src="ppg/respondus/FTOC_2_Pre_BB_Test/eq_0c9d55.gif" alt="equation" border=0 align="absmiddle"&gt;&lt;/span&gt;&lt;span style="font-family:'Arial';"&gt; over the interval [-1,4].&lt;br&gt;&lt;/span&gt;&lt;span style="font-family:'Arial'; color:#000000;"&gt;&lt;IMG src="ppg/respondus/FTOC_2_Pre_BB_Test/p4.png" alt="image" align="bottom" border=0&gt;&lt;/span&gt;&lt;span style="font-family:'Arial';"&gt;&lt;br&gt;Which of the following choices could be the corresponding graph of &lt;/span&gt;&lt;span style="font-family:'Arial'; color:#000000;"&gt;&lt;IMG src="ppg/respondus/FTOC_2_Pre_BB_Test/eq_0c9e14.gif" alt="equation" border=0 align="absmiddle"&gt;&lt;/span&gt;&lt;span style="font-family:'Arial';"&gt;: &lt;/span&gt;</mattext></material><response_extension><d2l_2p0:display_style>2</d2l_2p0:display_style><d2l_2p0:enumeration>6</d2l_2p0:enumeration><d2l_2p0:grading_type>0</d2l_2p0:grading_type></response_extension><response_lid ident="QUES_42756963_42761044_LID" rcardinality="Single"><render_choice shuffle="no"><flow_label class="Block"><response_label ident="QUES_42756963_42761044_A130833043"><flow_mat><material><mattext texttype="text/html">&lt;span style="font-family:'Arial';"&gt;&lt;IMG src="ppg/respondus/FTOC_2_Pre_BB_Test/p4a.png" alt="image" align="bottom" border=0&gt;&lt;/span&gt;</mattext></material></flow_mat></response_label></flow_label><flow_label class="Block"><response_label ident="QUES_42756963_42761044_A130833044"><flow_mat><material><mattext texttype="text/html">&lt;span style="font-family:'Arial';"&gt;&lt;IMG src="ppg/respondus/FTOC_2_Pre_BB_Test/p4b.png" alt="image" align="bottom" border=0&gt;&lt;/span&gt;</mattext></material></flow_mat></response_label></flow_label><flow_label class="Block"><response_label ident="QUES_42756963_42761044_A130833045"><flow_mat><material><mattext texttype="text/html">&lt;span style="font-family:'Arial';"&gt;&lt;IMG src="ppg/respondus/FTOC_2_Pre_BB_Test/p4c.png" alt="image" align="bottom" border=0&gt;&lt;/span&gt;</mattext></material></flow_mat></response_label></flow_label><flow_label class="Block"><response_label ident="QUES_42756963_42761044_A130833046"><flow_mat><material><mattext texttype="text/html">&lt;span style="font-family:'Arial';"&gt;&lt;IMG src="ppg/respondus/FTOC_2_Pre_BB_Test/p4d.png" alt="image" align="bottom" border=0&gt;&lt;/span&gt;</mattext></material></flow_mat></response_label></flow_label><flow_label class="Block"><response_label ident="QUES_42756963_42761044_A130833047"><flow_mat><material><mattext texttype="text/html">&lt;span style="font-family:'Arial';"&gt;&lt;IMG src="ppg/respondus/FTOC_2_Pre_BB_Test/p4e.png" alt="image" align="bottom" border=0&gt;&lt;/span&gt;</mattext></material></flow_mat></response_label></flow_label><flow_label class="Block"><response_label ident="QUES_42756963_42761044_A130833048"><flow_mat><material><mattext texttype="text/html">&lt;span style="font-family:'Arial';"&gt;&lt;IMG src="ppg/respondus/FTOC_2_Pre_BB_Test/p4f.png" alt="image" align="bottom" border=0&gt;&lt;/span&gt;</mattext></material></flow_mat></response_label></flow_label><flow_label class="Block"><response_label ident="QUES_42756963_42761044_A130833049"><flow_mat><material><mattext texttype="text/html">&lt;span style="font-family:'Arial';"&gt;&lt;IMG src="ppg/respondus/FTOC_2_Pre_BB_Test/p4g.png" alt="image" align="bottom" border=0&gt;&lt;/span&gt;</mattext></material></flow_mat></response_label></flow_label><flow_label class="Block"><response_label ident="QUES_42756963_42761044_A130833050"><flow_mat><material><mattext texttype="text/html">&lt;span style="font-family:'Arial';"&gt;&lt;IMG src="ppg/respondus/FTOC_2_Pre_BB_Test/p4h.png" alt="image" align="bottom" border=0&gt;&lt;/span&gt;</mattext></material></flow_mat></response_label></flow_label></render_choice></response_lid></flow></presentation><resprocessing><respcondition title="Response Condition 1"><conditionvar><varequal respident="QUES_42756963_42761044_LID">QUES_42756963_42761044_A130833043</varequal></conditionvar><setvar action="Set">0.000000000</setvar><displayfeedback feedbacktype="Response" linkrefid="QUES_42756963_42761044_IF130833043" /></respcondition><respcondition title="Response Condition 2"><conditionvar><varequal respident="QUES_42756963_42761044_LID">QUES_42756963_42761044_A130833044</varequal></conditionvar><setvar action="Set">0.000000000</setvar><displayfeedback feedbacktype="Response" linkrefid="QUES_42756963_42761044_IF130833044" /></respcondition><respcondition title="Response Condition 3"><conditionvar><varequal respident="QUES_42756963_42761044_LID">QUES_42756963_42761044_A130833045</varequal></conditionvar><setvar action="Set">0.000000000</setvar><displayfeedback feedbacktype="Response" linkrefid="QUES_42756963_42761044_IF130833045" /></respcondition><respcondition title="Response Condition 4"><conditionvar><varequal respident="QUES_42756963_42761044_LID">QUES_42756963_42761044_A130833046</varequal></conditionvar><setvar action="Set">0.000000000</setvar><displayfeedback feedbacktype="Response" linkrefid="QUES_42756963_42761044_IF130833046" /></respcondition><respcondition title="Response Condition 5"><conditionvar><varequal respident="QUES_42756963_42761044_LID">QUES_42756963_42761044_A130833047</varequal></conditionvar><setvar action="Set">100.000000000</setvar><displayfeedback feedbacktype="Response" linkrefid="QUES_42756963_42761044_IF130833047" /></respcondition><respcondition title="Response Condition 6"><conditionvar><varequal respident="QUES_42756963_42761044_LID">QUES_42756963_42761044_A130833048</varequal></conditionvar><setvar action="Set">0.000000000</setvar><displayfeedback feedbacktype="Response" linkrefid="QUES_42756963_42761044_IF130833048" /></respcondition><respcondition title="Response Condition 7"><conditionvar><varequal respident="QUES_42756963_42761044_LID">QUES_42756963_42761044_A130833049</varequal></conditionvar><setvar action="Set">0.000000000</setvar><displayfeedback feedbacktype="Response" linkrefid="QUES_42756963_42761044_IF130833049" /></respcondition><respcondition title="Response Condition 8"><conditionvar><varequal respident="QUES_42756963_42761044_LID">QUES_42756963_42761044_A130833050</varequal></conditionvar><setvar action="Set">0.000000000</setvar><displayfeedback feedbacktype="Response" linkrefid="QUES_42756963_42761044_IF130833050" /></respcondition></resprocessing><itemfeedback ident="QUES_42756963_42761044_IF130833043"><material><mattext texttype="text/plain" /></material></itemfeedback><itemfeedback ident="QUES_42756963_42761044_IF130833044"><material><mattext texttype="text/plain" /></material></itemfeedback><itemfeedback ident="QUES_42756963_42761044_IF130833045"><material><mattext texttype="text/plain" /></material></itemfeedback><itemfeedback ident="QUES_42756963_42761044_IF130833046"><material><mattext texttype="text/plain" /></material></itemfeedback><itemfeedback ident="QUES_42756963_42761044_IF130833047"><material><mattext texttype="text/plain" /></material></itemfeedback><itemfeedback ident="QUES_42756963_42761044_IF130833048"><material><mattext texttype="text/plain" /></material></itemfeedback><itemfeedback ident="QUES_42756963_42761044_IF130833049"><material><mattext texttype="text/plain" /></material></itemfeedback><itemfeedback ident="QUES_42756963_42761044_IF130833050"><material><mattext texttype="text/plain" /></material></itemfeedback></item></section></assessment></questestinterop>