﻿<?xml version="1.0" encoding="UTF-8"?><questestinterop xmlns:d2l_2p0="http://desire2learn.com/xsd/d2lcp_v2p0"><assessment d2l_2p0:id="454" title="Riemann Sums Notation PreVideo Questions" ident="res_quiz_122409" d2l_2p0:resource_code="ef9e56cc46d3486a98963923-134"><rubric><flow_mat><material><mattext d2l_2p0:isdisplayed="no" texttype="text/html" /></material></flow_mat></rubric><assessmentcontrol hintswitch="no" solutionswitch="yes" feedbackswitch="no" /><presentation_material><flow_mat><material label="page header"><mattext d2l_2p0:isdisplayed="no" texttype="text/html" /></material><material label="page footer"><mattext d2l_2p0:isdisplayed="no" texttype="text/html" /></material></flow_mat></presentation_material><assess_procextension><d2l_2p0:intro_message d2l_2p0:isdisplayed="yes" texttype="text/html">Respondus</d2l_2p0:intro_message><d2l_2p0:disable_right_click>no</d2l_2p0:disable_right_click><d2l_2p0:disable_pager_access>no</d2l_2p0:disable_pager_access><is_active>yes</is_active><d2l_2p0:date_start /><d2l_2p0:date_end /><d2l_2p0:date_due /><d2l_2p0:has_schedule_event>no</d2l_2p0:has_schedule_event><d2l_2p0:is_attempt_Rldb>no</d2l_2p0:is_attempt_Rldb><d2l_2p0:is_subview_Rldb>no</d2l_2p0:is_subview_Rldb><d2l_2p0:time_limit>120</d2l_2p0:time_limit><d2l_2p0:show_clock>yes</d2l_2p0:show_clock><d2l_2p0:enforce_time_limit>yes</d2l_2p0:enforce_time_limit><d2l_2p0:grace_period>5</d2l_2p0:grace_period><d2l_2p0:late_limit>0</d2l_2p0:late_limit><d2l_2p0:attempts_allowed>3</d2l_2p0:attempts_allowed><d2l_2p0:attempt_restrictions /><d2l_2p0:mark_calculation_type>1</d2l_2p0:mark_calculation_type><d2l_2p0:is_forward_only>no</d2l_2p0:is_forward_only></assess_procextension><assessfeedback title=""><rubric><flow_mat><material><mattext texttype="yes">Your quiz has been submitted successfully.</mattext></material></flow_mat></rubric><d2l_2p0:duration>0</d2l_2p0:duration><d2l_2p0:response_display_type_id>1</d2l_2p0:response_display_type_id><d2l_2p0:show_correct_answers>no</d2l_2p0:show_correct_answers><d2l_2p0:submission_restrictip>no</d2l_2p0:submission_restrictip><d2l_2p0:show_class_average>no</d2l_2p0:show_class_average><d2l_2p0:show_score_distribution>no</d2l_2p0:show_score_distribution></assessfeedback><section ident="CONTAINER_SECTION"><item ident="OBJ_1651168" label="QUES_42756975_42761056" d2l_2p0:page="1"><itemmetadata><qtimetadata><qti_metadatafield><fieldlabel>qmd_computerscored</fieldlabel><fieldentry>yes</fieldentry></qti_metadatafield><qti_metadatafield><fieldlabel>qmd_questiontype</fieldlabel><fieldentry>Multiple Choice</fieldentry></qti_metadatafield><qti_metadatafield><fieldlabel>qmd_weighting</fieldlabel><fieldentry>1.000000000</fieldentry></qti_metadatafield><qti_metadatafield><fieldlabel>qmd_globalid</fieldlabel><fieldentry>aa4777c5-8ea0-4f50-b433-5de35e4141a4</fieldentry></qti_metadatafield><qti_metadatafield><fieldlabel>qmd_displayid</fieldlabel><fieldentry>Sample Course-74174</fieldentry></qti_metadatafield></qtimetadata></itemmetadata><itemproc_extension><d2l_2p0:difficulty>3</d2l_2p0:difficulty><d2l_2p0:isbonus>no</d2l_2p0:isbonus><d2l_2p0:ismandatory>yes</d2l_2p0:ismandatory></itemproc_extension><presentation><flow><material><mattext texttype="text/html">&lt;!--RsQ_001--&gt;&lt;span style="font-family:'Arial';"&gt;Consider the function &lt;/span&gt;&lt;span style="font-family:'Arial'; color:#000000;"&gt;&lt;IMG src="ppg/respondus/Riemann_Sums_Notation_Pre_BB_Test/eq_07623e.gif" alt="equation" border=0 align="absmiddle"&gt;&lt;/span&gt;&lt;span style="font-family:'Arial';"&gt;. Which of the following is a correct expansion of the Riemann sum &lt;/span&gt;&lt;span style="font-family:'Arial'; color:#000000;"&gt;&lt;IMG src="ppg/respondus/Riemann_Sums_Notation_Pre_BB_Test/eq_076257.gif" alt="equation" border=0 align="absmiddle"&gt;&lt;/span&gt;&lt;span style="font-family:'Arial';"&gt; over the interval [6,8] using four subdivisions of equal length? &lt;/span&gt;</mattext></material><response_extension><d2l_2p0:display_style>2</d2l_2p0:display_style><d2l_2p0:enumeration>6</d2l_2p0:enumeration><d2l_2p0:grading_type>0</d2l_2p0:grading_type></response_extension><response_lid ident="QUES_42756975_42761056_LID" rcardinality="Single"><render_choice shuffle="no"><flow_label class="Block"><response_label ident="QUES_42756975_42761056_A130833110"><flow_mat><material><mattext texttype="text/html">&lt;span style="font-family:'Arial';"&gt;&lt;IMG src="ppg/respondus/Riemann_Sums_Notation_Pre_BB_Test/eq_076277.gif" alt="equation" border=0 align="absmiddle"&gt;&lt;/span&gt;</mattext></material></flow_mat></response_label></flow_label><flow_label class="Block"><response_label ident="QUES_42756975_42761056_A130833111"><flow_mat><material><mattext texttype="text/html">&lt;span style="font-family:'Arial';"&gt;&lt;IMG src="ppg/respondus/Riemann_Sums_Notation_Pre_BB_Test/eq_0762cf.gif" alt="equation" border=0 align="absmiddle"&gt;&lt;/span&gt;</mattext></material></flow_mat></response_label></flow_label><flow_label class="Block"><response_label ident="QUES_42756975_42761056_A130833112"><flow_mat><material><mattext texttype="text/html">&lt;span style="font-family:'Arial';"&gt;&lt;IMG src="ppg/respondus/Riemann_Sums_Notation_Pre_BB_Test/eq_0762f6.gif" alt="equation" border=0 align="absmiddle"&gt;&lt;/span&gt;</mattext></material></flow_mat></response_label></flow_label><flow_label class="Block"><response_label ident="QUES_42756975_42761056_A130833113"><flow_mat><material><mattext texttype="text/html">&lt;span style="font-family:'Arial';"&gt;Both a. and b. are correct.&lt;/span&gt;</mattext></material></flow_mat></response_label></flow_label><flow_label class="Block"><response_label ident="QUES_42756975_42761056_A130833114"><flow_mat><material><mattext texttype="text/html">&lt;span style="font-family:'Arial';"&gt;a., b. and c. are all correct.&lt;/span&gt;</mattext></material></flow_mat></response_label></flow_label><flow_label class="Block"><response_label ident="QUES_42756975_42761056_A130833115"><flow_mat><material><mattext texttype="text/html">&lt;span style="font-family:'Arial';"&gt;At least one of a., b. and c. is correct IF you remove the repeating &lt;/span&gt;&lt;span style="font-family:'Arial';"&gt;&lt;IMG src="ppg/respondus/Riemann_Sums_Notation_Pre_BB_Test/eq_076335.gif" alt="equation" border=0 align="absmiddle"&gt;&lt;/span&gt;</mattext></material></flow_mat></response_label></flow_label><flow_label class="Block"><response_label ident="QUES_42756975_42761056_A130833116"><flow_mat><material><mattext texttype="text/html">&lt;span style="font-family:'Arial';"&gt;None of the above&lt;/span&gt;</mattext></material></flow_mat></response_label></flow_label></render_choice></response_lid></flow></presentation><resprocessing><respcondition title="Response Condition 1"><conditionvar><varequal respident="QUES_42756975_42761056_LID">QUES_42756975_42761056_A130833110</varequal></conditionvar><setvar action="Set">0.000000000</setvar><displayfeedback feedbacktype="Response" linkrefid="QUES_42756975_42761056_IF130833110" /></respcondition><respcondition title="Response Condition 2"><conditionvar><varequal respident="QUES_42756975_42761056_LID">QUES_42756975_42761056_A130833111</varequal></conditionvar><setvar action="Set">0.000000000</setvar><displayfeedback feedbacktype="Response" linkrefid="QUES_42756975_42761056_IF130833111" /></respcondition><respcondition title="Response Condition 3"><conditionvar><varequal respident="QUES_42756975_42761056_LID">QUES_42756975_42761056_A130833112</varequal></conditionvar><setvar action="Set">0.000000000</setvar><displayfeedback feedbacktype="Response" linkrefid="QUES_42756975_42761056_IF130833112" /></respcondition><respcondition title="Response Condition 4"><conditionvar><varequal respident="QUES_42756975_42761056_LID">QUES_42756975_42761056_A130833113</varequal></conditionvar><setvar action="Set">100.000000000</setvar><displayfeedback feedbacktype="Response" linkrefid="QUES_42756975_42761056_IF130833113" /></respcondition><respcondition title="Response Condition 5"><conditionvar><varequal respident="QUES_42756975_42761056_LID">QUES_42756975_42761056_A130833114</varequal></conditionvar><setvar action="Set">0.000000000</setvar><displayfeedback feedbacktype="Response" linkrefid="QUES_42756975_42761056_IF130833114" /></respcondition><respcondition title="Response Condition 6"><conditionvar><varequal respident="QUES_42756975_42761056_LID">QUES_42756975_42761056_A130833115</varequal></conditionvar><setvar action="Set">0.000000000</setvar><displayfeedback feedbacktype="Response" linkrefid="QUES_42756975_42761056_IF130833115" /></respcondition><respcondition title="Response Condition 7"><conditionvar><varequal respident="QUES_42756975_42761056_LID">QUES_42756975_42761056_A130833116</varequal></conditionvar><setvar action="Set">0.000000000</setvar><displayfeedback feedbacktype="Response" linkrefid="QUES_42756975_42761056_IF130833116" /></respcondition></resprocessing><itemfeedback ident="QUES_42756975_42761056_IF130833110"><material><mattext texttype="text/plain" /></material></itemfeedback><itemfeedback ident="QUES_42756975_42761056_IF130833111"><material><mattext texttype="text/plain" /></material></itemfeedback><itemfeedback ident="QUES_42756975_42761056_IF130833112"><material><mattext texttype="text/plain" /></material></itemfeedback><itemfeedback ident="QUES_42756975_42761056_IF130833113"><material><mattext texttype="text/plain" /></material></itemfeedback><itemfeedback ident="QUES_42756975_42761056_IF130833114"><material><mattext texttype="text/plain" /></material></itemfeedback><itemfeedback ident="QUES_42756975_42761056_IF130833115"><material><mattext texttype="text/plain" /></material></itemfeedback><itemfeedback ident="QUES_42756975_42761056_IF130833116"><material><mattext texttype="text/plain" /></material></itemfeedback></item><item ident="OBJ_1651169" label="QUES_42756976_42761057" d2l_2p0:page="1"><itemmetadata><qtimetadata><qti_metadatafield><fieldlabel>qmd_computerscored</fieldlabel><fieldentry>yes</fieldentry></qti_metadatafield><qti_metadatafield><fieldlabel>qmd_questiontype</fieldlabel><fieldentry>Multiple Choice</fieldentry></qti_metadatafield><qti_metadatafield><fieldlabel>qmd_weighting</fieldlabel><fieldentry>1.000000000</fieldentry></qti_metadatafield><qti_metadatafield><fieldlabel>qmd_globalid</fieldlabel><fieldentry>109109b2-85f8-443a-ae6e-d2bf79e0a7e3</fieldentry></qti_metadatafield><qti_metadatafield><fieldlabel>qmd_displayid</fieldlabel><fieldentry>Sample Course-74175</fieldentry></qti_metadatafield></qtimetadata></itemmetadata><itemproc_extension><d2l_2p0:difficulty>3</d2l_2p0:difficulty><d2l_2p0:isbonus>no</d2l_2p0:isbonus><d2l_2p0:ismandatory>yes</d2l_2p0:ismandatory></itemproc_extension><presentation><flow><material><mattext texttype="text/html">&lt;!--RsQ_002--&gt;&lt;span style="font-family:'Arial';"&gt;Which notation best represents the left Riemann sum for the function &lt;/span&gt;&lt;span style="font-family:'Arial'; color:#000000;"&gt;&lt;IMG src="ppg/respondus/Riemann_Sums_Notation_Pre_BB_Test/eq_076375.gif" alt="equation" border=0 align="absmiddle"&gt;&lt;/span&gt;&lt;span style="font-family:'Arial';"&gt; over the interval [2,4] using four subdivisions of equal length &lt;/span&gt;&lt;span style="font-family:'Arial'; color:#000000;"&gt;&lt;IMG src="ppg/respondus/Riemann_Sums_Notation_Pre_BB_Test/eq_076487.gif" alt="equation" border=0 align="absmiddle"&gt;&lt;/span&gt;&lt;span style="font-family:'Arial';"&gt; where &lt;/span&gt;&lt;span style="font-family:'Arial'; color:#000000;"&gt;&lt;IMG src="ppg/respondus/Riemann_Sums_Notation_Pre_BB_Test/eq_076492.gif" alt="equation" border=0 align="absmiddle"&gt;&lt;/span&gt;&lt;span style="font-family:'Arial';"&gt; and so on? &lt;/span&gt;</mattext></material><response_extension><d2l_2p0:display_style>2</d2l_2p0:display_style><d2l_2p0:enumeration>6</d2l_2p0:enumeration><d2l_2p0:grading_type>0</d2l_2p0:grading_type></response_extension><response_lid ident="QUES_42756976_42761057_LID" rcardinality="Single"><render_choice shuffle="no"><flow_label class="Block"><response_label ident="QUES_42756976_42761057_A130833117"><flow_mat><material><mattext texttype="text/html">&lt;span style="font-family:'Arial';"&gt;&lt;IMG src="ppg/respondus/Riemann_Sums_Notation_Pre_BB_Test/eq_0764a9.gif" alt="equation" border=0 align="absmiddle"&gt;&lt;/span&gt;</mattext></material></flow_mat></response_label></flow_label><flow_label class="Block"><response_label ident="QUES_42756976_42761057_A130833118"><flow_mat><material><mattext texttype="text/html">&lt;span style="font-family:'Arial';"&gt;&lt;IMG src="ppg/respondus/Riemann_Sums_Notation_Pre_BB_Test/eq_07652f.gif" alt="equation" border=0 align="absmiddle"&gt;&lt;/span&gt;</mattext></material></flow_mat></response_label></flow_label><flow_label class="Block"><response_label ident="QUES_42756976_42761057_A130833119"><flow_mat><material><mattext texttype="text/html">&lt;span style="font-family:'Arial';"&gt;&lt;IMG src="ppg/respondus/Riemann_Sums_Notation_Pre_BB_Test/eq_076540.gif" alt="equation" border=0 align="absmiddle"&gt;&lt;/span&gt;</mattext></material></flow_mat></response_label></flow_label><flow_label class="Block"><response_label ident="QUES_42756976_42761057_A130833120"><flow_mat><material><mattext texttype="text/html">&lt;span style="font-family:'Arial';"&gt;&lt;IMG src="ppg/respondus/Riemann_Sums_Notation_Pre_BB_Test/eq_076549.gif" alt="equation" border=0 align="absmiddle"&gt;&lt;/span&gt;</mattext></material></flow_mat></response_label></flow_label><flow_label class="Block"><response_label ident="QUES_42756976_42761057_A130833121"><flow_mat><material><mattext texttype="text/html">&lt;span style="font-family:'Arial';"&gt;None of the above&lt;/span&gt;</mattext></material></flow_mat></response_label></flow_label></render_choice></response_lid></flow></presentation><resprocessing><respcondition title="Response Condition 1"><conditionvar><varequal respident="QUES_42756976_42761057_LID">QUES_42756976_42761057_A130833117</varequal></conditionvar><setvar action="Set">0.000000000</setvar><displayfeedback feedbacktype="Response" linkrefid="QUES_42756976_42761057_IF130833117" /></respcondition><respcondition title="Response Condition 2"><conditionvar><varequal respident="QUES_42756976_42761057_LID">QUES_42756976_42761057_A130833118</varequal></conditionvar><setvar action="Set">0.000000000</setvar><displayfeedback feedbacktype="Response" linkrefid="QUES_42756976_42761057_IF130833118" /></respcondition><respcondition title="Response Condition 3"><conditionvar><varequal respident="QUES_42756976_42761057_LID">QUES_42756976_42761057_A130833119</varequal></conditionvar><setvar action="Set">100.000000000</setvar><displayfeedback feedbacktype="Response" linkrefid="QUES_42756976_42761057_IF130833119" /></respcondition><respcondition title="Response Condition 4"><conditionvar><varequal respident="QUES_42756976_42761057_LID">QUES_42756976_42761057_A130833120</varequal></conditionvar><setvar action="Set">0.000000000</setvar><displayfeedback feedbacktype="Response" linkrefid="QUES_42756976_42761057_IF130833120" /></respcondition><respcondition title="Response Condition 5"><conditionvar><varequal respident="QUES_42756976_42761057_LID">QUES_42756976_42761057_A130833121</varequal></conditionvar><setvar action="Set">0.000000000</setvar><displayfeedback feedbacktype="Response" linkrefid="QUES_42756976_42761057_IF130833121" /></respcondition></resprocessing><itemfeedback ident="QUES_42756976_42761057_IF130833117"><material><mattext texttype="text/plain" /></material></itemfeedback><itemfeedback ident="QUES_42756976_42761057_IF130833118"><material><mattext texttype="text/plain" /></material></itemfeedback><itemfeedback ident="QUES_42756976_42761057_IF130833119"><material><mattext texttype="text/plain" /></material></itemfeedback><itemfeedback ident="QUES_42756976_42761057_IF130833120"><material><mattext texttype="text/plain" /></material></itemfeedback><itemfeedback ident="QUES_42756976_42761057_IF130833121"><material><mattext texttype="text/plain" /></material></itemfeedback></item><item ident="OBJ_1651170" label="QUES_42756977_42761058" d2l_2p0:page="1"><itemmetadata><qtimetadata><qti_metadatafield><fieldlabel>qmd_computerscored</fieldlabel><fieldentry>yes</fieldentry></qti_metadatafield><qti_metadatafield><fieldlabel>qmd_questiontype</fieldlabel><fieldentry>Multiple Choice</fieldentry></qti_metadatafield><qti_metadatafield><fieldlabel>qmd_weighting</fieldlabel><fieldentry>1.000000000</fieldentry></qti_metadatafield><qti_metadatafield><fieldlabel>qmd_globalid</fieldlabel><fieldentry>292a18e6-4fc4-4db6-a83c-6832da73c027</fieldentry></qti_metadatafield><qti_metadatafield><fieldlabel>qmd_displayid</fieldlabel><fieldentry>Sample Course-74176</fieldentry></qti_metadatafield></qtimetadata></itemmetadata><itemproc_extension><d2l_2p0:difficulty>3</d2l_2p0:difficulty><d2l_2p0:isbonus>no</d2l_2p0:isbonus><d2l_2p0:ismandatory>yes</d2l_2p0:ismandatory></itemproc_extension><presentation><flow><material><mattext texttype="text/html">&lt;!--RsQ_003--&gt;&lt;span style="font-family:'Arial';"&gt;Suppose that &lt;/span&gt;&lt;span style="font-family:'Arial'; color:#000000;"&gt;&lt;IMG src="ppg/respondus/Riemann_Sums_Notation_Pre_BB_Test/eq_0765e5.gif" alt="equation" border=0 align="absmiddle"&gt;&lt;/span&gt;&lt;span style="font-family:'Arial';"&gt;. what is the value of &lt;/span&gt;&lt;span style="font-family:'Arial'; color:#000000;"&gt;&lt;IMG src="ppg/respondus/Riemann_Sums_Notation_Pre_BB_Test/eq_0765f4.gif" alt="equation" border=0 align="absmiddle"&gt;&lt;/span&gt;&lt;span style="font-family:'Arial';"&gt; over the interval [1,7] using three subdivisions of equal length &lt;/span&gt;&lt;span style="font-family:'Arial'; color:#000000;"&gt;&lt;IMG src="ppg/respondus/Riemann_Sums_Notation_Pre_BB_Test/eq_076623.gif" alt="equation" border=0 align="absmiddle"&gt;&lt;/span&gt;&lt;span style="font-family:'Arial';"&gt; where &lt;/span&gt;&lt;span style="font-family:'Arial'; color:#000000;"&gt;&lt;IMG src="ppg/respondus/Riemann_Sums_Notation_Pre_BB_Test/eq_07662a.gif" alt="equation" border=0 align="absmiddle"&gt;&lt;/span&gt;&lt;span style="font-family:'Arial';"&gt; and so on? &lt;/span&gt;</mattext></material><response_extension><d2l_2p0:display_style>2</d2l_2p0:display_style><d2l_2p0:enumeration>6</d2l_2p0:enumeration><d2l_2p0:grading_type>0</d2l_2p0:grading_type></response_extension><response_lid ident="QUES_42756977_42761058_LID" rcardinality="Single"><render_choice shuffle="no"><flow_label class="Block"><response_label ident="QUES_42756977_42761058_A130833122"><flow_mat><material><mattext texttype="text/html">&lt;span style="font-family:'Arial';"&gt;18&lt;/span&gt;</mattext></material></flow_mat></response_label></flow_label><flow_label class="Block"><response_label ident="QUES_42756977_42761058_A130833123"><flow_mat><material><mattext texttype="text/html">&lt;span style="font-family:'Arial';"&gt;30&lt;/span&gt;</mattext></material></flow_mat></response_label></flow_label><flow_label class="Block"><response_label ident="QUES_42756977_42761058_A130833124"><flow_mat><material><mattext texttype="text/html">&lt;span style="font-family:'Arial';"&gt;32&lt;/span&gt;</mattext></material></flow_mat></response_label></flow_label><flow_label class="Block"><response_label ident="QUES_42756977_42761058_A130833125"><flow_mat><material><mattext texttype="text/html">&lt;span style="font-family:'Arial';"&gt;96&lt;/span&gt;</mattext></material></flow_mat></response_label></flow_label><flow_label class="Block"><response_label ident="QUES_42756977_42761058_A130833126"><flow_mat><material><mattext texttype="text/html">&lt;span style="font-family:'Arial';"&gt;126&lt;/span&gt;</mattext></material></flow_mat></response_label></flow_label><flow_label class="Block"><response_label ident="QUES_42756977_42761058_A130833127"><flow_mat><material><mattext texttype="text/html">&lt;span style="font-family:'Arial';"&gt;both a. and b. are correct.&lt;/span&gt;</mattext></material></flow_mat></response_label></flow_label><flow_label class="Block"><response_label ident="QUES_42756977_42761058_A130833128"><flow_mat><material><mattext texttype="text/html">&lt;span style="font-family:'Arial';"&gt;a., b. and c. are all correct. &lt;/span&gt;</mattext></material></flow_mat></response_label></flow_label><flow_label class="Block"><response_label ident="QUES_42756977_42761058_A130833129"><flow_mat><material><mattext texttype="text/html">&lt;span style="font-family:'Arial';"&gt;At least one of a., b. and c. is correct IF you remove the repeating &lt;/span&gt;&lt;span style="font-family:'Arial';"&gt;&lt;IMG src="ppg/respondus/Riemann_Sums_Notation_Pre_BB_Test/eq_076c4b.gif" alt="equation" border=0 align="absmiddle"&gt;&lt;/span&gt;</mattext></material></flow_mat></response_label></flow_label><flow_label class="Block"><response_label ident="QUES_42756977_42761058_A130833130"><flow_mat><material><mattext texttype="text/html">&lt;span style="font-family:'Arial';"&gt;None of the above&lt;/span&gt;</mattext></material></flow_mat></response_label></flow_label></render_choice></response_lid></flow></presentation><resprocessing><respcondition title="Response Condition 1"><conditionvar><varequal respident="QUES_42756977_42761058_LID">QUES_42756977_42761058_A130833122</varequal></conditionvar><setvar action="Set">0.000000000</setvar><displayfeedback feedbacktype="Response" linkrefid="QUES_42756977_42761058_IF130833122" /></respcondition><respcondition title="Response Condition 2"><conditionvar><varequal respident="QUES_42756977_42761058_LID">QUES_42756977_42761058_A130833123</varequal></conditionvar><setvar action="Set">0.000000000</setvar><displayfeedback feedbacktype="Response" linkrefid="QUES_42756977_42761058_IF130833123" /></respcondition><respcondition title="Response Condition 3"><conditionvar><varequal respident="QUES_42756977_42761058_LID">QUES_42756977_42761058_A130833124</varequal></conditionvar><setvar action="Set">0.000000000</setvar><displayfeedback feedbacktype="Response" linkrefid="QUES_42756977_42761058_IF130833124" /></respcondition><respcondition title="Response Condition 4"><conditionvar><varequal respident="QUES_42756977_42761058_LID">QUES_42756977_42761058_A130833125</varequal></conditionvar><setvar action="Set">0.000000000</setvar><displayfeedback feedbacktype="Response" linkrefid="QUES_42756977_42761058_IF130833125" /></respcondition><respcondition title="Response Condition 5"><conditionvar><varequal respident="QUES_42756977_42761058_LID">QUES_42756977_42761058_A130833126</varequal></conditionvar><setvar action="Set">0.000000000</setvar><displayfeedback feedbacktype="Response" linkrefid="QUES_42756977_42761058_IF130833126" /></respcondition><respcondition title="Response Condition 6"><conditionvar><varequal respident="QUES_42756977_42761058_LID">QUES_42756977_42761058_A130833127</varequal></conditionvar><setvar action="Set">100.000000000</setvar><displayfeedback feedbacktype="Response" linkrefid="QUES_42756977_42761058_IF130833127" /></respcondition><respcondition title="Response Condition 7"><conditionvar><varequal respident="QUES_42756977_42761058_LID">QUES_42756977_42761058_A130833128</varequal></conditionvar><setvar action="Set">0.000000000</setvar><displayfeedback feedbacktype="Response" linkrefid="QUES_42756977_42761058_IF130833128" /></respcondition><respcondition title="Response Condition 8"><conditionvar><varequal respident="QUES_42756977_42761058_LID">QUES_42756977_42761058_A130833129</varequal></conditionvar><setvar action="Set">0.000000000</setvar><displayfeedback feedbacktype="Response" linkrefid="QUES_42756977_42761058_IF130833129" /></respcondition><respcondition title="Response Condition 9"><conditionvar><varequal respident="QUES_42756977_42761058_LID">QUES_42756977_42761058_A130833130</varequal></conditionvar><setvar action="Set">0.000000000</setvar><displayfeedback feedbacktype="Response" linkrefid="QUES_42756977_42761058_IF130833130" /></respcondition></resprocessing><itemfeedback ident="QUES_42756977_42761058_IF130833122"><material><mattext texttype="text/plain" /></material></itemfeedback><itemfeedback ident="QUES_42756977_42761058_IF130833123"><material><mattext texttype="text/plain" /></material></itemfeedback><itemfeedback ident="QUES_42756977_42761058_IF130833124"><material><mattext texttype="text/plain" /></material></itemfeedback><itemfeedback ident="QUES_42756977_42761058_IF130833125"><material><mattext texttype="text/plain" /></material></itemfeedback><itemfeedback ident="QUES_42756977_42761058_IF130833126"><material><mattext texttype="text/plain" /></material></itemfeedback><itemfeedback ident="QUES_42756977_42761058_IF130833127"><material><mattext texttype="text/plain" /></material></itemfeedback><itemfeedback ident="QUES_42756977_42761058_IF130833128"><material><mattext texttype="text/plain" /></material></itemfeedback><itemfeedback ident="QUES_42756977_42761058_IF130833129"><material><mattext texttype="text/plain" /></material></itemfeedback><itemfeedback ident="QUES_42756977_42761058_IF130833130"><material><mattext texttype="text/plain" /></material></itemfeedback></item></section></assessment></questestinterop>