﻿<?xml version="1.0" encoding="UTF-8"?><questestinterop xmlns:d2l_2p0="http://desire2learn.com/xsd/d2lcp_v2p0"><assessment d2l_2p0:id="430" title="Approximating Instantaneous Rates of Change Task" ident="res_quiz_122385" d2l_2p0:resource_code="ef9e56cc46d3486a98963923-110"><rubric><flow_mat><material><mattext d2l_2p0:isdisplayed="no" texttype="text/html" /></material></flow_mat></rubric><assessmentcontrol hintswitch="no" solutionswitch="yes" feedbackswitch="no" /><presentation_material><flow_mat><material label="page header"><mattext d2l_2p0:isdisplayed="no" texttype="text/html" /></material><material label="page footer"><mattext d2l_2p0:isdisplayed="no" texttype="text/html" /></material></flow_mat></presentation_material><assess_procextension><d2l_2p0:intro_message d2l_2p0:isdisplayed="yes" texttype="text/html">Respondus</d2l_2p0:intro_message><d2l_2p0:disable_right_click>no</d2l_2p0:disable_right_click><d2l_2p0:disable_pager_access>no</d2l_2p0:disable_pager_access><is_active>yes</is_active><d2l_2p0:date_start /><d2l_2p0:date_end /><d2l_2p0:date_due /><d2l_2p0:has_schedule_event>no</d2l_2p0:has_schedule_event><d2l_2p0:is_attempt_Rldb>no</d2l_2p0:is_attempt_Rldb><d2l_2p0:is_subview_Rldb>no</d2l_2p0:is_subview_Rldb><d2l_2p0:time_limit>120</d2l_2p0:time_limit><d2l_2p0:show_clock>yes</d2l_2p0:show_clock><d2l_2p0:enforce_time_limit>yes</d2l_2p0:enforce_time_limit><d2l_2p0:grace_period>5</d2l_2p0:grace_period><d2l_2p0:late_limit>0</d2l_2p0:late_limit><d2l_2p0:attempts_allowed>3</d2l_2p0:attempts_allowed><d2l_2p0:attempt_restrictions /><d2l_2p0:mark_calculation_type>1</d2l_2p0:mark_calculation_type><d2l_2p0:is_forward_only>no</d2l_2p0:is_forward_only></assess_procextension><assessfeedback title=""><rubric><flow_mat><material><mattext texttype="yes">Your quiz has been submitted successfully.</mattext></material></flow_mat></rubric><d2l_2p0:duration>0</d2l_2p0:duration><d2l_2p0:response_display_type_id>1</d2l_2p0:response_display_type_id><d2l_2p0:show_correct_answers>no</d2l_2p0:show_correct_answers><d2l_2p0:submission_restrictip>no</d2l_2p0:submission_restrictip><d2l_2p0:show_class_average>no</d2l_2p0:show_class_average><d2l_2p0:show_score_distribution>no</d2l_2p0:show_score_distribution></assessfeedback><section ident="CONTAINER_SECTION"><item ident="OBJ_1651119" label="QUES_42756926_42761007" d2l_2p0:page="1"><itemmetadata><qtimetadata><qti_metadatafield><fieldlabel>qmd_computerscored</fieldlabel><fieldentry>yes</fieldentry></qti_metadatafield><qti_metadatafield><fieldlabel>qmd_questiontype</fieldlabel><fieldentry>Multiple Choice</fieldentry></qti_metadatafield><qti_metadatafield><fieldlabel>qmd_weighting</fieldlabel><fieldentry>1.000000000</fieldentry></qti_metadatafield><qti_metadatafield><fieldlabel>qmd_globalid</fieldlabel><fieldentry>9aeaf16e-bdb9-4dec-897a-1a81193ed6be</fieldentry></qti_metadatafield><qti_metadatafield><fieldlabel>qmd_displayid</fieldlabel><fieldentry>Sample Course-74125</fieldentry></qti_metadatafield></qtimetadata></itemmetadata><itemproc_extension><d2l_2p0:difficulty>3</d2l_2p0:difficulty><d2l_2p0:isbonus>no</d2l_2p0:isbonus><d2l_2p0:ismandatory>yes</d2l_2p0:ismandatory></itemproc_extension><presentation><flow><material><mattext texttype="text/html">&lt;!--RsQ_001--&gt;&lt;span style="font-family:'Arial';"&gt;Below is a picture of a baseball player trying to hit a baseball.&lt;br&gt;&lt;/span&gt;&lt;span style="font-family:'Arial'; color:#000000;"&gt;&lt;IMG src="ppg/respondus/Approximating_Inst_Rates_of_Chagne_Task_BB_Test/inbatter.jpg" alt="image" align="bottom" border=0&gt;&lt;/span&gt;&lt;span style="font-family:'Arial';"&gt;&lt;br&gt;A typical pitch travels from the pitcher's mound to home plate in 0.4 seconds.&lt;br&gt;In a standard baseball diamond, the distance from the pitcher's mound to home plate is 60.5 feet.&lt;br&gt;At the moment the photo was taken, how fast was the baseball traveleing? &lt;/span&gt;</mattext></material><response_extension><d2l_2p0:display_style>2</d2l_2p0:display_style><d2l_2p0:enumeration>6</d2l_2p0:enumeration><d2l_2p0:grading_type>0</d2l_2p0:grading_type></response_extension><response_lid ident="QUES_42756926_42761007_LID" rcardinality="Single"><render_choice shuffle="no"><flow_label class="Block"><response_label ident="QUES_42756926_42761007_A130832832"><flow_mat><material><mattext texttype="text/html">&lt;span style="font-family:'Arial';"&gt;60.5 feet divided by 0.4 seconds (151.25 feet per second)&lt;/span&gt;</mattext></material></flow_mat></response_label></flow_label><flow_label class="Block"><response_label ident="QUES_42756926_42761007_A130832833"><flow_mat><material><mattext texttype="text/html">&lt;span style="font-family:'Arial';"&gt;Less than 151.25 feet per second&lt;/span&gt;</mattext></material></flow_mat></response_label></flow_label><flow_label class="Block"><response_label ident="QUES_42756926_42761007_A130832834"><flow_mat><material><mattext texttype="text/html">&lt;span style="font-family:'Arial';"&gt;Greater than 151.25 feet per second&lt;/span&gt;</mattext></material></flow_mat></response_label></flow_label><flow_label class="Block"><response_label ident="QUES_42756926_42761007_A130832835"><flow_mat><material><mattext texttype="text/html">&lt;span style="font-family:'Arial';"&gt;You can't tell without more information&lt;/span&gt;</mattext></material></flow_mat></response_label></flow_label><flow_label class="Block"><response_label ident="QUES_42756926_42761007_A130832836"><flow_mat><material><mattext texttype="text/html">&lt;span style="font-family:'Arial';"&gt;The ball isnt moving the photo, so technically it has no speed&lt;/span&gt;</mattext></material></flow_mat></response_label></flow_label></render_choice></response_lid></flow></presentation><resprocessing><respcondition title="Response Condition 1"><conditionvar><varequal respident="QUES_42756926_42761007_LID">QUES_42756926_42761007_A130832832</varequal></conditionvar><setvar action="Set">0.000000000</setvar><displayfeedback feedbacktype="Response" linkrefid="QUES_42756926_42761007_IF130832832" /></respcondition><respcondition title="Response Condition 2"><conditionvar><varequal respident="QUES_42756926_42761007_LID">QUES_42756926_42761007_A130832833</varequal></conditionvar><setvar action="Set">100.000000000</setvar><displayfeedback feedbacktype="Response" linkrefid="QUES_42756926_42761007_IF130832833" /></respcondition><respcondition title="Response Condition 3"><conditionvar><varequal respident="QUES_42756926_42761007_LID">QUES_42756926_42761007_A130832834</varequal></conditionvar><setvar action="Set">0.000000000</setvar><displayfeedback feedbacktype="Response" linkrefid="QUES_42756926_42761007_IF130832834" /></respcondition><respcondition title="Response Condition 4"><conditionvar><varequal respident="QUES_42756926_42761007_LID">QUES_42756926_42761007_A130832835</varequal></conditionvar><setvar action="Set">0.000000000</setvar><displayfeedback feedbacktype="Response" linkrefid="QUES_42756926_42761007_IF130832835" /></respcondition><respcondition title="Response Condition 5"><conditionvar><varequal respident="QUES_42756926_42761007_LID">QUES_42756926_42761007_A130832836</varequal></conditionvar><setvar action="Set">0.000000000</setvar><displayfeedback feedbacktype="Response" linkrefid="QUES_42756926_42761007_IF130832836" /></respcondition></resprocessing><itemfeedback ident="QUES_42756926_42761007_IF130832832"><material><mattext texttype="text/plain" /></material></itemfeedback><itemfeedback ident="QUES_42756926_42761007_IF130832833"><material><mattext texttype="text/plain" /></material></itemfeedback><itemfeedback ident="QUES_42756926_42761007_IF130832834"><material><mattext texttype="text/plain" /></material></itemfeedback><itemfeedback ident="QUES_42756926_42761007_IF130832835"><material><mattext texttype="text/plain" /></material></itemfeedback><itemfeedback ident="QUES_42756926_42761007_IF130832836"><material><mattext texttype="text/plain" /></material></itemfeedback></item></section></assessment></questestinterop>