﻿<?xml version="1.0" encoding="UTF-8"?><questestinterop xmlns:d2l_2p0="http://desire2learn.com/xsd/d2lcp_v2p0"><assessment d2l_2p0:id="434" title="Average Rate of Change PreVideo Questions" ident="res_quiz_122389" d2l_2p0:resource_code="ef9e56cc46d3486a98963923-114"><rubric><flow_mat><material><mattext d2l_2p0:isdisplayed="no" texttype="text/html" /></material></flow_mat></rubric><assessmentcontrol hintswitch="no" solutionswitch="yes" feedbackswitch="no" /><presentation_material><flow_mat><material label="page header"><mattext d2l_2p0:isdisplayed="no" texttype="text/html" /></material><material label="page footer"><mattext d2l_2p0:isdisplayed="no" texttype="text/html" /></material></flow_mat></presentation_material><assess_procextension><d2l_2p0:intro_message d2l_2p0:isdisplayed="yes" texttype="text/html">Respondus</d2l_2p0:intro_message><d2l_2p0:disable_right_click>no</d2l_2p0:disable_right_click><d2l_2p0:disable_pager_access>no</d2l_2p0:disable_pager_access><is_active>yes</is_active><d2l_2p0:date_start /><d2l_2p0:date_end /><d2l_2p0:date_due /><d2l_2p0:has_schedule_event>no</d2l_2p0:has_schedule_event><d2l_2p0:is_attempt_Rldb>no</d2l_2p0:is_attempt_Rldb><d2l_2p0:is_subview_Rldb>no</d2l_2p0:is_subview_Rldb><d2l_2p0:time_limit>120</d2l_2p0:time_limit><d2l_2p0:show_clock>yes</d2l_2p0:show_clock><d2l_2p0:enforce_time_limit>yes</d2l_2p0:enforce_time_limit><d2l_2p0:grace_period>5</d2l_2p0:grace_period><d2l_2p0:late_limit>0</d2l_2p0:late_limit><d2l_2p0:attempts_allowed>3</d2l_2p0:attempts_allowed><d2l_2p0:attempt_restrictions /><d2l_2p0:mark_calculation_type>1</d2l_2p0:mark_calculation_type><d2l_2p0:is_forward_only>no</d2l_2p0:is_forward_only></assess_procextension><assessfeedback title=""><rubric><flow_mat><material><mattext texttype="yes">Your quiz has been submitted successfully.</mattext></material></flow_mat></rubric><d2l_2p0:duration>0</d2l_2p0:duration><d2l_2p0:response_display_type_id>1</d2l_2p0:response_display_type_id><d2l_2p0:show_correct_answers>no</d2l_2p0:show_correct_answers><d2l_2p0:submission_restrictip>no</d2l_2p0:submission_restrictip><d2l_2p0:show_class_average>no</d2l_2p0:show_class_average><d2l_2p0:show_score_distribution>no</d2l_2p0:show_score_distribution></assessfeedback><section ident="CONTAINER_SECTION"><item ident="OBJ_1651128" label="QUES_42756935_42761016" d2l_2p0:page="1"><itemmetadata><qtimetadata><qti_metadatafield><fieldlabel>qmd_computerscored</fieldlabel><fieldentry>yes</fieldentry></qti_metadatafield><qti_metadatafield><fieldlabel>qmd_questiontype</fieldlabel><fieldentry>Multiple Choice</fieldentry></qti_metadatafield><qti_metadatafield><fieldlabel>qmd_weighting</fieldlabel><fieldentry>1.000000000</fieldentry></qti_metadatafield><qti_metadatafield><fieldlabel>qmd_globalid</fieldlabel><fieldentry>0bdf23d7-d056-443b-a7cb-aa66e24be78f</fieldentry></qti_metadatafield><qti_metadatafield><fieldlabel>qmd_displayid</fieldlabel><fieldentry>Sample Course-74134</fieldentry></qti_metadatafield></qtimetadata></itemmetadata><itemproc_extension><d2l_2p0:difficulty>3</d2l_2p0:difficulty><d2l_2p0:isbonus>no</d2l_2p0:isbonus><d2l_2p0:ismandatory>yes</d2l_2p0:ismandatory></itemproc_extension><presentation><flow><material><mattext texttype="text/html">&lt;!--RsQ_001--&gt;&lt;span style="font-family:'Arial';"&gt;An object is moving forward along a straight line. The distance the object travels (in meters) from its starting position t seconds after it starts moving is given by &lt;/span&gt;&lt;span style="font-family:'Arial'; color:#000000;"&gt;&lt;IMG src="ppg/respondus/Avg_Rate_of_Change_Pre_BB_Test/eq_10bc83.gif" alt="equation" border=0 align="absmiddle"&gt;&lt;/span&gt;&lt;span style="font-family:'Arial';"&gt;. Determine the average velocity of the object over the interval from &lt;/span&gt;&lt;span style="font-family:'Arial'; color:#000000;"&gt;&lt;IMG src="ppg/respondus/Avg_Rate_of_Change_Pre_BB_Test/eq_10bc9d.gif" alt="equation" border=0 align="absmiddle"&gt;&lt;/span&gt;&lt;span style="font-family:'Arial';"&gt; to &lt;/span&gt;&lt;span style="font-family:'Arial'; color:#000000;"&gt;&lt;IMG src="ppg/respondus/Avg_Rate_of_Change_Pre_BB_Test/eq_10bca3.gif" alt="equation" border=0 align="absmiddle"&gt;&lt;/span&gt;&lt;span style="font-family:'Arial';"&gt;. &lt;/span&gt;</mattext></material><response_extension><d2l_2p0:display_style>2</d2l_2p0:display_style><d2l_2p0:enumeration>6</d2l_2p0:enumeration><d2l_2p0:grading_type>0</d2l_2p0:grading_type></response_extension><response_lid ident="QUES_42756935_42761016_LID" rcardinality="Single"><render_choice shuffle="no"><flow_label class="Block"><response_label ident="QUES_42756935_42761016_A130832886"><flow_mat><material><mattext texttype="text/html">&lt;span style="font-family:'Arial';"&gt;9 m/s&lt;/span&gt;</mattext></material></flow_mat></response_label></flow_label><flow_label class="Block"><response_label ident="QUES_42756935_42761016_A130832887"><flow_mat><material><mattext texttype="text/html">&lt;span style="font-family:'Arial'; color:#000000;"&gt;&lt;IMG src="ppg/respondus/Avg_Rate_of_Change_Pre_BB_Test/75766801e672041f76ea4b25cc86fcae__xid14753697_1.png" alt="" align="bottom" border=0&gt;&lt;/span&gt;&lt;span style="font-family:'Arial';"&gt;&amp;nbsp;m/s&lt;br&gt;&lt;/span&gt;</mattext></material></flow_mat></response_label></flow_label><flow_label class="Block"><response_label ident="QUES_42756935_42761016_A130832888"><flow_mat><material><mattext texttype="text/html">&lt;p&gt;&lt;span style="font-size: medium;"&gt;&lt;IMG src="ppg/respondus/Avg_Rate_of_Change_Pre_BB_Test/5ed36b2f04f97bca4dde43c54e2f3c87__xid14753699_1.png" alt="" align="bottom" border=0&gt;&amp;nbsp;m/s&lt;/span&gt;&lt;/p&gt;</mattext></material></flow_mat></response_label></flow_label><flow_label class="Block"><response_label ident="QUES_42756935_42761016_A130832889"><flow_mat><material><mattext texttype="text/html">&lt;p&gt;&lt;span style="font-size: medium;"&gt;&lt;IMG src="ppg/respondus/Avg_Rate_of_Change_Pre_BB_Test/3bdddc87db3186caf445c7636a0cdcbc(1)__xid14753700_1.png" alt="" align="bottom" border=0&gt;&amp;nbsp;m/s&lt;br&gt;&lt;/span&gt;&lt;/p&gt;</mattext></material></flow_mat></response_label></flow_label><flow_label class="Block"><response_label ident="QUES_42756935_42761016_A130832890"><flow_mat><material><mattext texttype="text/html">&lt;p&gt;&lt;span style="font-size: medium;"&gt;&lt;IMG src="ppg/respondus/Avg_Rate_of_Change_Pre_BB_Test/7eb878495b84376dd8b4b8d6227beca1__xid14753694_1.png" alt="" align="bottom" border=0&gt;&amp;nbsp;m/s&lt;br&gt;&lt;/span&gt;&lt;/p&gt;</mattext></material></flow_mat></response_label></flow_label><flow_label class="Block"><response_label ident="QUES_42756935_42761016_A130832891"><flow_mat><material><mattext texttype="text/html">&lt;p&gt;&lt;span style="font-size: medium;"&gt;&lt;IMG src="ppg/respondus/Avg_Rate_of_Change_Pre_BB_Test/9946ec629e826fbb8a5653043a3464db__xid14753696_1.png" alt="" align="bottom" border=0&gt;&amp;nbsp;m/s&lt;/span&gt;&lt;/p&gt;</mattext></material></flow_mat></response_label></flow_label><flow_label class="Block"><response_label ident="QUES_42756935_42761016_A130832892"><flow_mat><material><mattext texttype="text/html">&lt;p&gt;&lt;span style="font-size: medium;"&gt;&lt;IMG src="ppg/respondus/Avg_Rate_of_Change_Pre_BB_Test/c3bc65555df4ce292a80b667b927055e__xid14753695_1.png" alt="" align="bottom" border=0&gt;&amp;nbsp;m/s&lt;/span&gt;&lt;/p&gt;</mattext></material></flow_mat></response_label></flow_label><flow_label class="Block"><response_label ident="QUES_42756935_42761016_A130832893"><flow_mat><material><mattext texttype="text/html">&lt;p&gt;&lt;span style="font-size: medium;"&gt;0 m/s&lt;/span&gt;&lt;/p&gt;</mattext></material></flow_mat></response_label></flow_label></render_choice></response_lid></flow></presentation><resprocessing><respcondition title="Response Condition 1"><conditionvar><varequal respident="QUES_42756935_42761016_LID">QUES_42756935_42761016_A130832886</varequal></conditionvar><setvar action="Set">0.000000000</setvar><displayfeedback feedbacktype="Response" linkrefid="QUES_42756935_42761016_IF130832886" /></respcondition><respcondition title="Response Condition 2"><conditionvar><varequal respident="QUES_42756935_42761016_LID">QUES_42756935_42761016_A130832887</varequal></conditionvar><setvar action="Set">0.000000000</setvar><displayfeedback feedbacktype="Response" linkrefid="QUES_42756935_42761016_IF130832887" /></respcondition><respcondition title="Response Condition 3"><conditionvar><varequal respident="QUES_42756935_42761016_LID">QUES_42756935_42761016_A130832888</varequal></conditionvar><setvar action="Set">0.000000000</setvar><displayfeedback feedbacktype="Response" linkrefid="QUES_42756935_42761016_IF130832888" /></respcondition><respcondition title="Response Condition 4"><conditionvar><varequal respident="QUES_42756935_42761016_LID">QUES_42756935_42761016_A130832889</varequal></conditionvar><setvar action="Set">0.000000000</setvar><displayfeedback feedbacktype="Response" linkrefid="QUES_42756935_42761016_IF130832889" /></respcondition><respcondition title="Response Condition 5"><conditionvar><varequal respident="QUES_42756935_42761016_LID">QUES_42756935_42761016_A130832890</varequal></conditionvar><setvar action="Set">0.000000000</setvar><displayfeedback feedbacktype="Response" linkrefid="QUES_42756935_42761016_IF130832890" /></respcondition><respcondition title="Response Condition 6"><conditionvar><varequal respident="QUES_42756935_42761016_LID">QUES_42756935_42761016_A130832891</varequal></conditionvar><setvar action="Set">0.000000000</setvar><displayfeedback feedbacktype="Response" linkrefid="QUES_42756935_42761016_IF130832891" /></respcondition><respcondition title="Response Condition 7"><conditionvar><varequal respident="QUES_42756935_42761016_LID">QUES_42756935_42761016_A130832892</varequal></conditionvar><setvar action="Set">100.000000000</setvar><displayfeedback feedbacktype="Response" linkrefid="QUES_42756935_42761016_IF130832892" /></respcondition><respcondition title="Response Condition 8"><conditionvar><varequal respident="QUES_42756935_42761016_LID">QUES_42756935_42761016_A130832893</varequal></conditionvar><setvar action="Set">0.000000000</setvar><displayfeedback feedbacktype="Response" linkrefid="QUES_42756935_42761016_IF130832893" /></respcondition></resprocessing><itemfeedback ident="QUES_42756935_42761016_IF130832886"><material><mattext texttype="text/plain" /></material></itemfeedback><itemfeedback ident="QUES_42756935_42761016_IF130832887"><material><mattext texttype="text/plain" /></material></itemfeedback><itemfeedback ident="QUES_42756935_42761016_IF130832888"><material><mattext texttype="text/plain" /></material></itemfeedback><itemfeedback ident="QUES_42756935_42761016_IF130832889"><material><mattext texttype="text/plain" /></material></itemfeedback><itemfeedback ident="QUES_42756935_42761016_IF130832890"><material><mattext texttype="text/plain" /></material></itemfeedback><itemfeedback ident="QUES_42756935_42761016_IF130832891"><material><mattext texttype="text/plain" /></material></itemfeedback><itemfeedback ident="QUES_42756935_42761016_IF130832892"><material><mattext texttype="text/plain" /></material></itemfeedback><itemfeedback ident="QUES_42756935_42761016_IF130832893"><material><mattext texttype="text/plain" /></material></itemfeedback></item><item ident="OBJ_1651129" label="QUES_42756936_42761017" d2l_2p0:page="1"><itemmetadata><qtimetadata><qti_metadatafield><fieldlabel>qmd_computerscored</fieldlabel><fieldentry>yes</fieldentry></qti_metadatafield><qti_metadatafield><fieldlabel>qmd_questiontype</fieldlabel><fieldentry>Multiple Choice</fieldentry></qti_metadatafield><qti_metadatafield><fieldlabel>qmd_weighting</fieldlabel><fieldentry>1.000000000</fieldentry></qti_metadatafield><qti_metadatafield><fieldlabel>qmd_globalid</fieldlabel><fieldentry>eca912a6-34a3-4a41-a3f4-664f22c1772d</fieldentry></qti_metadatafield><qti_metadatafield><fieldlabel>qmd_displayid</fieldlabel><fieldentry>Sample Course-74135</fieldentry></qti_metadatafield></qtimetadata></itemmetadata><itemproc_extension><d2l_2p0:difficulty>3</d2l_2p0:difficulty><d2l_2p0:isbonus>no</d2l_2p0:isbonus><d2l_2p0:ismandatory>yes</d2l_2p0:ismandatory></itemproc_extension><presentation><flow><material><mattext texttype="text/html">&lt;!--RsQ_002--&gt;&lt;span style="font-family:'Arial';"&gt;The graph below represents the distance-time relationship for Kevin and Carrie as they cycled on a road from mile marker 225 to mile marker 230. Compare Kevin and Carrie's average speeds from 0 to 17 minutes after they passed mile marker 225.&lt;br&gt;&lt;/span&gt;&lt;span style="font-family:'Arial'; color:#000000;"&gt;&lt;IMG src="ppg/respondus/Avg_Rate_of_Change_Pre_BB_Test/kevin.png" alt="image" align="bottom" border=0&gt;&lt;/span&gt;&lt;span style="font-family:'Arial';"&gt; &lt;/span&gt;</mattext></material><response_extension><d2l_2p0:display_style>2</d2l_2p0:display_style><d2l_2p0:enumeration>6</d2l_2p0:enumeration><d2l_2p0:grading_type>0</d2l_2p0:grading_type></response_extension><response_lid ident="QUES_42756936_42761017_LID" rcardinality="Single"><render_choice shuffle="no"><flow_label class="Block"><response_label ident="QUES_42756936_42761017_A130832894"><flow_mat><material><mattext texttype="text/html">&lt;p&gt;&lt;span style="font-size: medium;"&gt;&lt;/span&gt;&lt;span style="font-size: 14.0pt; font-family: 'Avenir Next',sans-serif;"&gt;Kevin's average speed was greater than Carrie's.&amp;nbsp;&lt;/span&gt;&lt;/p&gt;</mattext></material></flow_mat></response_label></flow_label><flow_label class="Block"><response_label ident="QUES_42756936_42761017_A130832895"><flow_mat><material><mattext texttype="text/html">&lt;p&gt;&lt;span style="font-size: medium;"&gt;Carrie's average speed was greater than Kevin's.&amp;nbsp;&lt;/span&gt;&lt;/p&gt;</mattext></material></flow_mat></response_label></flow_label><flow_label class="Block"><response_label ident="QUES_42756936_42761017_A130832896"><flow_mat><material><mattext texttype="text/html">&lt;p&gt;&lt;span style="font-size: medium;"&gt;Kevin and Carrie's average speeds were the same.&lt;br&gt;&lt;/span&gt;&lt;/p&gt;</mattext></material></flow_mat></response_label></flow_label><flow_label class="Block"><response_label ident="QUES_42756936_42761017_A130832897"><flow_mat><material><mattext texttype="text/html">&lt;p&gt;&lt;span style="font-size: medium;"&gt;It is not possible to tell from the graph.&lt;/span&gt;&lt;/p&gt;</mattext></material></flow_mat></response_label></flow_label><flow_label class="Block"><response_label ident="QUES_42756936_42761017_A130832898"><flow_mat><material><mattext texttype="text/html">&lt;p&gt;&lt;span style="color: #000000; font-family: 'Open Sans', sans-serif; font-size: medium; font-style: normal; font-variant-ligatures: normal; font-variant-caps: normal; font-weight: 400; letter-spacing: normal; orphans: 2; text-align: start; text-indent: 0px; text-transform: none; white-space: normal; widows: 2; word-spacing: 0px; -webkit-text-stroke-width: 0px; text-decoration-style: initial; text-decoration-color: initial; float: none; display: inline !important;"&gt;Kevin's average speed was both greater and less than Carrie's speed.&amp;nbsp;&lt;/span&gt;&lt;/p&gt;</mattext></material></flow_mat></response_label></flow_label></render_choice></response_lid></flow></presentation><resprocessing><respcondition title="Response Condition 1"><conditionvar><varequal respident="QUES_42756936_42761017_LID">QUES_42756936_42761017_A130832894</varequal></conditionvar><setvar action="Set">0.000000000</setvar><displayfeedback feedbacktype="Response" linkrefid="QUES_42756936_42761017_IF130832894" /></respcondition><respcondition title="Response Condition 2"><conditionvar><varequal respident="QUES_42756936_42761017_LID">QUES_42756936_42761017_A130832895</varequal></conditionvar><setvar action="Set">0.000000000</setvar><displayfeedback feedbacktype="Response" linkrefid="QUES_42756936_42761017_IF130832895" /></respcondition><respcondition title="Response Condition 3"><conditionvar><varequal respident="QUES_42756936_42761017_LID">QUES_42756936_42761017_A130832896</varequal></conditionvar><setvar action="Set">100.000000000</setvar><displayfeedback feedbacktype="Response" linkrefid="QUES_42756936_42761017_IF130832896" /></respcondition><respcondition title="Response Condition 4"><conditionvar><varequal respident="QUES_42756936_42761017_LID">QUES_42756936_42761017_A130832897</varequal></conditionvar><setvar action="Set">0.000000000</setvar><displayfeedback feedbacktype="Response" linkrefid="QUES_42756936_42761017_IF130832897" /></respcondition><respcondition title="Response Condition 5"><conditionvar><varequal respident="QUES_42756936_42761017_LID">QUES_42756936_42761017_A130832898</varequal></conditionvar><setvar action="Set">0.000000000</setvar><displayfeedback feedbacktype="Response" linkrefid="QUES_42756936_42761017_IF130832898" /></respcondition></resprocessing><itemfeedback ident="QUES_42756936_42761017_IF130832894"><material><mattext texttype="text/plain" /></material></itemfeedback><itemfeedback ident="QUES_42756936_42761017_IF130832895"><material><mattext texttype="text/plain" /></material></itemfeedback><itemfeedback ident="QUES_42756936_42761017_IF130832896"><material><mattext texttype="text/plain" /></material></itemfeedback><itemfeedback ident="QUES_42756936_42761017_IF130832897"><material><mattext texttype="text/plain" /></material></itemfeedback><itemfeedback ident="QUES_42756936_42761017_IF130832898"><material><mattext texttype="text/plain" /></material></itemfeedback></item></section></assessment></questestinterop>