﻿<?xml version="1.0" encoding="UTF-8"?><questestinterop xmlns:d2l_2p0="http://desire2learn.com/xsd/d2lcp_v2p0"><assessment d2l_2p0:id="483" title="Secant Lines and Tangent Lines Task" ident="res_quiz_122438" d2l_2p0:resource_code="ef9e56cc46d3486a98963923-163"><rubric><flow_mat><material><mattext d2l_2p0:isdisplayed="no" texttype="text/html" /></material></flow_mat></rubric><assessmentcontrol hintswitch="no" solutionswitch="yes" feedbackswitch="no" /><presentation_material><flow_mat><material label="page header"><mattext d2l_2p0:isdisplayed="no" texttype="text/html" /></material><material label="page footer"><mattext d2l_2p0:isdisplayed="no" texttype="text/html" /></material></flow_mat></presentation_material><assess_procextension><d2l_2p0:intro_message d2l_2p0:isdisplayed="yes" texttype="text/html">Respondus</d2l_2p0:intro_message><d2l_2p0:disable_right_click>no</d2l_2p0:disable_right_click><d2l_2p0:disable_pager_access>no</d2l_2p0:disable_pager_access><is_active>yes</is_active><d2l_2p0:date_start /><d2l_2p0:date_end /><d2l_2p0:date_due /><d2l_2p0:has_schedule_event>no</d2l_2p0:has_schedule_event><d2l_2p0:is_attempt_Rldb>no</d2l_2p0:is_attempt_Rldb><d2l_2p0:is_subview_Rldb>no</d2l_2p0:is_subview_Rldb><d2l_2p0:time_limit>120</d2l_2p0:time_limit><d2l_2p0:show_clock>yes</d2l_2p0:show_clock><d2l_2p0:enforce_time_limit>yes</d2l_2p0:enforce_time_limit><d2l_2p0:grace_period>5</d2l_2p0:grace_period><d2l_2p0:late_limit>0</d2l_2p0:late_limit><d2l_2p0:attempts_allowed>3</d2l_2p0:attempts_allowed><d2l_2p0:attempt_restrictions /><d2l_2p0:mark_calculation_type>1</d2l_2p0:mark_calculation_type><d2l_2p0:is_forward_only>no</d2l_2p0:is_forward_only></assess_procextension><assessfeedback title=""><rubric><flow_mat><material><mattext texttype="yes">Your quiz has been submitted successfully.</mattext></material></flow_mat></rubric><d2l_2p0:duration>0</d2l_2p0:duration><d2l_2p0:response_display_type_id>1</d2l_2p0:response_display_type_id><d2l_2p0:show_correct_answers>no</d2l_2p0:show_correct_answers><d2l_2p0:submission_restrictip>no</d2l_2p0:submission_restrictip><d2l_2p0:show_class_average>no</d2l_2p0:show_class_average><d2l_2p0:show_score_distribution>no</d2l_2p0:show_score_distribution></assessfeedback><section ident="CONTAINER_SECTION"><item ident="OBJ_1651263" label="QUES_42757070_42761151" d2l_2p0:page="1"><itemmetadata><qtimetadata><qti_metadatafield><fieldlabel>qmd_computerscored</fieldlabel><fieldentry>yes</fieldentry></qti_metadatafield><qti_metadatafield><fieldlabel>qmd_questiontype</fieldlabel><fieldentry>Multiple Choice</fieldentry></qti_metadatafield><qti_metadatafield><fieldlabel>qmd_weighting</fieldlabel><fieldentry>1.000000000</fieldentry></qti_metadatafield><qti_metadatafield><fieldlabel>qmd_globalid</fieldlabel><fieldentry>44b320d9-046f-4b4a-b805-586372421e8b</fieldentry></qti_metadatafield><qti_metadatafield><fieldlabel>qmd_displayid</fieldlabel><fieldentry>Sample Course-74269</fieldentry></qti_metadatafield></qtimetadata></itemmetadata><itemproc_extension><d2l_2p0:difficulty>3</d2l_2p0:difficulty><d2l_2p0:isbonus>no</d2l_2p0:isbonus><d2l_2p0:ismandatory>yes</d2l_2p0:ismandatory></itemproc_extension><presentation><flow><material><mattext texttype="text/html">&lt;!--RsQ_001--&gt;&lt;span style="font-family:'Arial';"&gt;Which of the following shows the tangent line to the graph at point &lt;/span&gt;&lt;span style="font-family:'Arial';"&gt;&lt;i&gt;B&lt;/i&gt;&lt;/span&gt;&lt;span style="font-family:'Arial';"&gt;? &lt;/span&gt;&lt;span style="font-family:'Arial'; color:#000000;"&gt;&lt;IMG src="ppg/respondus/Secant_Lines_And_Tangent_Lines_Task_BB_Test/task_1.png" alt="image" align="bottom" border=0&gt;&lt;/span&gt;&lt;span style="font-family:'Arial';"&gt; &lt;/span&gt;</mattext></material><response_extension><d2l_2p0:display_style>2</d2l_2p0:display_style><d2l_2p0:enumeration>6</d2l_2p0:enumeration><d2l_2p0:grading_type>0</d2l_2p0:grading_type></response_extension><response_lid ident="QUES_42757070_42761151_LID" rcardinality="Single"><render_choice shuffle="no"><flow_label class="Block"><response_label ident="QUES_42757070_42761151_A130833672"><flow_mat><material><mattext texttype="text/html">&lt;span style="font-family:'Arial';"&gt;&lt;IMG src="ppg/respondus/Secant_Lines_And_Tangent_Lines_Task_BB_Test/task_a.png" alt="image" align="bottom" border=0&gt;&lt;/span&gt;</mattext></material></flow_mat></response_label></flow_label><flow_label class="Block"><response_label ident="QUES_42757070_42761151_A130833673"><flow_mat><material><mattext texttype="text/html">&lt;span style="font-family:'Arial';"&gt;&lt;IMG src="ppg/respondus/Secant_Lines_And_Tangent_Lines_Task_BB_Test/task_b.png" alt="image" align="bottom" border=0&gt;&lt;/span&gt;</mattext></material></flow_mat></response_label></flow_label><flow_label class="Block"><response_label ident="QUES_42757070_42761151_A130833674"><flow_mat><material><mattext texttype="text/html">&lt;span style="font-family:'Arial';"&gt;The tangent line exists, but isn't either of the previous options&lt;/span&gt;</mattext></material></flow_mat></response_label></flow_label><flow_label class="Block"><response_label ident="QUES_42757070_42761151_A130833675"><flow_mat><material><mattext texttype="text/html">&lt;span style="font-family:'Arial';"&gt;There is no tangent line to the graph at point B&lt;/span&gt;</mattext></material></flow_mat></response_label></flow_label></render_choice></response_lid></flow></presentation><resprocessing><respcondition title="Response Condition 1"><conditionvar><varequal respident="QUES_42757070_42761151_LID">QUES_42757070_42761151_A130833672</varequal></conditionvar><setvar action="Set">0.000000000</setvar><displayfeedback feedbacktype="Response" linkrefid="QUES_42757070_42761151_IF130833672" /></respcondition><respcondition title="Response Condition 2"><conditionvar><varequal respident="QUES_42757070_42761151_LID">QUES_42757070_42761151_A130833673</varequal></conditionvar><setvar action="Set">100.000000000</setvar><displayfeedback feedbacktype="Response" linkrefid="QUES_42757070_42761151_IF130833673" /></respcondition><respcondition title="Response Condition 3"><conditionvar><varequal respident="QUES_42757070_42761151_LID">QUES_42757070_42761151_A130833674</varequal></conditionvar><setvar action="Set">0.000000000</setvar><displayfeedback feedbacktype="Response" linkrefid="QUES_42757070_42761151_IF130833674" /></respcondition><respcondition title="Response Condition 4"><conditionvar><varequal respident="QUES_42757070_42761151_LID">QUES_42757070_42761151_A130833675</varequal></conditionvar><setvar action="Set">0.000000000</setvar><displayfeedback feedbacktype="Response" linkrefid="QUES_42757070_42761151_IF130833675" /></respcondition></resprocessing><itemfeedback ident="QUES_42757070_42761151_IF130833672"><material><mattext texttype="text/plain" /></material></itemfeedback><itemfeedback ident="QUES_42757070_42761151_IF130833673"><material><mattext texttype="text/plain" /></material></itemfeedback><itemfeedback ident="QUES_42757070_42761151_IF130833674"><material><mattext texttype="text/plain" /></material></itemfeedback><itemfeedback ident="QUES_42757070_42761151_IF130833675"><material><mattext texttype="text/plain" /></material></itemfeedback></item><item ident="OBJ_1651264" label="QUES_42757071_42761152" d2l_2p0:page="1"><itemmetadata><qtimetadata><qti_metadatafield><fieldlabel>qmd_computerscored</fieldlabel><fieldentry>yes</fieldentry></qti_metadatafield><qti_metadatafield><fieldlabel>qmd_questiontype</fieldlabel><fieldentry>Multiple Choice</fieldentry></qti_metadatafield><qti_metadatafield><fieldlabel>qmd_weighting</fieldlabel><fieldentry>1.000000000</fieldentry></qti_metadatafield><qti_metadatafield><fieldlabel>qmd_globalid</fieldlabel><fieldentry>c07775d6-04eb-40ce-b122-2acfbcc98260</fieldentry></qti_metadatafield><qti_metadatafield><fieldlabel>qmd_displayid</fieldlabel><fieldentry>Sample Course-74270</fieldentry></qti_metadatafield></qtimetadata></itemmetadata><itemproc_extension><d2l_2p0:difficulty>3</d2l_2p0:difficulty><d2l_2p0:isbonus>no</d2l_2p0:isbonus><d2l_2p0:ismandatory>yes</d2l_2p0:ismandatory></itemproc_extension><presentation><flow><material><mattext texttype="text/html">&lt;!--RsQ_002--&gt;&lt;span style="font-family:'Arial';"&gt;What can you say about the slope of the tangent line to the graph at point &lt;/span&gt;&lt;span style="font-family:'Arial';"&gt;&lt;i&gt;D&lt;/i&gt;&lt;/span&gt;&lt;span style="font-family:'Arial';"&gt;?&lt;br&gt;&lt;/span&gt;&lt;span style="font-family:'Arial'; color:#000000;"&gt;&lt;IMG src="ppg/respondus/Secant_Lines_And_Tangent_Lines_Task_BB_Test/task_1.png" alt="image" align="bottom" border=0&gt;&lt;/span&gt;&lt;span style="font-family:'Arial';"&gt; &lt;/span&gt;</mattext></material><response_extension><d2l_2p0:display_style>2</d2l_2p0:display_style><d2l_2p0:enumeration>6</d2l_2p0:enumeration><d2l_2p0:grading_type>0</d2l_2p0:grading_type></response_extension><response_lid ident="QUES_42757071_42761152_LID" rcardinality="Single"><render_choice shuffle="no"><flow_label class="Block"><response_label ident="QUES_42757071_42761152_A130833676"><flow_mat><material><mattext texttype="text/html">&lt;span style="font-family:'Arial';"&gt;The slope is equal to 0&lt;/span&gt;</mattext></material></flow_mat></response_label></flow_label><flow_label class="Block"><response_label ident="QUES_42757071_42761152_A130833677"><flow_mat><material><mattext texttype="text/html">&lt;span style="font-family:'Arial';"&gt;The slope is positive&lt;/span&gt;</mattext></material></flow_mat></response_label></flow_label><flow_label class="Block"><response_label ident="QUES_42757071_42761152_A130833678"><flow_mat><material><mattext texttype="text/html">&lt;span style="font-family:'Arial';"&gt;The slope is negative&lt;/span&gt;</mattext></material></flow_mat></response_label></flow_label><flow_label class="Block"><response_label ident="QUES_42757071_42761152_A130833679"><flow_mat><material><mattext texttype="text/html">&lt;span style="font-family:'Arial';"&gt;The slope is both positive and negative &lt;/span&gt;</mattext></material></flow_mat></response_label></flow_label><flow_label class="Block"><response_label ident="QUES_42757071_42761152_A130833680"><flow_mat><material><mattext texttype="text/html">&lt;span style="font-family:'Arial';"&gt;The slope is not defined&lt;/span&gt;</mattext></material></flow_mat></response_label></flow_label></render_choice></response_lid></flow></presentation><resprocessing><respcondition title="Response Condition 1"><conditionvar><varequal respident="QUES_42757071_42761152_LID">QUES_42757071_42761152_A130833676</varequal></conditionvar><setvar action="Set">100.000000000</setvar><displayfeedback feedbacktype="Response" linkrefid="QUES_42757071_42761152_IF130833676" /></respcondition><respcondition title="Response Condition 2"><conditionvar><varequal respident="QUES_42757071_42761152_LID">QUES_42757071_42761152_A130833677</varequal></conditionvar><setvar action="Set">0.000000000</setvar><displayfeedback feedbacktype="Response" linkrefid="QUES_42757071_42761152_IF130833677" /></respcondition><respcondition title="Response Condition 3"><conditionvar><varequal respident="QUES_42757071_42761152_LID">QUES_42757071_42761152_A130833678</varequal></conditionvar><setvar action="Set">0.000000000</setvar><displayfeedback feedbacktype="Response" linkrefid="QUES_42757071_42761152_IF130833678" /></respcondition><respcondition title="Response Condition 4"><conditionvar><varequal respident="QUES_42757071_42761152_LID">QUES_42757071_42761152_A130833679</varequal></conditionvar><setvar action="Set">0.000000000</setvar><displayfeedback feedbacktype="Response" linkrefid="QUES_42757071_42761152_IF130833679" /></respcondition><respcondition title="Response Condition 5"><conditionvar><varequal respident="QUES_42757071_42761152_LID">QUES_42757071_42761152_A130833680</varequal></conditionvar><setvar action="Set">0.000000000</setvar><displayfeedback feedbacktype="Response" linkrefid="QUES_42757071_42761152_IF130833680" /></respcondition></resprocessing><itemfeedback ident="QUES_42757071_42761152_IF130833676"><material><mattext texttype="text/plain" /></material></itemfeedback><itemfeedback ident="QUES_42757071_42761152_IF130833677"><material><mattext texttype="text/plain" /></material></itemfeedback><itemfeedback ident="QUES_42757071_42761152_IF130833678"><material><mattext texttype="text/plain" /></material></itemfeedback><itemfeedback ident="QUES_42757071_42761152_IF130833679"><material><mattext texttype="text/plain" /></material></itemfeedback><itemfeedback ident="QUES_42757071_42761152_IF130833680"><material><mattext texttype="text/plain" /></material></itemfeedback></item></section></assessment></questestinterop>