﻿<?xml version="1.0" encoding="UTF-8"?><questestinterop xmlns:d2l_2p0="http://desire2learn.com/xsd/d2lcp_v2p0"><assessment d2l_2p0:id="457" title="Riemann Sums Introduction PreVideo Questions" ident="res_quiz_122412" d2l_2p0:resource_code="ef9e56cc46d3486a98963923-137"><rubric><flow_mat><material><mattext d2l_2p0:isdisplayed="no" texttype="text/html" /></material></flow_mat></rubric><assessmentcontrol hintswitch="no" solutionswitch="yes" feedbackswitch="no" /><presentation_material><flow_mat><material label="page header"><mattext d2l_2p0:isdisplayed="no" texttype="text/html" /></material><material label="page footer"><mattext d2l_2p0:isdisplayed="no" texttype="text/html" /></material></flow_mat></presentation_material><assess_procextension><d2l_2p0:intro_message d2l_2p0:isdisplayed="yes" texttype="text/html">Respondus</d2l_2p0:intro_message><d2l_2p0:disable_right_click>no</d2l_2p0:disable_right_click><d2l_2p0:disable_pager_access>no</d2l_2p0:disable_pager_access><is_active>yes</is_active><d2l_2p0:date_start /><d2l_2p0:date_end /><d2l_2p0:date_due /><d2l_2p0:has_schedule_event>no</d2l_2p0:has_schedule_event><d2l_2p0:is_attempt_Rldb>no</d2l_2p0:is_attempt_Rldb><d2l_2p0:is_subview_Rldb>no</d2l_2p0:is_subview_Rldb><d2l_2p0:time_limit>120</d2l_2p0:time_limit><d2l_2p0:show_clock>yes</d2l_2p0:show_clock><d2l_2p0:enforce_time_limit>yes</d2l_2p0:enforce_time_limit><d2l_2p0:grace_period>5</d2l_2p0:grace_period><d2l_2p0:late_limit>0</d2l_2p0:late_limit><d2l_2p0:attempts_allowed>3</d2l_2p0:attempts_allowed><d2l_2p0:attempt_restrictions /><d2l_2p0:mark_calculation_type>1</d2l_2p0:mark_calculation_type><d2l_2p0:is_forward_only>no</d2l_2p0:is_forward_only></assess_procextension><assessfeedback title=""><rubric><flow_mat><material><mattext texttype="yes">Your quiz has been submitted successfully.</mattext></material></flow_mat></rubric><d2l_2p0:duration>0</d2l_2p0:duration><d2l_2p0:response_display_type_id>1</d2l_2p0:response_display_type_id><d2l_2p0:show_correct_answers>no</d2l_2p0:show_correct_answers><d2l_2p0:submission_restrictip>no</d2l_2p0:submission_restrictip><d2l_2p0:show_class_average>no</d2l_2p0:show_class_average><d2l_2p0:show_score_distribution>no</d2l_2p0:show_score_distribution></assessfeedback><section ident="CONTAINER_SECTION"><item ident="OBJ_1651179" label="QUES_42756986_42761067" d2l_2p0:page="1"><itemmetadata><qtimetadata><qti_metadatafield><fieldlabel>qmd_computerscored</fieldlabel><fieldentry>yes</fieldentry></qti_metadatafield><qti_metadatafield><fieldlabel>qmd_questiontype</fieldlabel><fieldentry>Multiple Choice</fieldentry></qti_metadatafield><qti_metadatafield><fieldlabel>qmd_weighting</fieldlabel><fieldentry>1.000000000</fieldentry></qti_metadatafield><qti_metadatafield><fieldlabel>qmd_globalid</fieldlabel><fieldentry>f25a6eee-ecd3-4b76-b777-56ab6b98ffdb</fieldentry></qti_metadatafield><qti_metadatafield><fieldlabel>qmd_displayid</fieldlabel><fieldentry>Sample Course-74185</fieldentry></qti_metadatafield></qtimetadata></itemmetadata><itemproc_extension><d2l_2p0:difficulty>3</d2l_2p0:difficulty><d2l_2p0:isbonus>no</d2l_2p0:isbonus><d2l_2p0:ismandatory>yes</d2l_2p0:ismandatory></itemproc_extension><presentation><flow><material><mattext texttype="text/html">&lt;!--RsQ_001--&gt;&lt;span style="font-family:'Arial';"&gt;Madison decides to go for a run before school. She starts her run from home. The function &lt;/span&gt;&lt;span style="font-family:'Arial'; color:#000000;"&gt;&lt;IMG src="ppg/respondus/Riemann_Sums_Into_Pre_BB_Test/eq_061c81.gif" alt="equation" border=0 align="absmiddle"&gt;&lt;/span&gt;&lt;span style="font-family:'Arial';"&gt; expresses the relationship between Madison's velocity (in meters per minute) as she runs and the number of minutes &lt;/span&gt;&lt;span style="font-family:'Arial'; color:#000000;"&gt;&lt;IMG src="ppg/respondus/Riemann_Sums_Into_Pre_BB_Test/eq_061ca1.gif" alt="equation" border=0 align="absmiddle"&gt;&lt;/span&gt;&lt;span style="font-family:'Arial';"&gt; elapsed since she started running.&lt;br&gt;What does the product &lt;/span&gt;&lt;span style="font-family:'Arial'; color:#000000;"&gt;&lt;IMG src="ppg/respondus/Riemann_Sums_Into_Pre_BB_Test/eq_061cc0.gif" alt="equation" border=0 align="absmiddle"&gt;&lt;/span&gt;&lt;span style="font-family:'Arial';"&gt; approximate? &lt;/span&gt;</mattext></material><response_extension><d2l_2p0:display_style>2</d2l_2p0:display_style><d2l_2p0:enumeration>6</d2l_2p0:enumeration><d2l_2p0:grading_type>0</d2l_2p0:grading_type></response_extension><response_lid ident="QUES_42756986_42761067_LID" rcardinality="Single"><render_choice shuffle="no"><flow_label class="Block"><response_label ident="QUES_42756986_42761067_A130833180"><flow_mat><material><mattext texttype="text/html">&lt;span style="font-family:'Arial';"&gt;The average rate of change of Madison's velocity over a particular &lt;/span&gt;&lt;span style="font-family:'Arial'; color:#000000;"&gt;&lt;IMG src="ppg/respondus/Riemann_Sums_Into_Pre_BB_Test/eq_061cdf.gif" alt="equation" border=0 align="absmiddle"&gt;&lt;/span&gt;&lt;span style="font-family:'Arial';"&gt; interval.&lt;/span&gt;</mattext></material></flow_mat></response_label></flow_label><flow_label class="Block"><response_label ident="QUES_42756986_42761067_A130833181"><flow_mat><material><mattext texttype="text/html">&lt;span style="font-family:'Arial';"&gt;Madison's acceleration over a particular &lt;/span&gt;&lt;span style="font-family:'Arial'; color:#000000;"&gt;&lt;IMG src="ppg/respondus/Riemann_Sums_Into_Pre_BB_Test/eq_061cf1.gif" alt="equation" border=0 align="absmiddle"&gt;&lt;/span&gt;&lt;span style="font-family:'Arial';"&gt; interval.&lt;/span&gt;</mattext></material></flow_mat></response_label></flow_label><flow_label class="Block"><response_label ident="QUES_42756986_42761067_A130833182"><flow_mat><material><mattext texttype="text/html">&lt;span style="font-family:'Arial';"&gt;The change in Madison's distance awway from home over a particular &lt;/span&gt;&lt;span style="font-family:'Arial'; color:#000000;"&gt;&lt;IMG src="ppg/respondus/Riemann_Sums_Into_Pre_BB_Test/eq_061d0d.gif" alt="equation" border=0 align="absmiddle"&gt;&lt;/span&gt;&lt;span style="font-family:'Arial';"&gt; interval.&lt;/span&gt;</mattext></material></flow_mat></response_label></flow_label><flow_label class="Block"><response_label ident="QUES_42756986_42761067_A130833183"><flow_mat><material><mattext texttype="text/html">&lt;span style="font-family:'Arial';"&gt;Madison's distance away from home after having a run for &lt;/span&gt;&lt;span style="font-family:'Arial'; color:#000000;"&gt;&lt;IMG src="ppg/respondus/Riemann_Sums_Into_Pre_BB_Test/eq_061daa.gif" alt="equation" border=0 align="absmiddle"&gt;&lt;/span&gt;&lt;span style="font-family:'Arial';"&gt; minutes.&lt;/span&gt;</mattext></material></flow_mat></response_label></flow_label><flow_label class="Block"><response_label ident="QUES_42756986_42761067_A130833184"><flow_mat><material><mattext texttype="text/html">&lt;span style="font-family:'Arial';"&gt;Madison's instantaneous velocity at a particular moment in time.&lt;/span&gt;</mattext></material></flow_mat></response_label></flow_label></render_choice></response_lid></flow></presentation><resprocessing><respcondition title="Response Condition 1"><conditionvar><varequal respident="QUES_42756986_42761067_LID">QUES_42756986_42761067_A130833180</varequal></conditionvar><setvar action="Set">0.000000000</setvar><displayfeedback feedbacktype="Response" linkrefid="QUES_42756986_42761067_IF130833180" /></respcondition><respcondition title="Response Condition 2"><conditionvar><varequal respident="QUES_42756986_42761067_LID">QUES_42756986_42761067_A130833181</varequal></conditionvar><setvar action="Set">0.000000000</setvar><displayfeedback feedbacktype="Response" linkrefid="QUES_42756986_42761067_IF130833181" /></respcondition><respcondition title="Response Condition 3"><conditionvar><varequal respident="QUES_42756986_42761067_LID">QUES_42756986_42761067_A130833182</varequal></conditionvar><setvar action="Set">100.000000000</setvar><displayfeedback feedbacktype="Response" linkrefid="QUES_42756986_42761067_IF130833182" /></respcondition><respcondition title="Response Condition 4"><conditionvar><varequal respident="QUES_42756986_42761067_LID">QUES_42756986_42761067_A130833183</varequal></conditionvar><setvar action="Set">0.000000000</setvar><displayfeedback feedbacktype="Response" linkrefid="QUES_42756986_42761067_IF130833183" /></respcondition><respcondition title="Response Condition 5"><conditionvar><varequal respident="QUES_42756986_42761067_LID">QUES_42756986_42761067_A130833184</varequal></conditionvar><setvar action="Set">0.000000000</setvar><displayfeedback feedbacktype="Response" linkrefid="QUES_42756986_42761067_IF130833184" /></respcondition></resprocessing><itemfeedback ident="QUES_42756986_42761067_IF130833180"><material><mattext texttype="text/plain" /></material></itemfeedback><itemfeedback ident="QUES_42756986_42761067_IF130833181"><material><mattext texttype="text/plain" /></material></itemfeedback><itemfeedback ident="QUES_42756986_42761067_IF130833182"><material><mattext texttype="text/plain" /></material></itemfeedback><itemfeedback ident="QUES_42756986_42761067_IF130833183"><material><mattext texttype="text/plain" /></material></itemfeedback><itemfeedback ident="QUES_42756986_42761067_IF130833184"><material><mattext texttype="text/plain" /></material></itemfeedback></item><item ident="OBJ_1651180" label="QUES_42756987_42761068" d2l_2p0:page="1"><itemmetadata><qtimetadata><qti_metadatafield><fieldlabel>qmd_computerscored</fieldlabel><fieldentry>yes</fieldentry></qti_metadatafield><qti_metadatafield><fieldlabel>qmd_questiontype</fieldlabel><fieldentry>Multiple Choice</fieldentry></qti_metadatafield><qti_metadatafield><fieldlabel>qmd_weighting</fieldlabel><fieldentry>1.000000000</fieldentry></qti_metadatafield><qti_metadatafield><fieldlabel>qmd_globalid</fieldlabel><fieldentry>e9196158-a104-4eaa-bb75-97bde7ba3cfa</fieldentry></qti_metadatafield><qti_metadatafield><fieldlabel>qmd_displayid</fieldlabel><fieldentry>Sample Course-74186</fieldentry></qti_metadatafield></qtimetadata></itemmetadata><itemproc_extension><d2l_2p0:difficulty>3</d2l_2p0:difficulty><d2l_2p0:isbonus>no</d2l_2p0:isbonus><d2l_2p0:ismandatory>yes</d2l_2p0:ismandatory></itemproc_extension><presentation><flow><material><mattext texttype="text/html">&lt;!--RsQ_002--&gt;&lt;span style="font-family:'Arial';"&gt;Madison decides to go for a run before school. She starts her run from home. The function &lt;/span&gt;&lt;span style="font-family:'Arial'; color:#000000;"&gt;&lt;IMG src="ppg/respondus/Riemann_Sums_Into_Pre_BB_Test/eq_061c81a.gif" alt="equation" border=0 align="absmiddle"&gt;&lt;/span&gt;&lt;span style="font-family:'Arial';"&gt; expresses the relationship between Madison's velocity (in meters per minute) as she runs and the number of minutes &lt;/span&gt;&lt;span style="font-family:'Arial'; color:#000000;"&gt;&lt;IMG src="ppg/respondus/Riemann_Sums_Into_Pre_BB_Test/eq_061ca1a.gif" alt="equation" border=0 align="absmiddle"&gt;&lt;/span&gt;&lt;span style="font-family:'Arial';"&gt; elapsed since she started running.&lt;br&gt;What does the area of the blue rectangle on the graph of the function &lt;/span&gt;&lt;span style="font-family:'Arial'; color:#000000;"&gt;&lt;IMG src="ppg/respondus/Riemann_Sums_Into_Pre_BB_Test/eq_061e3f.gif" alt="equation" border=0 align="absmiddle"&gt;&lt;/span&gt;&lt;span style="font-family:'Arial';"&gt; below represent?&lt;br&gt;&lt;/span&gt;&lt;span style="font-family:'Arial'; color:#000000;"&gt;&lt;IMG src="ppg/respondus/Riemann_Sums_Into_Pre_BB_Test/graph1.png" alt="image" align="bottom" border=0&gt;&lt;/span&gt;&lt;span style="font-family:'Arial';"&gt; &lt;/span&gt;</mattext></material><response_extension><d2l_2p0:display_style>2</d2l_2p0:display_style><d2l_2p0:enumeration>6</d2l_2p0:enumeration><d2l_2p0:grading_type>0</d2l_2p0:grading_type></response_extension><response_lid ident="QUES_42756987_42761068_LID" rcardinality="Single"><render_choice shuffle="no"><flow_label class="Block"><response_label ident="QUES_42756987_42761068_A130833185"><flow_mat><material><mattext texttype="text/html">&lt;span style="font-family:'Arial';"&gt;Madison's average velocity over the interval of time from t=3 to t=4.&lt;/span&gt;</mattext></material></flow_mat></response_label></flow_label><flow_label class="Block"><response_label ident="QUES_42756987_42761068_A130833186"><flow_mat><material><mattext texttype="text/html">&lt;span style="font-family:'Arial';"&gt;Madison's distance away from home 3 minutes after she started running. &lt;/span&gt;</mattext></material></flow_mat></response_label></flow_label><flow_label class="Block"><response_label ident="QUES_42756987_42761068_A130833187"><flow_mat><material><mattext texttype="text/html">&lt;span style="font-family:'Arial';"&gt;The velocity at which Madison runs over the interval of time from t=3 to t=4.&lt;/span&gt;</mattext></material></flow_mat></response_label></flow_label><flow_label class="Block"><response_label ident="QUES_42756987_42761068_A130833188"><flow_mat><material><mattext texttype="text/html">&lt;span style="font-family:'Arial';"&gt;Madison's acceleration over the interval of time from t=3 to t=4&lt;/span&gt;</mattext></material></flow_mat></response_label></flow_label><flow_label class="Block"><response_label ident="QUES_42756987_42761068_A130833189"><flow_mat><material><mattext texttype="text/html">&lt;span style="font-family:'Arial';"&gt;The change in Madison's distance awawy from home over the interval of time from t=3 to t=4.&lt;/span&gt;</mattext></material></flow_mat></response_label></flow_label></render_choice></response_lid></flow></presentation><resprocessing><respcondition title="Response Condition 1"><conditionvar><varequal respident="QUES_42756987_42761068_LID">QUES_42756987_42761068_A130833185</varequal></conditionvar><setvar action="Set">0.000000000</setvar><displayfeedback feedbacktype="Response" linkrefid="QUES_42756987_42761068_IF130833185" /></respcondition><respcondition title="Response Condition 2"><conditionvar><varequal respident="QUES_42756987_42761068_LID">QUES_42756987_42761068_A130833186</varequal></conditionvar><setvar action="Set">0.000000000</setvar><displayfeedback feedbacktype="Response" linkrefid="QUES_42756987_42761068_IF130833186" /></respcondition><respcondition title="Response Condition 3"><conditionvar><varequal respident="QUES_42756987_42761068_LID">QUES_42756987_42761068_A130833187</varequal></conditionvar><setvar action="Set">0.000000000</setvar><displayfeedback feedbacktype="Response" linkrefid="QUES_42756987_42761068_IF130833187" /></respcondition><respcondition title="Response Condition 4"><conditionvar><varequal respident="QUES_42756987_42761068_LID">QUES_42756987_42761068_A130833188</varequal></conditionvar><setvar action="Set">0.000000000</setvar><displayfeedback feedbacktype="Response" linkrefid="QUES_42756987_42761068_IF130833188" /></respcondition><respcondition title="Response Condition 5"><conditionvar><varequal respident="QUES_42756987_42761068_LID">QUES_42756987_42761068_A130833189</varequal></conditionvar><setvar action="Set">100.000000000</setvar><displayfeedback feedbacktype="Response" linkrefid="QUES_42756987_42761068_IF130833189" /></respcondition></resprocessing><itemfeedback ident="QUES_42756987_42761068_IF130833185"><material><mattext texttype="text/plain" /></material></itemfeedback><itemfeedback ident="QUES_42756987_42761068_IF130833186"><material><mattext texttype="text/plain" /></material></itemfeedback><itemfeedback ident="QUES_42756987_42761068_IF130833187"><material><mattext texttype="text/plain" /></material></itemfeedback><itemfeedback ident="QUES_42756987_42761068_IF130833188"><material><mattext texttype="text/plain" /></material></itemfeedback><itemfeedback ident="QUES_42756987_42761068_IF130833189"><material><mattext texttype="text/plain" /></material></itemfeedback></item><item ident="OBJ_1651181" label="QUES_42756988_42761069" d2l_2p0:page="1"><itemmetadata><qtimetadata><qti_metadatafield><fieldlabel>qmd_computerscored</fieldlabel><fieldentry>yes</fieldentry></qti_metadatafield><qti_metadatafield><fieldlabel>qmd_questiontype</fieldlabel><fieldentry>Multiple Choice</fieldentry></qti_metadatafield><qti_metadatafield><fieldlabel>qmd_weighting</fieldlabel><fieldentry>1.000000000</fieldentry></qti_metadatafield><qti_metadatafield><fieldlabel>qmd_globalid</fieldlabel><fieldentry>b55b37b1-023c-4b5f-af39-6c1b828767c7</fieldentry></qti_metadatafield><qti_metadatafield><fieldlabel>qmd_displayid</fieldlabel><fieldentry>Sample Course-74187</fieldentry></qti_metadatafield></qtimetadata></itemmetadata><itemproc_extension><d2l_2p0:difficulty>3</d2l_2p0:difficulty><d2l_2p0:isbonus>no</d2l_2p0:isbonus><d2l_2p0:ismandatory>yes</d2l_2p0:ismandatory></itemproc_extension><presentation><flow><material><mattext texttype="text/html">&lt;!--RsQ_003--&gt;&lt;span style="font-family:'Arial';"&gt;Madison decides to go for a run before school. She starts her run from home. The function &lt;/span&gt;&lt;span style="font-family:'Arial'; color:#000000;"&gt;&lt;IMG src="ppg/respondus/Riemann_Sums_Into_Pre_BB_Test/eq_061c81aa.gif" alt="equation" border=0 align="absmiddle"&gt;&lt;/span&gt;&lt;span style="font-family:'Arial';"&gt; expresses the relationship between Madison's velocity (in meters per minute) as she runs and the number of minutes &lt;/span&gt;&lt;span style="font-family:'Arial'; color:#000000;"&gt;&lt;IMG src="ppg/respondus/Riemann_Sums_Into_Pre_BB_Test/eq_061ca1aa.gif" alt="equation" border=0 align="absmiddle"&gt;&lt;/span&gt;&lt;span style="font-family:'Arial';"&gt; elapsed since she started running.&lt;br&gt;What does the sum &lt;/span&gt;&lt;span style="font-family:'Arial'; color:#000000;"&gt;&lt;IMG src="ppg/respondus/Riemann_Sums_Into_Pre_BB_Test/eq_061f08.gif" alt="equation" border=0 align="absmiddle"&gt;&lt;/span&gt;&lt;span style="font-family:'Arial';"&gt; approximate? &lt;/span&gt;</mattext></material><response_extension><d2l_2p0:display_style>2</d2l_2p0:display_style><d2l_2p0:enumeration>6</d2l_2p0:enumeration><d2l_2p0:grading_type>0</d2l_2p0:grading_type></response_extension><response_lid ident="QUES_42756988_42761069_LID" rcardinality="Single"><render_choice shuffle="no"><flow_label class="Block"><response_label ident="QUES_42756988_42761069_A130833190"><flow_mat><material><mattext texttype="text/html">&lt;span style="font-family:'Arial';"&gt;Madison's distance away from home after having run for 2.5 minutes&lt;/span&gt;</mattext></material></flow_mat></response_label></flow_label><flow_label class="Block"><response_label ident="QUES_42756988_42761069_A130833191"><flow_mat><material><mattext texttype="text/html">&lt;span style="font-family:'Arial';"&gt;The average rate of change of Madison's velocity over the interval of time from t=0 to &lt;/span&gt;&lt;span style="font-family:'Arial'; color:#000000;"&gt;&lt;IMG src="ppg/respondus/Riemann_Sums_Into_Pre_BB_Test/eq_061f9b.gif" alt="equation" border=0 align="absmiddle"&gt;&lt;/span&gt;&lt;span style="font-family:'Arial';"&gt;.&lt;/span&gt;</mattext></material></flow_mat></response_label></flow_label><flow_label class="Block"><response_label ident="QUES_42756988_42761069_A130833192"><flow_mat><material><mattext texttype="text/html">&lt;span style="font-family:'Arial';"&gt;The change in Madison's distance away from home over the interval of time from t=0 to t=6.&lt;/span&gt;</mattext></material></flow_mat></response_label></flow_label><flow_label class="Block"><response_label ident="QUES_42756988_42761069_A130833193"><flow_mat><material><mattext texttype="text/html">&lt;span style="font-family:'Arial';"&gt;Madison's distance away from home after having run for 6 minutes.&lt;/span&gt;</mattext></material></flow_mat></response_label></flow_label><flow_label class="Block"><response_label ident="QUES_42756988_42761069_A130833194"><flow_mat><material><mattext texttype="text/html">&lt;span style="font-family:'Arial';"&gt;Madison's acceleration over the interval of time from t=0 to t=6.&lt;/span&gt;</mattext></material></flow_mat></response_label></flow_label></render_choice></response_lid></flow></presentation><resprocessing><respcondition title="Response Condition 1"><conditionvar><varequal respident="QUES_42756988_42761069_LID">QUES_42756988_42761069_A130833190</varequal></conditionvar><setvar action="Set">0.000000000</setvar><displayfeedback feedbacktype="Response" linkrefid="QUES_42756988_42761069_IF130833190" /></respcondition><respcondition title="Response Condition 2"><conditionvar><varequal respident="QUES_42756988_42761069_LID">QUES_42756988_42761069_A130833191</varequal></conditionvar><setvar action="Set">0.000000000</setvar><displayfeedback feedbacktype="Response" linkrefid="QUES_42756988_42761069_IF130833191" /></respcondition><respcondition title="Response Condition 3"><conditionvar><varequal respident="QUES_42756988_42761069_LID">QUES_42756988_42761069_A130833192</varequal></conditionvar><setvar action="Set">0.000000000</setvar><displayfeedback feedbacktype="Response" linkrefid="QUES_42756988_42761069_IF130833192" /></respcondition><respcondition title="Response Condition 4"><conditionvar><varequal respident="QUES_42756988_42761069_LID">QUES_42756988_42761069_A130833193</varequal></conditionvar><setvar action="Set">100.000000000</setvar><displayfeedback feedbacktype="Response" linkrefid="QUES_42756988_42761069_IF130833193" /></respcondition><respcondition title="Response Condition 5"><conditionvar><varequal respident="QUES_42756988_42761069_LID">QUES_42756988_42761069_A130833194</varequal></conditionvar><setvar action="Set">0.000000000</setvar><displayfeedback feedbacktype="Response" linkrefid="QUES_42756988_42761069_IF130833194" /></respcondition></resprocessing><itemfeedback ident="QUES_42756988_42761069_IF130833190"><material><mattext texttype="text/plain" /></material></itemfeedback><itemfeedback ident="QUES_42756988_42761069_IF130833191"><material><mattext texttype="text/plain" /></material></itemfeedback><itemfeedback ident="QUES_42756988_42761069_IF130833192"><material><mattext texttype="text/plain" /></material></itemfeedback><itemfeedback ident="QUES_42756988_42761069_IF130833193"><material><mattext texttype="text/plain" /></material></itemfeedback><itemfeedback ident="QUES_42756988_42761069_IF130833194"><material><mattext texttype="text/plain" /></material></itemfeedback></item></section></assessment></questestinterop>