﻿<?xml version="1.0" encoding="UTF-8"?><questestinterop xmlns:d2l_2p0="http://desire2learn.com/xsd/d2lcp_v2p0"><assessment d2l_2p0:id="453" title="Riemann Sums Notation Task" ident="res_quiz_122408" d2l_2p0:resource_code="ef9e56cc46d3486a98963923-133"><rubric><flow_mat><material><mattext d2l_2p0:isdisplayed="no" texttype="text/html" /></material></flow_mat></rubric><assessmentcontrol hintswitch="no" solutionswitch="yes" feedbackswitch="no" /><presentation_material><flow_mat><material label="page header"><mattext d2l_2p0:isdisplayed="no" texttype="text/html" /></material><material label="page footer"><mattext d2l_2p0:isdisplayed="no" texttype="text/html" /></material></flow_mat></presentation_material><assess_procextension><d2l_2p0:intro_message d2l_2p0:isdisplayed="yes" texttype="text/html">Respondus</d2l_2p0:intro_message><d2l_2p0:disable_right_click>no</d2l_2p0:disable_right_click><d2l_2p0:disable_pager_access>no</d2l_2p0:disable_pager_access><is_active>yes</is_active><d2l_2p0:date_start /><d2l_2p0:date_end /><d2l_2p0:date_due /><d2l_2p0:has_schedule_event>no</d2l_2p0:has_schedule_event><d2l_2p0:is_attempt_Rldb>no</d2l_2p0:is_attempt_Rldb><d2l_2p0:is_subview_Rldb>no</d2l_2p0:is_subview_Rldb><d2l_2p0:time_limit>120</d2l_2p0:time_limit><d2l_2p0:show_clock>yes</d2l_2p0:show_clock><d2l_2p0:enforce_time_limit>yes</d2l_2p0:enforce_time_limit><d2l_2p0:grace_period>5</d2l_2p0:grace_period><d2l_2p0:late_limit>0</d2l_2p0:late_limit><d2l_2p0:attempts_allowed>3</d2l_2p0:attempts_allowed><d2l_2p0:attempt_restrictions /><d2l_2p0:mark_calculation_type>1</d2l_2p0:mark_calculation_type><d2l_2p0:is_forward_only>no</d2l_2p0:is_forward_only></assess_procextension><assessfeedback title=""><rubric><flow_mat><material><mattext texttype="yes">Your quiz has been submitted successfully.</mattext></material></flow_mat></rubric><d2l_2p0:duration>0</d2l_2p0:duration><d2l_2p0:response_display_type_id>1</d2l_2p0:response_display_type_id><d2l_2p0:show_correct_answers>no</d2l_2p0:show_correct_answers><d2l_2p0:submission_restrictip>no</d2l_2p0:submission_restrictip><d2l_2p0:show_class_average>no</d2l_2p0:show_class_average><d2l_2p0:show_score_distribution>no</d2l_2p0:show_score_distribution></assessfeedback><section ident="CONTAINER_SECTION"><item ident="OBJ_1651167" label="QUES_42756974_42761055" d2l_2p0:page="1"><itemmetadata><qtimetadata><qti_metadatafield><fieldlabel>qmd_computerscored</fieldlabel><fieldentry>yes</fieldentry></qti_metadatafield><qti_metadatafield><fieldlabel>qmd_questiontype</fieldlabel><fieldentry>Multiple Choice</fieldentry></qti_metadatafield><qti_metadatafield><fieldlabel>qmd_weighting</fieldlabel><fieldentry>1.000000000</fieldentry></qti_metadatafield><qti_metadatafield><fieldlabel>qmd_globalid</fieldlabel><fieldentry>be69a0b3-c4ff-4087-8ff0-cf030da09bd1</fieldentry></qti_metadatafield><qti_metadatafield><fieldlabel>qmd_displayid</fieldlabel><fieldentry>Sample Course-74173</fieldentry></qti_metadatafield></qtimetadata></itemmetadata><itemproc_extension><d2l_2p0:difficulty>3</d2l_2p0:difficulty><d2l_2p0:isbonus>no</d2l_2p0:isbonus><d2l_2p0:ismandatory>yes</d2l_2p0:ismandatory></itemproc_extension><presentation><flow><material><mattext texttype="text/html">&lt;!--RsQ_001--&gt;&lt;span style="font-family:'Arial';"&gt;Suppose the Mars rover is traveling along a path. At different spots along the path, it collects data about how fast dust is accumulating on it. The table below gives this information: &lt;/span&gt;&lt;span style="font-family:'Arial'; color:#000000;"&gt;&lt;IMG src="ppg/respondus/Riemann_Sums_Notation_Task_BB_Test/eq_07a314.gif" alt="equation" border=0 align="absmiddle"&gt;&lt;/span&gt;&lt;span style="font-family:'Arial';"&gt; is the distance the rover has traveled a &lt;/span&gt;&lt;span style="font-family:'Arial'; color:#000000;"&gt;&lt;IMG src="ppg/respondus/Riemann_Sums_Notation_Task_BB_Test/eq_07a323.gif" alt="equation" border=0 align="absmiddle"&gt;&lt;/span&gt;&lt;span style="font-family:'Arial';"&gt; is the rate that the dust is accumulating in mg per km.&lt;br&gt;Write a right-hand Riemann sum using sigma notation to show the amount of dust that accumulates over the 100 km path given the rates below.&lt;br&gt;&lt;/span&gt;&lt;span style="font-family:'Arial'; color:#000000;"&gt;&lt;IMG src="ppg/respondus/Riemann_Sums_Notation_Task_BB_Test/capturen.png" alt="image" align="bottom" border=0&gt;&lt;/span&gt;&lt;span style="font-family:'Arial';"&gt; &lt;/span&gt;</mattext></material><response_extension><d2l_2p0:display_style>2</d2l_2p0:display_style><d2l_2p0:enumeration>6</d2l_2p0:enumeration><d2l_2p0:grading_type>0</d2l_2p0:grading_type></response_extension><response_lid ident="QUES_42756974_42761055_LID" rcardinality="Single"><render_choice shuffle="no"><flow_label class="Block"><response_label ident="QUES_42756974_42761055_A130833101"><flow_mat><material><mattext texttype="text/html">&lt;span style="font-family:'Arial';"&gt;&lt;IMG src="ppg/respondus/Riemann_Sums_Notation_Task_BB_Test/eq_07a91c.gif" alt="equation" border=0 align="absmiddle"&gt;&lt;/span&gt;</mattext></material></flow_mat></response_label></flow_label><flow_label class="Block"><response_label ident="QUES_42756974_42761055_A130833102"><flow_mat><material><mattext texttype="text/html">&lt;span style="font-family:'Arial';"&gt;&lt;IMG src="ppg/respondus/Riemann_Sums_Notation_Task_BB_Test/eq_07a9a5.gif" alt="equation" border=0 align="absmiddle"&gt;&lt;/span&gt;</mattext></material></flow_mat></response_label></flow_label><flow_label class="Block"><response_label ident="QUES_42756974_42761055_A130833103"><flow_mat><material><mattext texttype="text/html">&lt;span style="font-family:'Arial';"&gt;&lt;IMG src="ppg/respondus/Riemann_Sums_Notation_Task_BB_Test/eq_07a9ad.gif" alt="equation" border=0 align="absmiddle"&gt;&lt;/span&gt;</mattext></material></flow_mat></response_label></flow_label><flow_label class="Block"><response_label ident="QUES_42756974_42761055_A130833104"><flow_mat><material><mattext texttype="text/html">&lt;span style="font-family:'Arial';"&gt;&lt;IMG src="ppg/respondus/Riemann_Sums_Notation_Task_BB_Test/eq_07aa23.gif" alt="equation" border=0 align="absmiddle"&gt;&lt;/span&gt;</mattext></material></flow_mat></response_label></flow_label><flow_label class="Block"><response_label ident="QUES_42756974_42761055_A130833105"><flow_mat><material><mattext texttype="text/html">&lt;span style="font-family:'Arial';"&gt;&lt;IMG src="ppg/respondus/Riemann_Sums_Notation_Task_BB_Test/eq_07aa2e.gif" alt="equation" border=0 align="absmiddle"&gt;&lt;/span&gt;</mattext></material></flow_mat></response_label></flow_label><flow_label class="Block"><response_label ident="QUES_42756974_42761055_A130833106"><flow_mat><material><mattext texttype="text/html">&lt;span style="font-family:'Arial';"&gt;&lt;IMG src="ppg/respondus/Riemann_Sums_Notation_Task_BB_Test/eq_07aa3f.gif" alt="equation" border=0 align="absmiddle"&gt;&lt;/span&gt;</mattext></material></flow_mat></response_label></flow_label><flow_label class="Block"><response_label ident="QUES_42756974_42761055_A130833107"><flow_mat><material><mattext texttype="text/html">&lt;span style="font-family:'Arial';"&gt;&lt;IMG src="ppg/respondus/Riemann_Sums_Notation_Task_BB_Test/eq_07aa4b.gif" alt="equation" border=0 align="absmiddle"&gt;&lt;/span&gt;</mattext></material></flow_mat></response_label></flow_label><flow_label class="Block"><response_label ident="QUES_42756974_42761055_A130833108"><flow_mat><material><mattext texttype="text/html">&lt;span style="font-family:'Arial'; color:#000000;"&gt;&lt;IMG src="ppg/respondus/Riemann_Sums_Notation_Task_BB_Test/eq_07aa59.gif" alt="equation" border=0 align="absmiddle"&gt;&lt;/span&gt;&lt;span style="font-family:'Arial';"&gt; &lt;/span&gt;</mattext></material></flow_mat></response_label></flow_label><flow_label class="Block"><response_label ident="QUES_42756974_42761055_A130833109"><flow_mat><material><mattext texttype="text/html">&lt;span style="font-family:'Arial';"&gt;&lt;IMG src="ppg/respondus/Riemann_Sums_Notation_Task_BB_Test/eq_07aa8d.gif" alt="equation" border=0 align="absmiddle"&gt;&lt;/span&gt;</mattext></material></flow_mat></response_label></flow_label></render_choice></response_lid></flow></presentation><resprocessing><respcondition title="Response Condition 1"><conditionvar><varequal respident="QUES_42756974_42761055_LID">QUES_42756974_42761055_A130833101</varequal></conditionvar><setvar action="Set">0.000000000</setvar><displayfeedback feedbacktype="Response" linkrefid="QUES_42756974_42761055_IF130833101" /></respcondition><respcondition title="Response Condition 2"><conditionvar><varequal respident="QUES_42756974_42761055_LID">QUES_42756974_42761055_A130833102</varequal></conditionvar><setvar action="Set">0.000000000</setvar><displayfeedback feedbacktype="Response" linkrefid="QUES_42756974_42761055_IF130833102" /></respcondition><respcondition title="Response Condition 3"><conditionvar><varequal respident="QUES_42756974_42761055_LID">QUES_42756974_42761055_A130833103</varequal></conditionvar><setvar action="Set">0.000000000</setvar><displayfeedback feedbacktype="Response" linkrefid="QUES_42756974_42761055_IF130833103" /></respcondition><respcondition title="Response Condition 4"><conditionvar><varequal respident="QUES_42756974_42761055_LID">QUES_42756974_42761055_A130833104</varequal></conditionvar><setvar action="Set">0.000000000</setvar><displayfeedback feedbacktype="Response" linkrefid="QUES_42756974_42761055_IF130833104" /></respcondition><respcondition title="Response Condition 5"><conditionvar><varequal respident="QUES_42756974_42761055_LID">QUES_42756974_42761055_A130833105</varequal></conditionvar><setvar action="Set">0.000000000</setvar><displayfeedback feedbacktype="Response" linkrefid="QUES_42756974_42761055_IF130833105" /></respcondition><respcondition title="Response Condition 6"><conditionvar><varequal respident="QUES_42756974_42761055_LID">QUES_42756974_42761055_A130833106</varequal></conditionvar><setvar action="Set">100.000000000</setvar><displayfeedback feedbacktype="Response" linkrefid="QUES_42756974_42761055_IF130833106" /></respcondition><respcondition title="Response Condition 7"><conditionvar><varequal respident="QUES_42756974_42761055_LID">QUES_42756974_42761055_A130833107</varequal></conditionvar><setvar action="Set">0.000000000</setvar><displayfeedback feedbacktype="Response" linkrefid="QUES_42756974_42761055_IF130833107" /></respcondition><respcondition title="Response Condition 8"><conditionvar><varequal respident="QUES_42756974_42761055_LID">QUES_42756974_42761055_A130833108</varequal></conditionvar><setvar action="Set">0.000000000</setvar><displayfeedback feedbacktype="Response" linkrefid="QUES_42756974_42761055_IF130833108" /></respcondition><respcondition title="Response Condition 9"><conditionvar><varequal respident="QUES_42756974_42761055_LID">QUES_42756974_42761055_A130833109</varequal></conditionvar><setvar action="Set">0.000000000</setvar><displayfeedback feedbacktype="Response" linkrefid="QUES_42756974_42761055_IF130833109" /></respcondition></resprocessing><itemfeedback ident="QUES_42756974_42761055_IF130833101"><material><mattext texttype="text/plain" /></material></itemfeedback><itemfeedback ident="QUES_42756974_42761055_IF130833102"><material><mattext texttype="text/plain" /></material></itemfeedback><itemfeedback ident="QUES_42756974_42761055_IF130833103"><material><mattext texttype="text/plain" /></material></itemfeedback><itemfeedback ident="QUES_42756974_42761055_IF130833104"><material><mattext texttype="text/plain" /></material></itemfeedback><itemfeedback ident="QUES_42756974_42761055_IF130833105"><material><mattext texttype="text/plain" /></material></itemfeedback><itemfeedback ident="QUES_42756974_42761055_IF130833106"><material><mattext texttype="text/plain" /></material></itemfeedback><itemfeedback ident="QUES_42756974_42761055_IF130833107"><material><mattext texttype="text/plain" /></material></itemfeedback><itemfeedback ident="QUES_42756974_42761055_IF130833108"><material><mattext texttype="text/plain" /></material></itemfeedback><itemfeedback ident="QUES_42756974_42761055_IF130833109"><material><mattext texttype="text/plain" /></material></itemfeedback></item></section></assessment></questestinterop>