﻿<?xml version="1.0" encoding="UTF-8"?><questestinterop xmlns:d2l_2p0="http://desire2learn.com/xsd/d2lcp_v2p0"><assessment d2l_2p0:id="455" title="Riemann Sums Notation PostVideo Questions" ident="res_quiz_122410" d2l_2p0:resource_code="ef9e56cc46d3486a98963923-135"><rubric><flow_mat><material><mattext d2l_2p0:isdisplayed="no" texttype="text/html" /></material></flow_mat></rubric><assessmentcontrol hintswitch="no" solutionswitch="yes" feedbackswitch="no" /><presentation_material><flow_mat><material label="page header"><mattext d2l_2p0:isdisplayed="no" texttype="text/html" /></material><material label="page footer"><mattext d2l_2p0:isdisplayed="no" texttype="text/html" /></material></flow_mat></presentation_material><assess_procextension><d2l_2p0:intro_message d2l_2p0:isdisplayed="yes" texttype="text/html">Respondus</d2l_2p0:intro_message><d2l_2p0:disable_right_click>no</d2l_2p0:disable_right_click><d2l_2p0:disable_pager_access>no</d2l_2p0:disable_pager_access><is_active>yes</is_active><d2l_2p0:date_start /><d2l_2p0:date_end /><d2l_2p0:date_due /><d2l_2p0:has_schedule_event>no</d2l_2p0:has_schedule_event><d2l_2p0:is_attempt_Rldb>no</d2l_2p0:is_attempt_Rldb><d2l_2p0:is_subview_Rldb>no</d2l_2p0:is_subview_Rldb><d2l_2p0:time_limit>120</d2l_2p0:time_limit><d2l_2p0:show_clock>yes</d2l_2p0:show_clock><d2l_2p0:enforce_time_limit>yes</d2l_2p0:enforce_time_limit><d2l_2p0:grace_period>5</d2l_2p0:grace_period><d2l_2p0:late_limit>0</d2l_2p0:late_limit><d2l_2p0:attempts_allowed>3</d2l_2p0:attempts_allowed><d2l_2p0:attempt_restrictions /><d2l_2p0:mark_calculation_type>1</d2l_2p0:mark_calculation_type><d2l_2p0:is_forward_only>no</d2l_2p0:is_forward_only></assess_procextension><assessfeedback title=""><rubric><flow_mat><material><mattext texttype="yes">Your quiz has been submitted successfully.</mattext></material></flow_mat></rubric><d2l_2p0:duration>0</d2l_2p0:duration><d2l_2p0:response_display_type_id>1</d2l_2p0:response_display_type_id><d2l_2p0:show_correct_answers>no</d2l_2p0:show_correct_answers><d2l_2p0:submission_restrictip>no</d2l_2p0:submission_restrictip><d2l_2p0:show_class_average>no</d2l_2p0:show_class_average><d2l_2p0:show_score_distribution>no</d2l_2p0:show_score_distribution></assessfeedback><section ident="CONTAINER_SECTION"><item ident="OBJ_1651171" label="QUES_42756978_42761059" d2l_2p0:page="1"><itemmetadata><qtimetadata><qti_metadatafield><fieldlabel>qmd_computerscored</fieldlabel><fieldentry>yes</fieldentry></qti_metadatafield><qti_metadatafield><fieldlabel>qmd_questiontype</fieldlabel><fieldentry>Multiple Choice</fieldentry></qti_metadatafield><qti_metadatafield><fieldlabel>qmd_weighting</fieldlabel><fieldentry>1.000000000</fieldentry></qti_metadatafield><qti_metadatafield><fieldlabel>qmd_globalid</fieldlabel><fieldentry>e4c5af87-e0eb-4ce4-93f7-90765880b884</fieldentry></qti_metadatafield><qti_metadatafield><fieldlabel>qmd_displayid</fieldlabel><fieldentry>Sample Course-74177</fieldentry></qti_metadatafield></qtimetadata></itemmetadata><itemproc_extension><d2l_2p0:difficulty>3</d2l_2p0:difficulty><d2l_2p0:isbonus>no</d2l_2p0:isbonus><d2l_2p0:ismandatory>yes</d2l_2p0:ismandatory></itemproc_extension><presentation><flow><material><mattext texttype="text/html">&lt;!--RsQ_001--&gt;&lt;span style="font-family:'Arial';"&gt;Which notation best represents the left Riemann sum for the function &lt;/span&gt;&lt;span style="font-family:'Arial'; color:#000000;"&gt;&lt;IMG src="ppg/respondus/Riemann_Sums_Notation_Post_BB_Test/eq_076375.gif" alt="equation" border=0 align="absmiddle"&gt;&lt;/span&gt;&lt;span style="font-family:'Arial';"&gt; over the interval [3,5] using &lt;/span&gt;&lt;span style="font-family:'Arial'; color:#000000;"&gt;&lt;IMG src="ppg/respondus/Riemann_Sums_Notation_Post_BB_Test/eq_077a1f.gif" alt="equation" border=0 align="absmiddle"&gt;&lt;/span&gt;&lt;span style="font-family:'Arial';"&gt; subdivisions of equal length &lt;/span&gt;&lt;span style="font-family:'Arial'; color:#000000;"&gt;&lt;IMG src="ppg/respondus/Riemann_Sums_Notation_Post_BB_Test/eq_076487.gif" alt="equation" border=0 align="absmiddle"&gt;&lt;/span&gt;&lt;span style="font-family:'Arial';"&gt;? &lt;/span&gt;</mattext></material><response_extension><d2l_2p0:display_style>2</d2l_2p0:display_style><d2l_2p0:enumeration>6</d2l_2p0:enumeration><d2l_2p0:grading_type>0</d2l_2p0:grading_type></response_extension><response_lid ident="QUES_42756978_42761059_LID" rcardinality="Single"><render_choice shuffle="no"><flow_label class="Block"><response_label ident="QUES_42756978_42761059_A130833131"><flow_mat><material><mattext texttype="text/html">&lt;span style="font-family:'Arial'; color:#000000;"&gt;&lt;IMG src="ppg/respondus/Riemann_Sums_Notation_Post_BB_Test/eq_0764a9.gif" alt="equation" border=0 align="absmiddle"&gt;&lt;/span&gt;&lt;span style="font-family:'Arial';"&gt; &lt;/span&gt;</mattext></material></flow_mat></response_label></flow_label><flow_label class="Block"><response_label ident="QUES_42756978_42761059_A130833132"><flow_mat><material><mattext texttype="text/html">&lt;span style="font-family:'Arial'; color:#000000;"&gt;&lt;IMG src="ppg/respondus/Riemann_Sums_Notation_Post_BB_Test/eq_07652f.gif" alt="equation" border=0 align="absmiddle"&gt;&lt;/span&gt;&lt;span style="font-family:'Arial';"&gt; &lt;/span&gt;</mattext></material></flow_mat></response_label></flow_label><flow_label class="Block"><response_label ident="QUES_42756978_42761059_A130833133"><flow_mat><material><mattext texttype="text/html">&lt;span style="font-family:'Arial'; color:#000000;"&gt;&lt;IMG src="ppg/respondus/Riemann_Sums_Notation_Post_BB_Test/eq_076540.gif" alt="equation" border=0 align="absmiddle"&gt;&lt;/span&gt;&lt;span style="font-family:'Arial';"&gt; &lt;/span&gt;</mattext></material></flow_mat></response_label></flow_label><flow_label class="Block"><response_label ident="QUES_42756978_42761059_A130833134"><flow_mat><material><mattext texttype="text/html">&lt;span style="font-family:'Arial'; color:#000000;"&gt;&lt;IMG src="ppg/respondus/Riemann_Sums_Notation_Post_BB_Test/eq_076549.gif" alt="equation" border=0 align="absmiddle"&gt;&lt;/span&gt;&lt;span style="font-family:'Arial';"&gt; &lt;/span&gt;</mattext></material></flow_mat></response_label></flow_label><flow_label class="Block"><response_label ident="QUES_42756978_42761059_A130833135"><flow_mat><material><mattext texttype="text/html">&lt;span style="font-family:'Arial';"&gt;&lt;IMG src="ppg/respondus/Riemann_Sums_Notation_Post_BB_Test/eq_077aed.gif" alt="equation" border=0 align="absmiddle"&gt;&lt;/span&gt;&lt;span style="font-family:'Arial';"&gt;&amp;nbsp; &lt;/span&gt;</mattext></material></flow_mat></response_label></flow_label><flow_label class="Block"><response_label ident="QUES_42756978_42761059_A130833136"><flow_mat><material><mattext texttype="text/html">&lt;span style="font-family:'Arial';"&gt;None of the above &lt;/span&gt;</mattext></material></flow_mat></response_label></flow_label></render_choice></response_lid></flow></presentation><resprocessing><respcondition title="Response Condition 1"><conditionvar><varequal respident="QUES_42756978_42761059_LID">QUES_42756978_42761059_A130833131</varequal></conditionvar><setvar action="Set">0.000000000</setvar><displayfeedback feedbacktype="Response" linkrefid="QUES_42756978_42761059_IF130833131" /></respcondition><respcondition title="Response Condition 2"><conditionvar><varequal respident="QUES_42756978_42761059_LID">QUES_42756978_42761059_A130833132</varequal></conditionvar><setvar action="Set">0.000000000</setvar><displayfeedback feedbacktype="Response" linkrefid="QUES_42756978_42761059_IF130833132" /></respcondition><respcondition title="Response Condition 3"><conditionvar><varequal respident="QUES_42756978_42761059_LID">QUES_42756978_42761059_A130833133</varequal></conditionvar><setvar action="Set">100.000000000</setvar><displayfeedback feedbacktype="Response" linkrefid="QUES_42756978_42761059_IF130833133" /></respcondition><respcondition title="Response Condition 4"><conditionvar><varequal respident="QUES_42756978_42761059_LID">QUES_42756978_42761059_A130833134</varequal></conditionvar><setvar action="Set">0.000000000</setvar><displayfeedback feedbacktype="Response" linkrefid="QUES_42756978_42761059_IF130833134" /></respcondition><respcondition title="Response Condition 5"><conditionvar><varequal respident="QUES_42756978_42761059_LID">QUES_42756978_42761059_A130833135</varequal></conditionvar><setvar action="Set">0.000000000</setvar><displayfeedback feedbacktype="Response" linkrefid="QUES_42756978_42761059_IF130833135" /></respcondition><respcondition title="Response Condition 6"><conditionvar><varequal respident="QUES_42756978_42761059_LID">QUES_42756978_42761059_A130833136</varequal></conditionvar><setvar action="Set">0.000000000</setvar><displayfeedback feedbacktype="Response" linkrefid="QUES_42756978_42761059_IF130833136" /></respcondition></resprocessing><itemfeedback ident="QUES_42756978_42761059_IF130833131"><material><mattext texttype="text/plain" /></material></itemfeedback><itemfeedback ident="QUES_42756978_42761059_IF130833132"><material><mattext texttype="text/plain" /></material></itemfeedback><itemfeedback ident="QUES_42756978_42761059_IF130833133"><material><mattext texttype="text/plain" /></material></itemfeedback><itemfeedback ident="QUES_42756978_42761059_IF130833134"><material><mattext texttype="text/plain" /></material></itemfeedback><itemfeedback ident="QUES_42756978_42761059_IF130833135"><material><mattext texttype="text/plain" /></material></itemfeedback><itemfeedback ident="QUES_42756978_42761059_IF130833136"><material><mattext texttype="text/plain" /></material></itemfeedback></item><item ident="OBJ_1651172" label="QUES_42756979_42761060" d2l_2p0:page="1"><itemmetadata><qtimetadata><qti_metadatafield><fieldlabel>qmd_computerscored</fieldlabel><fieldentry>yes</fieldentry></qti_metadatafield><qti_metadatafield><fieldlabel>qmd_questiontype</fieldlabel><fieldentry>Multiple Choice</fieldentry></qti_metadatafield><qti_metadatafield><fieldlabel>qmd_weighting</fieldlabel><fieldentry>1.000000000</fieldentry></qti_metadatafield><qti_metadatafield><fieldlabel>qmd_globalid</fieldlabel><fieldentry>07b5b333-5849-41c1-be18-1219c78912a0</fieldentry></qti_metadatafield><qti_metadatafield><fieldlabel>qmd_displayid</fieldlabel><fieldentry>Sample Course-74178</fieldentry></qti_metadatafield></qtimetadata></itemmetadata><itemproc_extension><d2l_2p0:difficulty>3</d2l_2p0:difficulty><d2l_2p0:isbonus>no</d2l_2p0:isbonus><d2l_2p0:ismandatory>yes</d2l_2p0:ismandatory></itemproc_extension><presentation><flow><material><mattext texttype="text/html">&lt;!--RsQ_002--&gt;&lt;span style="font-family:'Arial';"&gt;Suppose that &lt;/span&gt;&lt;span style="font-family:'Arial'; color:#000000;"&gt;&lt;IMG src="ppg/respondus/Riemann_Sums_Notation_Post_BB_Test/eq_0765e5.gif" alt="equation" border=0 align="absmiddle"&gt;&lt;/span&gt;&lt;span style="font-family:'Arial';"&gt;. What is the value of &lt;/span&gt;&lt;span style="font-family:'Arial'; color:#000000;"&gt;&lt;IMG src="ppg/respondus/Riemann_Sums_Notation_Post_BB_Test/eq_0765f4.gif" alt="equation" border=0 align="absmiddle"&gt;&lt;/span&gt;&lt;span style="font-family:'Arial';"&gt; over the interval [2,8] using three subdivisions of equal length &lt;/span&gt;&lt;span style="font-family:'Arial'; color:#000000;"&gt;&lt;IMG src="ppg/respondus/Riemann_Sums_Notation_Post_BB_Test/eq_076623.gif" alt="equation" border=0 align="absmiddle"&gt;&lt;/span&gt;&lt;span style="font-family:'Arial';"&gt;? &lt;/span&gt;</mattext></material><response_extension><d2l_2p0:display_style>2</d2l_2p0:display_style><d2l_2p0:enumeration>6</d2l_2p0:enumeration><d2l_2p0:grading_type>0</d2l_2p0:grading_type></response_extension><response_lid ident="QUES_42756979_42761060_LID" rcardinality="Single"><render_choice shuffle="no"><flow_label class="Block"><response_label ident="QUES_42756979_42761060_A130833137"><flow_mat><material><mattext texttype="text/html">&lt;span style="font-family:'Arial';"&gt;15&lt;/span&gt;</mattext></material></flow_mat></response_label></flow_label><flow_label class="Block"><response_label ident="QUES_42756979_42761060_A130833138"><flow_mat><material><mattext texttype="text/html">&lt;span style="font-family:'Arial';"&gt;18 &lt;/span&gt;</mattext></material></flow_mat></response_label></flow_label><flow_label class="Block"><response_label ident="QUES_42756979_42761060_A130833139"><flow_mat><material><mattext texttype="text/html">&lt;span style="font-family:'Arial';"&gt;19 &lt;/span&gt;</mattext></material></flow_mat></response_label></flow_label><flow_label class="Block"><response_label ident="QUES_42756979_42761060_A130833140"><flow_mat><material><mattext texttype="text/html">&lt;span style="font-family:'Arial';"&gt;21&lt;/span&gt;</mattext></material></flow_mat></response_label></flow_label><flow_label class="Block"><response_label ident="QUES_42756979_42761060_A130833141"><flow_mat><material><mattext texttype="text/html">&lt;span style="font-family:'Arial';"&gt;24&lt;/span&gt;</mattext></material></flow_mat></response_label></flow_label><flow_label class="Block"><response_label ident="QUES_42756979_42761060_A130833142"><flow_mat><material><mattext texttype="text/html">&lt;span style="font-family:'Arial';"&gt;28&lt;/span&gt;</mattext></material></flow_mat></response_label></flow_label><flow_label class="Block"><response_label ident="QUES_42756979_42761060_A130833143"><flow_mat><material><mattext texttype="text/html">&lt;span style="font-family:'Arial';"&gt;None of the above&lt;/span&gt;</mattext></material></flow_mat></response_label></flow_label><flow_label class="Block"><response_label ident="QUES_42756979_42761060_A130833144"><flow_mat><material><mattext texttype="text/html">&lt;span style="font-family:'Arial';"&gt;None of the above&lt;/span&gt;</mattext></material></flow_mat></response_label></flow_label></render_choice></response_lid></flow></presentation><resprocessing><respcondition title="Response Condition 1"><conditionvar><varequal respident="QUES_42756979_42761060_LID">QUES_42756979_42761060_A130833137</varequal></conditionvar><setvar action="Set">0.000000000</setvar><displayfeedback feedbacktype="Response" linkrefid="QUES_42756979_42761060_IF130833137" /></respcondition><respcondition title="Response Condition 2"><conditionvar><varequal respident="QUES_42756979_42761060_LID">QUES_42756979_42761060_A130833138</varequal></conditionvar><setvar action="Set">0.000000000</setvar><displayfeedback feedbacktype="Response" linkrefid="QUES_42756979_42761060_IF130833138" /></respcondition><respcondition title="Response Condition 3"><conditionvar><varequal respident="QUES_42756979_42761060_LID">QUES_42756979_42761060_A130833139</varequal></conditionvar><setvar action="Set">0.000000000</setvar><displayfeedback feedbacktype="Response" linkrefid="QUES_42756979_42761060_IF130833139" /></respcondition><respcondition title="Response Condition 4"><conditionvar><varequal respident="QUES_42756979_42761060_LID">QUES_42756979_42761060_A130833140</varequal></conditionvar><setvar action="Set">0.000000000</setvar><displayfeedback feedbacktype="Response" linkrefid="QUES_42756979_42761060_IF130833140" /></respcondition><respcondition title="Response Condition 5"><conditionvar><varequal respident="QUES_42756979_42761060_LID">QUES_42756979_42761060_A130833141</varequal></conditionvar><setvar action="Set">100.000000000</setvar><displayfeedback feedbacktype="Response" linkrefid="QUES_42756979_42761060_IF130833141" /></respcondition><respcondition title="Response Condition 6"><conditionvar><varequal respident="QUES_42756979_42761060_LID">QUES_42756979_42761060_A130833142</varequal></conditionvar><setvar action="Set">0.000000000</setvar><displayfeedback feedbacktype="Response" linkrefid="QUES_42756979_42761060_IF130833142" /></respcondition><respcondition title="Response Condition 7"><conditionvar><varequal respident="QUES_42756979_42761060_LID">QUES_42756979_42761060_A130833143</varequal></conditionvar><setvar action="Set">0.000000000</setvar><displayfeedback feedbacktype="Response" linkrefid="QUES_42756979_42761060_IF130833143" /></respcondition><respcondition title="Response Condition 8"><conditionvar><varequal respident="QUES_42756979_42761060_LID">QUES_42756979_42761060_A130833144</varequal></conditionvar><setvar action="Set">0.000000000</setvar><displayfeedback feedbacktype="Response" linkrefid="QUES_42756979_42761060_IF130833144" /></respcondition></resprocessing><itemfeedback ident="QUES_42756979_42761060_IF130833137"><material><mattext texttype="text/plain" /></material></itemfeedback><itemfeedback ident="QUES_42756979_42761060_IF130833138"><material><mattext texttype="text/plain" /></material></itemfeedback><itemfeedback ident="QUES_42756979_42761060_IF130833139"><material><mattext texttype="text/plain" /></material></itemfeedback><itemfeedback ident="QUES_42756979_42761060_IF130833140"><material><mattext texttype="text/plain" /></material></itemfeedback><itemfeedback ident="QUES_42756979_42761060_IF130833141"><material><mattext texttype="text/plain" /></material></itemfeedback><itemfeedback ident="QUES_42756979_42761060_IF130833142"><material><mattext texttype="text/plain" /></material></itemfeedback><itemfeedback ident="QUES_42756979_42761060_IF130833143"><material><mattext texttype="text/plain" /></material></itemfeedback><itemfeedback ident="QUES_42756979_42761060_IF130833144"><material><mattext texttype="text/plain" /></material></itemfeedback></item><item ident="OBJ_1651173" label="QUES_42756980_42761061" d2l_2p0:page="1"><itemmetadata><qtimetadata><qti_metadatafield><fieldlabel>qmd_computerscored</fieldlabel><fieldentry>yes</fieldentry></qti_metadatafield><qti_metadatafield><fieldlabel>qmd_questiontype</fieldlabel><fieldentry>Multiple Choice</fieldentry></qti_metadatafield><qti_metadatafield><fieldlabel>qmd_weighting</fieldlabel><fieldentry>1.000000000</fieldentry></qti_metadatafield><qti_metadatafield><fieldlabel>qmd_globalid</fieldlabel><fieldentry>a22cdc12-d1f9-4c08-a6d1-ecb928e2f231</fieldentry></qti_metadatafield><qti_metadatafield><fieldlabel>qmd_displayid</fieldlabel><fieldentry>Sample Course-74179</fieldentry></qti_metadatafield></qtimetadata></itemmetadata><itemproc_extension><d2l_2p0:difficulty>3</d2l_2p0:difficulty><d2l_2p0:isbonus>no</d2l_2p0:isbonus><d2l_2p0:ismandatory>yes</d2l_2p0:ismandatory></itemproc_extension><presentation><flow><material><mattext texttype="text/html">&lt;!--RsQ_003--&gt;&lt;span style="font-family:'Arial';"&gt;Which of the following is the correct expansion for &lt;/span&gt;&lt;span style="font-family:'Arial'; color:#000000;"&gt;&lt;IMG src="ppg/respondus/Riemann_Sums_Notation_Post_BB_Test/eq_076e3b.gif" alt="equation" border=0 align="absmiddle"&gt;&lt;/span&gt;&lt;span style="font-family:'Arial';"&gt; over the interval [5,11] using two subdivisions of length &lt;/span&gt;&lt;span style="font-family:'Arial'; color:#000000;"&gt;&lt;IMG src="ppg/respondus/Riemann_Sums_Notation_Post_BB_Test/eq_077359.gif" alt="equation" border=0 align="absmiddle"&gt;&lt;/span&gt;&lt;span style="font-family:'Arial';"&gt; where &lt;/span&gt;&lt;span style="font-family:'Arial'; color:#000000;"&gt;&lt;IMG src="ppg/respondus/Riemann_Sums_Notation_Post_BB_Test/eq_077362.gif" alt="equation" border=0 align="absmiddle"&gt;&lt;/span&gt;&lt;span style="font-family:'Arial';"&gt;, and so on? &lt;/span&gt;</mattext></material><response_extension><d2l_2p0:display_style>2</d2l_2p0:display_style><d2l_2p0:enumeration>6</d2l_2p0:enumeration><d2l_2p0:grading_type>0</d2l_2p0:grading_type></response_extension><response_lid ident="QUES_42756980_42761061_LID" rcardinality="Single"><render_choice shuffle="no"><flow_label class="Block"><response_label ident="QUES_42756980_42761061_A130833145"><flow_mat><material><mattext texttype="text/html">&lt;span style="font-family:'Arial'; color:#000000;"&gt;&lt;IMG src="ppg/respondus/Riemann_Sums_Notation_Post_BB_Test/eq_076277.gif" alt="equation" border=0 align="absmiddle"&gt;&lt;/span&gt;&lt;span style="font-family:'Arial';"&gt; &lt;/span&gt;</mattext></material></flow_mat></response_label></flow_label><flow_label class="Block"><response_label ident="QUES_42756980_42761061_A130833146"><flow_mat><material><mattext texttype="text/html">&lt;span style="font-family:'Arial'; color:#000000;"&gt;&lt;IMG src="ppg/respondus/Riemann_Sums_Notation_Post_BB_Test/eq_0762cf.gif" alt="equation" border=0 align="absmiddle"&gt;&lt;/span&gt;&lt;span style="font-family:'Arial';"&gt; &lt;/span&gt;</mattext></material></flow_mat></response_label></flow_label><flow_label class="Block"><response_label ident="QUES_42756980_42761061_A130833147"><flow_mat><material><mattext texttype="text/html">&lt;span style="font-family:'Arial'; color:#000000;"&gt;&lt;IMG src="ppg/respondus/Riemann_Sums_Notation_Post_BB_Test/eq_0762f6.gif" alt="equation" border=0 align="absmiddle"&gt;&lt;/span&gt;&lt;span style="font-family:'Arial';"&gt; &lt;/span&gt;</mattext></material></flow_mat></response_label></flow_label><flow_label class="Block"><response_label ident="QUES_42756980_42761061_A130833148"><flow_mat><material><mattext texttype="text/html">&lt;span style="font-family:'Arial';"&gt;&lt;IMG src="ppg/respondus/Riemann_Sums_Notation_Post_BB_Test/eq_077406.gif" alt="equation" border=0 align="absmiddle"&gt;&lt;/span&gt;</mattext></material></flow_mat></response_label></flow_label><flow_label class="Block"><response_label ident="QUES_42756980_42761061_A130833149"><flow_mat><material><mattext texttype="text/html">&lt;span style="font-family:'Arial';"&gt;a., b. and c. are all correct.&lt;/span&gt;</mattext></material></flow_mat></response_label></flow_label><flow_label class="Block"><response_label ident="QUES_42756980_42761061_A130833150"><flow_mat><material><mattext texttype="text/html">&lt;span style="font-family:'Arial';"&gt;At least one of a., b. and c. is correct IF you remove the repeating &lt;/span&gt;&lt;span style="font-family:'Arial';"&gt;&lt;IMG src="ppg/respondus/Riemann_Sums_Notation_Post_BB_Test/eq_076335.gif" alt="equation" border=0 align="absmiddle"&gt;&lt;/span&gt;</mattext></material></flow_mat></response_label></flow_label><flow_label class="Block"><response_label ident="QUES_42756980_42761061_A130833151"><flow_mat><material><mattext texttype="text/html">&lt;span style="font-family:'Arial';"&gt;None of the above&lt;/span&gt;</mattext></material></flow_mat></response_label></flow_label></render_choice></response_lid></flow></presentation><resprocessing><respcondition title="Response Condition 1"><conditionvar><varequal respident="QUES_42756980_42761061_LID">QUES_42756980_42761061_A130833145</varequal></conditionvar><setvar action="Set">0.000000000</setvar><displayfeedback feedbacktype="Response" linkrefid="QUES_42756980_42761061_IF130833145" /></respcondition><respcondition title="Response Condition 2"><conditionvar><varequal respident="QUES_42756980_42761061_LID">QUES_42756980_42761061_A130833146</varequal></conditionvar><setvar action="Set">100.000000000</setvar><displayfeedback feedbacktype="Response" linkrefid="QUES_42756980_42761061_IF130833146" /></respcondition><respcondition title="Response Condition 3"><conditionvar><varequal respident="QUES_42756980_42761061_LID">QUES_42756980_42761061_A130833147</varequal></conditionvar><setvar action="Set">0.000000000</setvar><displayfeedback feedbacktype="Response" linkrefid="QUES_42756980_42761061_IF130833147" /></respcondition><respcondition title="Response Condition 4"><conditionvar><varequal respident="QUES_42756980_42761061_LID">QUES_42756980_42761061_A130833148</varequal></conditionvar><setvar action="Set">0.000000000</setvar><displayfeedback feedbacktype="Response" linkrefid="QUES_42756980_42761061_IF130833148" /></respcondition><respcondition title="Response Condition 5"><conditionvar><varequal respident="QUES_42756980_42761061_LID">QUES_42756980_42761061_A130833149</varequal></conditionvar><setvar action="Set">0.000000000</setvar><displayfeedback feedbacktype="Response" linkrefid="QUES_42756980_42761061_IF130833149" /></respcondition><respcondition title="Response Condition 6"><conditionvar><varequal respident="QUES_42756980_42761061_LID">QUES_42756980_42761061_A130833150</varequal></conditionvar><setvar action="Set">0.000000000</setvar><displayfeedback feedbacktype="Response" linkrefid="QUES_42756980_42761061_IF130833150" /></respcondition><respcondition title="Response Condition 7"><conditionvar><varequal respident="QUES_42756980_42761061_LID">QUES_42756980_42761061_A130833151</varequal></conditionvar><setvar action="Set">0.000000000</setvar><displayfeedback feedbacktype="Response" linkrefid="QUES_42756980_42761061_IF130833151" /></respcondition></resprocessing><itemfeedback ident="QUES_42756980_42761061_IF130833145"><material><mattext texttype="text/plain" /></material></itemfeedback><itemfeedback ident="QUES_42756980_42761061_IF130833146"><material><mattext texttype="text/plain" /></material></itemfeedback><itemfeedback ident="QUES_42756980_42761061_IF130833147"><material><mattext texttype="text/plain" /></material></itemfeedback><itemfeedback ident="QUES_42756980_42761061_IF130833148"><material><mattext texttype="text/plain" /></material></itemfeedback><itemfeedback ident="QUES_42756980_42761061_IF130833149"><material><mattext texttype="text/plain" /></material></itemfeedback><itemfeedback ident="QUES_42756980_42761061_IF130833150"><material><mattext texttype="text/plain" /></material></itemfeedback><itemfeedback ident="QUES_42756980_42761061_IF130833151"><material><mattext texttype="text/plain" /></material></itemfeedback></item></section></assessment></questestinterop>