﻿<?xml version="1.0" encoding="UTF-8"?><questestinterop xmlns:d2l_2p0="http://desire2learn.com/xsd/d2lcp_v2p0"><assessment d2l_2p0:id="442" title="FTOC: Integrals are Antiderivatives PostVideo Questions" ident="res_quiz_122397" d2l_2p0:resource_code="ef9e56cc46d3486a98963923-122"><rubric><flow_mat><material><mattext d2l_2p0:isdisplayed="no" texttype="text/html" /></material></flow_mat></rubric><assessmentcontrol hintswitch="no" solutionswitch="yes" feedbackswitch="no" /><presentation_material><flow_mat><material label="page header"><mattext d2l_2p0:isdisplayed="no" texttype="text/html" /></material><material label="page footer"><mattext d2l_2p0:isdisplayed="no" texttype="text/html" /></material></flow_mat></presentation_material><assess_procextension><d2l_2p0:intro_message d2l_2p0:isdisplayed="yes" texttype="text/html">Respondus</d2l_2p0:intro_message><d2l_2p0:disable_right_click>no</d2l_2p0:disable_right_click><d2l_2p0:disable_pager_access>no</d2l_2p0:disable_pager_access><is_active>yes</is_active><d2l_2p0:date_start /><d2l_2p0:date_end /><d2l_2p0:date_due /><d2l_2p0:has_schedule_event>no</d2l_2p0:has_schedule_event><d2l_2p0:is_attempt_Rldb>no</d2l_2p0:is_attempt_Rldb><d2l_2p0:is_subview_Rldb>no</d2l_2p0:is_subview_Rldb><d2l_2p0:time_limit>120</d2l_2p0:time_limit><d2l_2p0:show_clock>yes</d2l_2p0:show_clock><d2l_2p0:enforce_time_limit>yes</d2l_2p0:enforce_time_limit><d2l_2p0:grace_period>5</d2l_2p0:grace_period><d2l_2p0:late_limit>0</d2l_2p0:late_limit><d2l_2p0:attempts_allowed>3</d2l_2p0:attempts_allowed><d2l_2p0:attempt_restrictions /><d2l_2p0:mark_calculation_type>1</d2l_2p0:mark_calculation_type><d2l_2p0:is_forward_only>no</d2l_2p0:is_forward_only></assess_procextension><assessfeedback title=""><rubric><flow_mat><material><mattext texttype="yes">Your quiz has been submitted successfully.</mattext></material></flow_mat></rubric><d2l_2p0:duration>0</d2l_2p0:duration><d2l_2p0:response_display_type_id>1</d2l_2p0:response_display_type_id><d2l_2p0:show_correct_answers>no</d2l_2p0:show_correct_answers><d2l_2p0:submission_restrictip>no</d2l_2p0:submission_restrictip><d2l_2p0:show_class_average>no</d2l_2p0:show_class_average><d2l_2p0:show_score_distribution>no</d2l_2p0:show_score_distribution></assessfeedback><section ident="CONTAINER_SECTION"><item ident="OBJ_1651144" label="QUES_42756951_42761032" d2l_2p0:page="1"><itemmetadata><qtimetadata><qti_metadatafield><fieldlabel>qmd_computerscored</fieldlabel><fieldentry>yes</fieldentry></qti_metadatafield><qti_metadatafield><fieldlabel>qmd_questiontype</fieldlabel><fieldentry>Multiple Choice</fieldentry></qti_metadatafield><qti_metadatafield><fieldlabel>qmd_weighting</fieldlabel><fieldentry>1.000000000</fieldentry></qti_metadatafield><qti_metadatafield><fieldlabel>qmd_globalid</fieldlabel><fieldentry>bebac1b0-2039-49bd-a4df-3791dd5351e0</fieldentry></qti_metadatafield><qti_metadatafield><fieldlabel>qmd_displayid</fieldlabel><fieldentry>Sample Course-74150</fieldentry></qti_metadatafield></qtimetadata></itemmetadata><itemproc_extension><d2l_2p0:difficulty>3</d2l_2p0:difficulty><d2l_2p0:isbonus>no</d2l_2p0:isbonus><d2l_2p0:ismandatory>yes</d2l_2p0:ismandatory></itemproc_extension><presentation><flow><material><mattext texttype="text/html">&lt;!--RsQ_001--&gt;&lt;span style="font-family:'Arial';"&gt;The value of the definite integral &lt;/span&gt;&lt;span style="font-family:'Arial'; color:#000000;"&gt;&lt;IMG src="ppg/respondus/FTOC_1_Post_BB_Test/eq_0c955d.gif" alt="equation" border=0 align="absmiddle"&gt;&lt;/span&gt;&lt;span style="font-family:'Arial';"&gt; is: &lt;/span&gt;</mattext></material><response_extension><d2l_2p0:display_style>2</d2l_2p0:display_style><d2l_2p0:enumeration>6</d2l_2p0:enumeration><d2l_2p0:grading_type>0</d2l_2p0:grading_type></response_extension><response_lid ident="QUES_42756951_42761032_LID" rcardinality="Single"><render_choice shuffle="no"><flow_label class="Block"><response_label ident="QUES_42756951_42761032_A130832975"><flow_mat><material><mattext texttype="text/html">&lt;span style="font-family:'Arial';"&gt;2&lt;/span&gt;</mattext></material></flow_mat></response_label></flow_label><flow_label class="Block"><response_label ident="QUES_42756951_42761032_A130832976"><flow_mat><material><mattext texttype="text/html">&lt;span style="font-family:'Arial';"&gt;4&lt;/span&gt;</mattext></material></flow_mat></response_label></flow_label><flow_label class="Block"><response_label ident="QUES_42756951_42761032_A130832977"><flow_mat><material><mattext texttype="text/html">&lt;span style="font-family:'Arial';"&gt;6&lt;/span&gt;</mattext></material></flow_mat></response_label></flow_label><flow_label class="Block"><response_label ident="QUES_42756951_42761032_A130832978"><flow_mat><material><mattext texttype="text/html">&lt;span style="font-family:'Arial';"&gt;8&lt;/span&gt;</mattext></material></flow_mat></response_label></flow_label><flow_label class="Block"><response_label ident="QUES_42756951_42761032_A130832979"><flow_mat><material><mattext texttype="text/html">&lt;span style="font-family:'Arial';"&gt;10&lt;/span&gt;</mattext></material></flow_mat></response_label></flow_label></render_choice></response_lid></flow></presentation><resprocessing><respcondition title="Response Condition 1"><conditionvar><varequal respident="QUES_42756951_42761032_LID">QUES_42756951_42761032_A130832975</varequal></conditionvar><setvar action="Set">0.000000000</setvar><displayfeedback feedbacktype="Response" linkrefid="QUES_42756951_42761032_IF130832975" /></respcondition><respcondition title="Response Condition 2"><conditionvar><varequal respident="QUES_42756951_42761032_LID">QUES_42756951_42761032_A130832976</varequal></conditionvar><setvar action="Set">100.000000000</setvar><displayfeedback feedbacktype="Response" linkrefid="QUES_42756951_42761032_IF130832976" /></respcondition><respcondition title="Response Condition 3"><conditionvar><varequal respident="QUES_42756951_42761032_LID">QUES_42756951_42761032_A130832977</varequal></conditionvar><setvar action="Set">0.000000000</setvar><displayfeedback feedbacktype="Response" linkrefid="QUES_42756951_42761032_IF130832977" /></respcondition><respcondition title="Response Condition 4"><conditionvar><varequal respident="QUES_42756951_42761032_LID">QUES_42756951_42761032_A130832978</varequal></conditionvar><setvar action="Set">0.000000000</setvar><displayfeedback feedbacktype="Response" linkrefid="QUES_42756951_42761032_IF130832978" /></respcondition><respcondition title="Response Condition 5"><conditionvar><varequal respident="QUES_42756951_42761032_LID">QUES_42756951_42761032_A130832979</varequal></conditionvar><setvar action="Set">0.000000000</setvar><displayfeedback feedbacktype="Response" linkrefid="QUES_42756951_42761032_IF130832979" /></respcondition></resprocessing><itemfeedback ident="QUES_42756951_42761032_IF130832975"><material><mattext texttype="text/plain" /></material></itemfeedback><itemfeedback ident="QUES_42756951_42761032_IF130832976"><material><mattext texttype="text/plain" /></material></itemfeedback><itemfeedback ident="QUES_42756951_42761032_IF130832977"><material><mattext texttype="text/plain" /></material></itemfeedback><itemfeedback ident="QUES_42756951_42761032_IF130832978"><material><mattext texttype="text/plain" /></material></itemfeedback><itemfeedback ident="QUES_42756951_42761032_IF130832979"><material><mattext texttype="text/plain" /></material></itemfeedback></item><item ident="OBJ_1651145" label="QUES_42756952_42761033" d2l_2p0:page="1"><itemmetadata><qtimetadata><qti_metadatafield><fieldlabel>qmd_computerscored</fieldlabel><fieldentry>yes</fieldentry></qti_metadatafield><qti_metadatafield><fieldlabel>qmd_questiontype</fieldlabel><fieldentry>Multiple Choice</fieldentry></qti_metadatafield><qti_metadatafield><fieldlabel>qmd_weighting</fieldlabel><fieldentry>1.000000000</fieldentry></qti_metadatafield><qti_metadatafield><fieldlabel>qmd_globalid</fieldlabel><fieldentry>bc4092df-592a-4a3e-bb67-fee5535bf25d</fieldentry></qti_metadatafield><qti_metadatafield><fieldlabel>qmd_displayid</fieldlabel><fieldentry>Sample Course-74151</fieldentry></qti_metadatafield></qtimetadata></itemmetadata><itemproc_extension><d2l_2p0:difficulty>3</d2l_2p0:difficulty><d2l_2p0:isbonus>no</d2l_2p0:isbonus><d2l_2p0:ismandatory>yes</d2l_2p0:ismandatory></itemproc_extension><presentation><flow><material><mattext texttype="text/html">&lt;!--RsQ_002--&gt;&lt;span style="font-family:'Arial';"&gt;Let &lt;/span&gt;&lt;span style="font-family:'Arial'; color:#000000;"&gt;&lt;IMG src="ppg/respondus/FTOC_1_Post_BB_Test/eq_0c92b3.gif" alt="equation" border=0 align="absmiddle"&gt;&lt;/span&gt;&lt;span style="font-family:'Arial';"&gt; represent the rate at which water drains from a tank (in gallons per minute) and &lt;/span&gt;&lt;span style="font-family:'Arial'; color:#000000;"&gt;&lt;IMG src="ppg/respondus/FTOC_1_Post_BB_Test/eq_0c95b2.gif" alt="equation" border=0 align="absmiddle"&gt;&lt;/span&gt;&lt;span style="font-family:'Arial';"&gt; represent the number of minutes elapsed since water started draining from the tank. Which of the following best describes the meaning of &lt;/span&gt;&lt;span style="font-family:'Arial'; color:#000000;"&gt;&lt;IMG src="ppg/respondus/FTOC_1_Post_BB_Test/eq_0c95cf.gif" alt="equation" border=0 align="absmiddle"&gt;&lt;/span&gt;&lt;span style="font-family:'Arial';"&gt; &lt;/span&gt;</mattext></material><response_extension><d2l_2p0:display_style>2</d2l_2p0:display_style><d2l_2p0:enumeration>6</d2l_2p0:enumeration><d2l_2p0:grading_type>0</d2l_2p0:grading_type></response_extension><response_lid ident="QUES_42756952_42761033_LID" rcardinality="Single"><render_choice shuffle="no"><flow_label class="Block"><response_label ident="QUES_42756952_42761033_A130832980"><flow_mat><material><mattext texttype="text/html">&lt;span style="font-family:'Arial';"&gt;The change in the rate at which the water drains from 1 to 4 hours after starting to drain the water.&lt;/span&gt;</mattext></material></flow_mat></response_label></flow_label><flow_label class="Block"><response_label ident="QUES_42756952_42761033_A130832981"><flow_mat><material><mattext texttype="text/html">&lt;span style="font-family:'Arial';"&gt;The change in the volume of water in the tank from 1 to 4 hours after starting to drain the tank.&lt;/span&gt;</mattext></material></flow_mat></response_label></flow_label><flow_label class="Block"><response_label ident="QUES_42756952_42761033_A130832982"><flow_mat><material><mattext texttype="text/html">&lt;span style="font-family:'Arial';"&gt;The average rate at which water is leaving the tank from 1 to 4 hours after starting to drain the tank.&lt;/span&gt;</mattext></material></flow_mat></response_label></flow_label><flow_label class="Block"><response_label ident="QUES_42756952_42761033_A130832983"><flow_mat><material><mattext texttype="text/html">&lt;span style="font-family:'Arial';"&gt;The amount of water that has drained from the tank 4 hours after starting to drain the tank&lt;/span&gt;</mattext></material></flow_mat></response_label></flow_label><flow_label class="Block"><response_label ident="QUES_42756952_42761033_A130832984"><flow_mat><material><mattext texttype="text/html">&lt;span style="font-family:'Arial';"&gt; &lt;/span&gt;</mattext></material></flow_mat></response_label></flow_label></render_choice></response_lid></flow></presentation><resprocessing><respcondition title="Response Condition 1"><conditionvar><varequal respident="QUES_42756952_42761033_LID">QUES_42756952_42761033_A130832980</varequal></conditionvar><setvar action="Set">0.000000000</setvar><displayfeedback feedbacktype="Response" linkrefid="QUES_42756952_42761033_IF130832980" /></respcondition><respcondition title="Response Condition 2"><conditionvar><varequal respident="QUES_42756952_42761033_LID">QUES_42756952_42761033_A130832981</varequal></conditionvar><setvar action="Set">100.000000000</setvar><displayfeedback feedbacktype="Response" linkrefid="QUES_42756952_42761033_IF130832981" /></respcondition><respcondition title="Response Condition 3"><conditionvar><varequal respident="QUES_42756952_42761033_LID">QUES_42756952_42761033_A130832982</varequal></conditionvar><setvar action="Set">0.000000000</setvar><displayfeedback feedbacktype="Response" linkrefid="QUES_42756952_42761033_IF130832982" /></respcondition><respcondition title="Response Condition 4"><conditionvar><varequal respident="QUES_42756952_42761033_LID">QUES_42756952_42761033_A130832983</varequal></conditionvar><setvar action="Set">0.000000000</setvar><displayfeedback feedbacktype="Response" linkrefid="QUES_42756952_42761033_IF130832983" /></respcondition><respcondition title="Response Condition 5"><conditionvar><varequal respident="QUES_42756952_42761033_LID">QUES_42756952_42761033_A130832984</varequal></conditionvar><setvar action="Set">0.000000000</setvar><displayfeedback feedbacktype="Response" linkrefid="QUES_42756952_42761033_IF130832984" /></respcondition></resprocessing><itemfeedback ident="QUES_42756952_42761033_IF130832980"><material><mattext texttype="text/plain" /></material></itemfeedback><itemfeedback ident="QUES_42756952_42761033_IF130832981"><material><mattext texttype="text/plain" /></material></itemfeedback><itemfeedback ident="QUES_42756952_42761033_IF130832982"><material><mattext texttype="text/plain" /></material></itemfeedback><itemfeedback ident="QUES_42756952_42761033_IF130832983"><material><mattext texttype="text/plain" /></material></itemfeedback><itemfeedback ident="QUES_42756952_42761033_IF130832984"><material><mattext texttype="text/plain" /></material></itemfeedback></item></section></assessment></questestinterop>