﻿<?xml version="1.0" encoding="UTF-8"?><questestinterop xmlns:d2l_2p0="http://desire2learn.com/xsd/d2lcp_v2p0"><assessment d2l_2p0:id="410" title="Chain Rule PreVideo Questions" ident="res_quiz_122365" d2l_2p0:resource_code="ef9e56cc46d3486a98963923-90"><rubric><flow_mat><material><mattext d2l_2p0:isdisplayed="no" texttype="text/html" /></material></flow_mat></rubric><assessmentcontrol hintswitch="no" solutionswitch="yes" feedbackswitch="no" /><presentation_material><flow_mat><material label="page header"><mattext d2l_2p0:isdisplayed="no" texttype="text/html" /></material><material label="page footer"><mattext d2l_2p0:isdisplayed="no" texttype="text/html" /></material></flow_mat></presentation_material><assess_procextension><d2l_2p0:intro_message d2l_2p0:isdisplayed="yes" texttype="text/html">Respondus</d2l_2p0:intro_message><d2l_2p0:disable_right_click>no</d2l_2p0:disable_right_click><d2l_2p0:disable_pager_access>no</d2l_2p0:disable_pager_access><is_active>yes</is_active><d2l_2p0:date_start /><d2l_2p0:date_end /><d2l_2p0:date_due /><d2l_2p0:has_schedule_event>no</d2l_2p0:has_schedule_event><d2l_2p0:is_attempt_Rldb>no</d2l_2p0:is_attempt_Rldb><d2l_2p0:is_subview_Rldb>no</d2l_2p0:is_subview_Rldb><d2l_2p0:time_limit>120</d2l_2p0:time_limit><d2l_2p0:show_clock>yes</d2l_2p0:show_clock><d2l_2p0:enforce_time_limit>yes</d2l_2p0:enforce_time_limit><d2l_2p0:grace_period>5</d2l_2p0:grace_period><d2l_2p0:late_limit>0</d2l_2p0:late_limit><d2l_2p0:attempts_allowed>3</d2l_2p0:attempts_allowed><d2l_2p0:attempt_restrictions /><d2l_2p0:mark_calculation_type>1</d2l_2p0:mark_calculation_type><d2l_2p0:is_forward_only>no</d2l_2p0:is_forward_only></assess_procextension><assessfeedback title=""><rubric><flow_mat><material><mattext texttype="yes">Your quiz has been submitted successfully.</mattext></material></flow_mat></rubric><d2l_2p0:duration>0</d2l_2p0:duration><d2l_2p0:response_display_type_id>1</d2l_2p0:response_display_type_id><d2l_2p0:show_correct_answers>no</d2l_2p0:show_correct_answers><d2l_2p0:submission_restrictip>no</d2l_2p0:submission_restrictip><d2l_2p0:show_class_average>no</d2l_2p0:show_class_average><d2l_2p0:show_score_distribution>no</d2l_2p0:show_score_distribution></assessfeedback><section ident="CONTAINER_SECTION"><item ident="OBJ_1651064" label="QUES_42756871_42760952" d2l_2p0:page="1"><itemmetadata><qtimetadata><qti_metadatafield><fieldlabel>qmd_computerscored</fieldlabel><fieldentry>yes</fieldentry></qti_metadatafield><qti_metadatafield><fieldlabel>qmd_questiontype</fieldlabel><fieldentry>Multiple Choice</fieldentry></qti_metadatafield><qti_metadatafield><fieldlabel>qmd_weighting</fieldlabel><fieldentry>1.000000000</fieldentry></qti_metadatafield><qti_metadatafield><fieldlabel>qmd_globalid</fieldlabel><fieldentry>fc1ff9e8-1df4-4733-9f95-6539eab77157</fieldentry></qti_metadatafield><qti_metadatafield><fieldlabel>qmd_displayid</fieldlabel><fieldentry>Sample Course-74070</fieldentry></qti_metadatafield></qtimetadata></itemmetadata><itemproc_extension><d2l_2p0:difficulty>3</d2l_2p0:difficulty><d2l_2p0:isbonus>no</d2l_2p0:isbonus><d2l_2p0:ismandatory>yes</d2l_2p0:ismandatory></itemproc_extension><presentation><flow><material><mattext texttype="text/html">&lt;!--RsQ_001--&gt;&lt;span style="font-family:'Arial';"&gt;&lt;i&gt;f(x)&lt;/i&gt;&lt;/span&gt;&lt;span style="font-family:'Arial';"&gt; = cos(sin(x)), &lt;/span&gt;&lt;span style="font-family:'Arial';"&gt;&lt;i&gt;f'(x) = &lt;/i&gt;&lt;/span&gt;</mattext></material><response_extension><d2l_2p0:display_style>2</d2l_2p0:display_style><d2l_2p0:enumeration>6</d2l_2p0:enumeration><d2l_2p0:grading_type>0</d2l_2p0:grading_type></response_extension><response_lid ident="QUES_42756871_42760952_LID" rcardinality="Single"><render_choice shuffle="no"><flow_label class="Block"><response_label ident="QUES_42756871_42760952_A130832573"><flow_mat><material><mattext texttype="text/html">&lt;span style="font-family:'Arial';"&gt;-sin(cos(x))&lt;/span&gt;</mattext></material></flow_mat></response_label></flow_label><flow_label class="Block"><response_label ident="QUES_42756871_42760952_A130832574"><flow_mat><material><mattext texttype="text/html">&lt;span style="font-family:'Arial';"&gt;-sin(sin(x))cos(x)&lt;/span&gt;</mattext></material></flow_mat></response_label></flow_label><flow_label class="Block"><response_label ident="QUES_42756871_42760952_A130832575"><flow_mat><material><mattext texttype="text/html">&lt;span style="font-family:'Arial';"&gt;sin(x)cos(x)&lt;/span&gt;</mattext></material></flow_mat></response_label></flow_label><flow_label class="Block"><response_label ident="QUES_42756871_42760952_A130832576"><flow_mat><material><mattext texttype="text/html">&lt;span style="font-family:'Arial';"&gt;cos(sin(x))cos(x)&lt;/span&gt;</mattext></material></flow_mat></response_label></flow_label></render_choice></response_lid></flow></presentation><resprocessing><respcondition title="Response Condition 1"><conditionvar><varequal respident="QUES_42756871_42760952_LID">QUES_42756871_42760952_A130832573</varequal></conditionvar><setvar action="Set">0.000000000</setvar><displayfeedback feedbacktype="Response" linkrefid="QUES_42756871_42760952_IF130832573" /></respcondition><respcondition title="Response Condition 2"><conditionvar><varequal respident="QUES_42756871_42760952_LID">QUES_42756871_42760952_A130832574</varequal></conditionvar><setvar action="Set">100.000000000</setvar><displayfeedback feedbacktype="Response" linkrefid="QUES_42756871_42760952_IF130832574" /></respcondition><respcondition title="Response Condition 3"><conditionvar><varequal respident="QUES_42756871_42760952_LID">QUES_42756871_42760952_A130832575</varequal></conditionvar><setvar action="Set">0.000000000</setvar><displayfeedback feedbacktype="Response" linkrefid="QUES_42756871_42760952_IF130832575" /></respcondition><respcondition title="Response Condition 4"><conditionvar><varequal respident="QUES_42756871_42760952_LID">QUES_42756871_42760952_A130832576</varequal></conditionvar><setvar action="Set">0.000000000</setvar><displayfeedback feedbacktype="Response" linkrefid="QUES_42756871_42760952_IF130832576" /></respcondition></resprocessing><itemfeedback ident="QUES_42756871_42760952_IF130832573"><material><mattext texttype="text/plain" /></material></itemfeedback><itemfeedback ident="QUES_42756871_42760952_IF130832574"><material><mattext texttype="text/plain" /></material></itemfeedback><itemfeedback ident="QUES_42756871_42760952_IF130832575"><material><mattext texttype="text/plain" /></material></itemfeedback><itemfeedback ident="QUES_42756871_42760952_IF130832576"><material><mattext texttype="text/plain" /></material></itemfeedback></item><item ident="OBJ_1651065" label="QUES_42756872_42760953" d2l_2p0:page="1"><itemmetadata><qtimetadata><qti_metadatafield><fieldlabel>qmd_computerscored</fieldlabel><fieldentry>yes</fieldentry></qti_metadatafield><qti_metadatafield><fieldlabel>qmd_questiontype</fieldlabel><fieldentry>Multiple Choice</fieldentry></qti_metadatafield><qti_metadatafield><fieldlabel>qmd_weighting</fieldlabel><fieldentry>1.000000000</fieldentry></qti_metadatafield><qti_metadatafield><fieldlabel>qmd_globalid</fieldlabel><fieldentry>fa742cd3-b16b-4de5-81b7-d7ee9decbbb4</fieldentry></qti_metadatafield><qti_metadatafield><fieldlabel>qmd_displayid</fieldlabel><fieldentry>Sample Course-74071</fieldentry></qti_metadatafield></qtimetadata></itemmetadata><itemproc_extension><d2l_2p0:difficulty>3</d2l_2p0:difficulty><d2l_2p0:isbonus>no</d2l_2p0:isbonus><d2l_2p0:ismandatory>yes</d2l_2p0:ismandatory></itemproc_extension><presentation><flow><material><mattext texttype="text/html">&lt;!--RsQ_002--&gt;&lt;span style="font-family:'Arial';"&gt;&lt;i&gt;f(x)&lt;/i&gt;&lt;/span&gt;&lt;span style="font-family:'Arial';"&gt; = 7&lt;/span&gt;&lt;span style="font-family:'Arial';"&gt;&lt;sup&gt;sin(&lt;/span&gt;&lt;span style="font-family:'Arial';"&gt;&lt;i&gt;x&lt;/i&gt;&lt;/span&gt;&lt;span style="font-family:'Arial';"&gt;)&lt;/SUP&gt;&lt;/span&gt;&lt;span style="font-family:'Arial';"&gt; &lt;/span&gt;</mattext></material><response_extension><d2l_2p0:display_style>2</d2l_2p0:display_style><d2l_2p0:enumeration>6</d2l_2p0:enumeration><d2l_2p0:grading_type>0</d2l_2p0:grading_type></response_extension><response_lid ident="QUES_42756872_42760953_LID" rcardinality="Single"><render_choice shuffle="no"><flow_label class="Block"><response_label ident="QUES_42756872_42760953_A130832577"><flow_mat><material><mattext texttype="text/html">&lt;span style="font-family:'Arial';"&gt;7cos&lt;/span&gt;&lt;span style="font-family:'Arial';"&gt;&lt;sup&gt;(&lt;/span&gt;&lt;span style="font-family:'Arial';"&gt;&lt;i&gt;x&lt;/i&gt;&lt;/span&gt;&lt;span style="font-family:'Arial';"&gt;)&lt;/sup&gt;&lt;/span&gt;</mattext></material></flow_mat></response_label></flow_label><flow_label class="Block"><response_label ident="QUES_42756872_42760953_A130832578"><flow_mat><material><mattext texttype="text/html">&lt;span style="font-family:'Arial';"&gt;7&lt;/span&gt;&lt;span style="font-family:'Arial';"&gt;&lt;sup&gt;sin(&lt;/span&gt;&lt;span style="font-family:'Arial';"&gt;&lt;i&gt;x&lt;/i&gt;&lt;/span&gt;&lt;span style="font-family:'Arial';"&gt;)&lt;/SUP&gt;&lt;/span&gt;&lt;span style="font-family:'Arial';"&gt;ln(7)cos(&lt;/span&gt;&lt;span style="font-family:'Arial';"&gt;&lt;i&gt;x&lt;/i&gt;&lt;/span&gt;&lt;span style="font-family:'Arial';"&gt;)&lt;/span&gt;</mattext></material></flow_mat></response_label></flow_label><flow_label class="Block"><response_label ident="QUES_42756872_42760953_A130832579"><flow_mat><material><mattext texttype="text/html">&lt;span style="font-family:'Arial';"&gt;7cos&lt;/span&gt;&lt;span style="font-family:'Arial';"&gt;&lt;sup&gt;(&lt;/span&gt;&lt;span style="font-family:'Arial';"&gt;&lt;i&gt;x&lt;/i&gt;&lt;/span&gt;&lt;span style="font-family:'Arial';"&gt;)&lt;/SUP&gt;&lt;/span&gt;&lt;span style="font-family:'Arial';"&gt;ln(7)&lt;/span&gt;</mattext></material></flow_mat></response_label></flow_label><flow_label class="Block"><response_label ident="QUES_42756872_42760953_A130832580"><flow_mat><material><mattext texttype="text/html">&lt;span style="font-family:'Arial';"&gt;7&lt;/span&gt;&lt;span style="font-family:'Arial';"&gt;&lt;sup&gt;sin(&lt;/span&gt;&lt;span style="font-family:'Arial';"&gt;&lt;i&gt;x&lt;/i&gt;&lt;/span&gt;&lt;span style="font-family:'Arial';"&gt;)&lt;/SUP&gt;&lt;/span&gt;&lt;span style="font-family:'Arial';"&gt;cos(x)&lt;/span&gt;</mattext></material></flow_mat></response_label></flow_label></render_choice></response_lid></flow></presentation><resprocessing><respcondition title="Response Condition 1"><conditionvar><varequal respident="QUES_42756872_42760953_LID">QUES_42756872_42760953_A130832577</varequal></conditionvar><setvar action="Set">0.000000000</setvar><displayfeedback feedbacktype="Response" linkrefid="QUES_42756872_42760953_IF130832577" /></respcondition><respcondition title="Response Condition 2"><conditionvar><varequal respident="QUES_42756872_42760953_LID">QUES_42756872_42760953_A130832578</varequal></conditionvar><setvar action="Set">100.000000000</setvar><displayfeedback feedbacktype="Response" linkrefid="QUES_42756872_42760953_IF130832578" /></respcondition><respcondition title="Response Condition 3"><conditionvar><varequal respident="QUES_42756872_42760953_LID">QUES_42756872_42760953_A130832579</varequal></conditionvar><setvar action="Set">0.000000000</setvar><displayfeedback feedbacktype="Response" linkrefid="QUES_42756872_42760953_IF130832579" /></respcondition><respcondition title="Response Condition 4"><conditionvar><varequal respident="QUES_42756872_42760953_LID">QUES_42756872_42760953_A130832580</varequal></conditionvar><setvar action="Set">0.000000000</setvar><displayfeedback feedbacktype="Response" linkrefid="QUES_42756872_42760953_IF130832580" /></respcondition></resprocessing><itemfeedback ident="QUES_42756872_42760953_IF130832577"><material><mattext texttype="text/plain" /></material></itemfeedback><itemfeedback ident="QUES_42756872_42760953_IF130832578"><material><mattext texttype="text/plain" /></material></itemfeedback><itemfeedback ident="QUES_42756872_42760953_IF130832579"><material><mattext texttype="text/plain" /></material></itemfeedback><itemfeedback ident="QUES_42756872_42760953_IF130832580"><material><mattext texttype="text/plain" /></material></itemfeedback></item><item ident="OBJ_1651066" label="QUES_42756873_42760954" d2l_2p0:page="1"><itemmetadata><qtimetadata><qti_metadatafield><fieldlabel>qmd_computerscored</fieldlabel><fieldentry>yes</fieldentry></qti_metadatafield><qti_metadatafield><fieldlabel>qmd_questiontype</fieldlabel><fieldentry>Multiple Choice</fieldentry></qti_metadatafield><qti_metadatafield><fieldlabel>qmd_weighting</fieldlabel><fieldentry>1.000000000</fieldentry></qti_metadatafield><qti_metadatafield><fieldlabel>qmd_globalid</fieldlabel><fieldentry>d7425ecc-3c8a-4094-8c6f-e6c2530f3593</fieldentry></qti_metadatafield><qti_metadatafield><fieldlabel>qmd_displayid</fieldlabel><fieldentry>Sample Course-74072</fieldentry></qti_metadatafield></qtimetadata></itemmetadata><itemproc_extension><d2l_2p0:difficulty>3</d2l_2p0:difficulty><d2l_2p0:isbonus>no</d2l_2p0:isbonus><d2l_2p0:ismandatory>yes</d2l_2p0:ismandatory></itemproc_extension><presentation><flow><material><mattext texttype="text/html">&lt;!--RsQ_003--&gt;&lt;span style="font-family:'Arial';"&gt;&lt;i&gt;f&lt;/i&gt;&lt;/span&gt;&lt;span style="font-family:'Arial';"&gt;(&lt;/span&gt;&lt;span style="font-family:'Arial';"&gt;&lt;i&gt;x&lt;/i&gt;&lt;/span&gt;&lt;span style="font-family:'Arial';"&gt;) = cos(&lt;/span&gt;&lt;span style="font-family:'Arial';"&gt;&lt;i&gt;x&lt;/i&gt;&lt;/span&gt;&lt;span style="font-family:'Arial';"&gt;&lt;sup&gt;2&lt;/SUP&gt;&lt;/span&gt;&lt;span style="font-family:'Arial';"&gt;-4&lt;/span&gt;&lt;span style="font-family:'Arial';"&gt;&lt;i&gt;x&lt;/i&gt;&lt;/span&gt;&lt;span style="font-family:'Arial';"&gt;+2), &lt;/span&gt;&lt;span style="font-family:'Arial';"&gt;&lt;i&gt;f'&lt;/i&gt;&lt;/span&gt;&lt;span style="font-family:'Arial';"&gt;(&lt;/span&gt;&lt;span style="font-family:'Arial';"&gt;&lt;i&gt;x&lt;/i&gt;&lt;/span&gt;&lt;span style="font-family:'Arial';"&gt;) = &lt;/span&gt;</mattext></material><response_extension><d2l_2p0:display_style>2</d2l_2p0:display_style><d2l_2p0:enumeration>6</d2l_2p0:enumeration><d2l_2p0:grading_type>0</d2l_2p0:grading_type></response_extension><response_lid ident="QUES_42756873_42760954_LID" rcardinality="Single"><render_choice shuffle="no"><flow_label class="Block"><response_label ident="QUES_42756873_42760954_A130832581"><flow_mat><material><mattext texttype="text/html">&lt;span style="font-family:'Arial';"&gt;cos(2&lt;/span&gt;&lt;span style="font-family:'Arial';"&gt;&lt;i&gt;x&lt;/i&gt;&lt;/span&gt;&lt;span style="font-family:'Arial';"&gt;-4) - sin(&lt;/span&gt;&lt;span style="font-family:'Arial';"&gt;&lt;i&gt;x&lt;/i&gt;&lt;/span&gt;&lt;span style="font-family:'Arial';"&gt;)&lt;/span&gt;</mattext></material></flow_mat></response_label></flow_label><flow_label class="Block"><response_label ident="QUES_42756873_42760954_A130832582"><flow_mat><material><mattext texttype="text/html">&lt;span style="font-family:'Arial';"&gt;-sin(&lt;/span&gt;&lt;span style="font-family:'Arial';"&gt;&lt;i&gt;x&lt;/i&gt;&lt;/span&gt;&lt;span style="font-family:'Arial';"&gt;&lt;sup&gt;2&lt;/SUP&gt;&lt;/span&gt;&lt;span style="font-family:'Arial';"&gt;-4&lt;/span&gt;&lt;span style="font-family:'Arial';"&gt;&lt;i&gt;x&lt;/i&gt;&lt;/span&gt;&lt;span style="font-family:'Arial';"&gt;+2) &lt;/span&gt;</mattext></material></flow_mat></response_label></flow_label><flow_label class="Block"><response_label ident="QUES_42756873_42760954_A130832583"><flow_mat><material><mattext texttype="text/html">&lt;span style="font-family:'Arial';"&gt;-sin(2&lt;/span&gt;&lt;span style="font-family:'Arial';"&gt;&lt;i&gt;x&lt;/i&gt;&lt;/span&gt;&lt;span style="font-family:'Arial';"&gt;-4)&lt;/span&gt;</mattext></material></flow_mat></response_label></flow_label><flow_label class="Block"><response_label ident="QUES_42756873_42760954_A130832584"><flow_mat><material><mattext texttype="text/html">&lt;span style="font-family:'Arial';"&gt;-sin(&lt;/span&gt;&lt;span style="font-family:'Arial';"&gt;&lt;i&gt;x&lt;/i&gt;&lt;/span&gt;&lt;span style="font-family:'Arial';"&gt;&lt;sup&gt;2&lt;/SUP&gt;&lt;/span&gt;&lt;span style="font-family:'Arial';"&gt;-4&lt;/span&gt;&lt;span style="font-family:'Arial';"&gt;&lt;i&gt;x&lt;/i&gt;&lt;/span&gt;&lt;span style="font-family:'Arial';"&gt;+2)(2&lt;/span&gt;&lt;span style="font-family:'Arial';"&gt;&lt;i&gt;x&lt;/i&gt;&lt;/span&gt;&lt;span style="font-family:'Arial';"&gt;-4) &lt;/span&gt;</mattext></material></flow_mat></response_label></flow_label></render_choice></response_lid></flow></presentation><resprocessing><respcondition title="Response Condition 1"><conditionvar><varequal respident="QUES_42756873_42760954_LID">QUES_42756873_42760954_A130832581</varequal></conditionvar><setvar action="Set">0.000000000</setvar><displayfeedback feedbacktype="Response" linkrefid="QUES_42756873_42760954_IF130832581" /></respcondition><respcondition title="Response Condition 2"><conditionvar><varequal respident="QUES_42756873_42760954_LID">QUES_42756873_42760954_A130832582</varequal></conditionvar><setvar action="Set">0.000000000</setvar><displayfeedback feedbacktype="Response" linkrefid="QUES_42756873_42760954_IF130832582" /></respcondition><respcondition title="Response Condition 3"><conditionvar><varequal respident="QUES_42756873_42760954_LID">QUES_42756873_42760954_A130832583</varequal></conditionvar><setvar action="Set">0.000000000</setvar><displayfeedback feedbacktype="Response" linkrefid="QUES_42756873_42760954_IF130832583" /></respcondition><respcondition title="Response Condition 4"><conditionvar><varequal respident="QUES_42756873_42760954_LID">QUES_42756873_42760954_A130832584</varequal></conditionvar><setvar action="Set">100.000000000</setvar><displayfeedback feedbacktype="Response" linkrefid="QUES_42756873_42760954_IF130832584" /></respcondition></resprocessing><itemfeedback ident="QUES_42756873_42760954_IF130832581"><material><mattext texttype="text/plain" /></material></itemfeedback><itemfeedback ident="QUES_42756873_42760954_IF130832582"><material><mattext texttype="text/plain" /></material></itemfeedback><itemfeedback ident="QUES_42756873_42760954_IF130832583"><material><mattext texttype="text/plain" /></material></itemfeedback><itemfeedback ident="QUES_42756873_42760954_IF130832584"><material><mattext texttype="text/plain" /></material></itemfeedback></item></section></assessment></questestinterop>