﻿<?xml version="1.0" encoding="UTF-8"?><questestinterop xmlns:d2l_2p0="http://desire2learn.com/xsd/d2lcp_v2p0"><assessment d2l_2p0:id="488" title="Limit Laws PostVideo Questions" ident="res_quiz_122443" d2l_2p0:resource_code="ef9e56cc46d3486a98963923-168"><rubric><flow_mat><material><mattext d2l_2p0:isdisplayed="no" texttype="text/html" /></material></flow_mat></rubric><assessmentcontrol hintswitch="no" solutionswitch="yes" feedbackswitch="no" /><presentation_material><flow_mat><material label="page header"><mattext d2l_2p0:isdisplayed="no" texttype="text/html" /></material><material label="page footer"><mattext d2l_2p0:isdisplayed="no" texttype="text/html" /></material></flow_mat></presentation_material><assess_procextension><d2l_2p0:intro_message d2l_2p0:isdisplayed="yes" texttype="text/html">&lt;p&gt;&lt;span style="color: #292b2c; font-family: 'Avenir Next', sans-serif; font-size: medium; font-style: normal; font-variant-ligatures: normal; font-variant-caps: normal; font-weight: 400; letter-spacing: normal; orphans: 2; text-align: start; text-indent: 0px; text-transform: none; white-space: normal; widows: 2; word-spacing: 0px; -webkit-text-stroke-width: 0px; text-decoration-style: initial; text-decoration-color: initial; float: none; display: inline !important;"&gt;PostVideo Questions are intended to measure your learning from the video. This is for a grade. You get three attempts. Your last attempt is the only attempt that counts toward your grade.&lt;/span&gt;&lt;/p&gt;</d2l_2p0:intro_message><d2l_2p0:disable_right_click>no</d2l_2p0:disable_right_click><d2l_2p0:disable_pager_access>no</d2l_2p0:disable_pager_access><is_active>yes</is_active><d2l_2p0:date_start /><d2l_2p0:date_end /><d2l_2p0:date_due /><d2l_2p0:has_schedule_event>no</d2l_2p0:has_schedule_event><d2l_2p0:is_attempt_Rldb>no</d2l_2p0:is_attempt_Rldb><d2l_2p0:is_subview_Rldb>no</d2l_2p0:is_subview_Rldb><d2l_2p0:time_limit>120</d2l_2p0:time_limit><d2l_2p0:show_clock>yes</d2l_2p0:show_clock><d2l_2p0:enforce_time_limit>yes</d2l_2p0:enforce_time_limit><d2l_2p0:grace_period>5</d2l_2p0:grace_period><d2l_2p0:late_limit>0</d2l_2p0:late_limit><d2l_2p0:attempts_allowed>3</d2l_2p0:attempts_allowed><d2l_2p0:attempt_restrictions /><d2l_2p0:mark_calculation_type>1</d2l_2p0:mark_calculation_type><d2l_2p0:is_forward_only>no</d2l_2p0:is_forward_only></assess_procextension><assessfeedback title=""><rubric><flow_mat><material><mattext texttype="yes">Your quiz has been submitted successfully.</mattext></material></flow_mat></rubric><d2l_2p0:duration>0</d2l_2p0:duration><d2l_2p0:response_display_type_id>1</d2l_2p0:response_display_type_id><d2l_2p0:show_correct_answers>no</d2l_2p0:show_correct_answers><d2l_2p0:submission_restrictip>no</d2l_2p0:submission_restrictip><d2l_2p0:show_class_average>no</d2l_2p0:show_class_average><d2l_2p0:show_score_distribution>no</d2l_2p0:show_score_distribution></assessfeedback><section ident="CONTAINER_SECTION"><item ident="OBJ_1651275" label="QUES_42757082_42761163" d2l_2p0:page="1"><itemmetadata><qtimetadata><qti_metadatafield><fieldlabel>qmd_computerscored</fieldlabel><fieldentry>yes</fieldentry></qti_metadatafield><qti_metadatafield><fieldlabel>qmd_questiontype</fieldlabel><fieldentry>Multiple Choice</fieldentry></qti_metadatafield><qti_metadatafield><fieldlabel>qmd_weighting</fieldlabel><fieldentry>1.000000000</fieldentry></qti_metadatafield><qti_metadatafield><fieldlabel>qmd_globalid</fieldlabel><fieldentry>c18d051b-ea2d-4e42-bf3a-851ff6d8171b</fieldentry></qti_metadatafield><qti_metadatafield><fieldlabel>qmd_displayid</fieldlabel><fieldentry>Sample Course-74281</fieldentry></qti_metadatafield></qtimetadata></itemmetadata><itemproc_extension><d2l_2p0:difficulty>3</d2l_2p0:difficulty><d2l_2p0:isbonus>no</d2l_2p0:isbonus><d2l_2p0:ismandatory>yes</d2l_2p0:ismandatory></itemproc_extension><presentation><flow><material><mattext texttype="text/html">&lt;p&gt;Evaluate the following limit:&amp;nbsp;&lt;img align="middle" alt="limit as x rightwards arrow 2 of 3 equals" class="Wirisformula" data-mathml="«math xmlns=¨http://www.w3.org/1998/Math/MathML¨»«munder»«mi»lim«/mi»«mrow»«mi»x«/mi»«mo»§#8594;«/mo»«mn»2«/mn»«/mrow»«/munder»«mn»3«/mn»«mo»=«/mo»«/math»" src="csfiles/home_dir/Math Images/3bd5ccd6ab252bde98a8a2ac5bdcd796.png"&gt;&lt;/p&gt;</mattext></material><response_extension><d2l_2p0:display_style>2</d2l_2p0:display_style><d2l_2p0:enumeration>6</d2l_2p0:enumeration><d2l_2p0:grading_type>0</d2l_2p0:grading_type></response_extension><response_lid ident="QUES_42757082_42761163_LID" rcardinality="Single"><render_choice shuffle="no"><flow_label class="Block"><response_label ident="QUES_42757082_42761163_A130833745"><flow_mat><material><mattext texttype="text/html">&lt;p&gt;0&lt;/p&gt;</mattext></material></flow_mat></response_label></flow_label><flow_label class="Block"><response_label ident="QUES_42757082_42761163_A130833746"><flow_mat><material><mattext texttype="text/html">&lt;p&gt;2&lt;/p&gt;</mattext></material></flow_mat></response_label></flow_label><flow_label class="Block"><response_label ident="QUES_42757082_42761163_A130833747"><flow_mat><material><mattext texttype="text/html">&lt;p&gt;3&lt;/p&gt;</mattext></material></flow_mat></response_label></flow_label><flow_label class="Block"><response_label ident="QUES_42757082_42761163_A130833748"><flow_mat><material><mattext texttype="text/html">&lt;p&gt;&lt;img align="middle" alt="x" class="Wirisformula" data-mathml="«math xmlns=¨http://www.w3.org/1998/Math/MathML¨»«mi»x«/mi»«/math»" src="csfiles/home_dir/Math Images/0906011f3a5875232c2aad39e52caca7.png"&gt;&lt;/p&gt;</mattext></material></flow_mat></response_label></flow_label><flow_label class="Block"><response_label ident="QUES_42757082_42761163_A130833749"><flow_mat><material><mattext texttype="text/html">&lt;p&gt;The limit does not exist.&lt;/p&gt;</mattext></material></flow_mat></response_label></flow_label></render_choice></response_lid></flow></presentation><resprocessing><respcondition title="Response Condition 1"><conditionvar><varequal respident="QUES_42757082_42761163_LID">QUES_42757082_42761163_A130833745</varequal></conditionvar><setvar action="Set">0.000000000</setvar><displayfeedback feedbacktype="Response" linkrefid="QUES_42757082_42761163_IF130833745" /></respcondition><respcondition title="Response Condition 2"><conditionvar><varequal respident="QUES_42757082_42761163_LID">QUES_42757082_42761163_A130833746</varequal></conditionvar><setvar action="Set">0.000000000</setvar><displayfeedback feedbacktype="Response" linkrefid="QUES_42757082_42761163_IF130833746" /></respcondition><respcondition title="Response Condition 3"><conditionvar><varequal respident="QUES_42757082_42761163_LID">QUES_42757082_42761163_A130833747</varequal></conditionvar><setvar action="Set">100.000000000</setvar><displayfeedback feedbacktype="Response" linkrefid="QUES_42757082_42761163_IF130833747" /></respcondition><respcondition title="Response Condition 4"><conditionvar><varequal respident="QUES_42757082_42761163_LID">QUES_42757082_42761163_A130833748</varequal></conditionvar><setvar action="Set">0.000000000</setvar><displayfeedback feedbacktype="Response" linkrefid="QUES_42757082_42761163_IF130833748" /></respcondition><respcondition title="Response Condition 5"><conditionvar><varequal respident="QUES_42757082_42761163_LID">QUES_42757082_42761163_A130833749</varequal></conditionvar><setvar action="Set">0.000000000</setvar><displayfeedback feedbacktype="Response" linkrefid="QUES_42757082_42761163_IF130833749" /></respcondition></resprocessing><itemfeedback ident="QUES_42757082_42761163_IF130833745"><material><mattext texttype="text/plain" /></material></itemfeedback><itemfeedback ident="QUES_42757082_42761163_IF130833746"><material><mattext texttype="text/plain" /></material></itemfeedback><itemfeedback ident="QUES_42757082_42761163_IF130833747"><material><mattext texttype="text/plain" /></material></itemfeedback><itemfeedback ident="QUES_42757082_42761163_IF130833748"><material><mattext texttype="text/plain" /></material></itemfeedback><itemfeedback ident="QUES_42757082_42761163_IF130833749"><material><mattext texttype="text/plain" /></material></itemfeedback></item><item ident="OBJ_1651276" label="QUES_42757083_42761164" d2l_2p0:page="1"><itemmetadata><qtimetadata><qti_metadatafield><fieldlabel>qmd_computerscored</fieldlabel><fieldentry>yes</fieldentry></qti_metadatafield><qti_metadatafield><fieldlabel>qmd_questiontype</fieldlabel><fieldentry>Multiple Choice</fieldentry></qti_metadatafield><qti_metadatafield><fieldlabel>qmd_weighting</fieldlabel><fieldentry>1.000000000</fieldentry></qti_metadatafield><qti_metadatafield><fieldlabel>qmd_globalid</fieldlabel><fieldentry>63b71f15-70e0-4a9a-afe2-b760a95d7b49</fieldentry></qti_metadatafield><qti_metadatafield><fieldlabel>qmd_displayid</fieldlabel><fieldentry>Sample Course-74282</fieldentry></qti_metadatafield></qtimetadata></itemmetadata><itemproc_extension><d2l_2p0:difficulty>3</d2l_2p0:difficulty><d2l_2p0:isbonus>no</d2l_2p0:isbonus><d2l_2p0:ismandatory>yes</d2l_2p0:ismandatory></itemproc_extension><presentation><flow><material><mattext texttype="text/html">&lt;p&gt;Evaluate the following limit:&amp;nbsp;&lt;img align="middle" alt="limit as x rightwards arrow negative 3 of open parentheses 2 x squared minus x close parentheses equals" class="Wirisformula" data-mathml="«math xmlns=¨http://www.w3.org/1998/Math/MathML¨»«munder»«mi»lim«/mi»«mrow»«mi»x«/mi»«mo»§#8594;«/mo»«mo»-«/mo»«mn»3«/mn»«/mrow»«/munder»«mfenced»«mrow»«mn»2«/mn»«msup»«mi»x«/mi»«mn»2«/mn»«/msup»«mo»-«/mo»«mi»x«/mi»«/mrow»«/mfenced»«mo»=«/mo»«/math»" src="csfiles/home_dir/Math Images/6b9031134ec61f0a7d520bd11bde55f9.png"&gt;&lt;/p&gt;</mattext></material><response_extension><d2l_2p0:display_style>2</d2l_2p0:display_style><d2l_2p0:enumeration>6</d2l_2p0:enumeration><d2l_2p0:grading_type>0</d2l_2p0:grading_type></response_extension><response_lid ident="QUES_42757083_42761164_LID" rcardinality="Single"><render_choice shuffle="no"><flow_label class="Block"><response_label ident="QUES_42757083_42761164_A130833750"><flow_mat><material><mattext texttype="text/html">&lt;p&gt;-3&lt;/p&gt;</mattext></material></flow_mat></response_label></flow_label><flow_label class="Block"><response_label ident="QUES_42757083_42761164_A130833751"><flow_mat><material><mattext texttype="text/html">&lt;p&gt;15&lt;/p&gt;</mattext></material></flow_mat></response_label></flow_label><flow_label class="Block"><response_label ident="QUES_42757083_42761164_A130833752"><flow_mat><material><mattext texttype="text/html">&lt;p&gt;21&lt;/p&gt;</mattext></material></flow_mat></response_label></flow_label><flow_label class="Block"><response_label ident="QUES_42757083_42761164_A130833753"><flow_mat><material><mattext texttype="text/html">&lt;p&gt;24&lt;/p&gt;</mattext></material></flow_mat></response_label></flow_label><flow_label class="Block"><response_label ident="QUES_42757083_42761164_A130833754"><flow_mat><material><mattext texttype="text/html">&lt;p&gt;&lt;img align="middle" alt="x" class="Wirisformula" data-mathml="«math xmlns=¨http://www.w3.org/1998/Math/MathML¨»«mi»x«/mi»«/math»" src="csfiles/home_dir/Math Images/0906011f3a5875232c2aad39e52caca7(1).png"&gt;&lt;/p&gt;</mattext></material></flow_mat></response_label></flow_label><flow_label class="Block"><response_label ident="QUES_42757083_42761164_A130833755"><flow_mat><material><mattext texttype="text/html">&lt;p&gt;&lt;img align="middle" alt="2 x squared minus x" class="Wirisformula" data-mathml="«math xmlns=¨http://www.w3.org/1998/Math/MathML¨»«mn»2«/mn»«msup»«mi»x«/mi»«mn»2«/mn»«/msup»«mo»-«/mo»«mi»x«/mi»«/math»" src="csfiles/home_dir/Math Images/bdaa8179011b9446c1994c24cf4b902a.png"&gt;&lt;/p&gt;</mattext></material></flow_mat></response_label></flow_label><flow_label class="Block"><response_label ident="QUES_42757083_42761164_A130833756"><flow_mat><material><mattext texttype="text/html">&lt;p&gt;The limit does not exist.&lt;/p&gt;</mattext></material></flow_mat></response_label></flow_label></render_choice></response_lid></flow></presentation><resprocessing><respcondition title="Response Condition 1"><conditionvar><varequal respident="QUES_42757083_42761164_LID">QUES_42757083_42761164_A130833750</varequal></conditionvar><setvar action="Set">0.000000000</setvar><displayfeedback feedbacktype="Response" linkrefid="QUES_42757083_42761164_IF130833750" /></respcondition><respcondition title="Response Condition 2"><conditionvar><varequal respident="QUES_42757083_42761164_LID">QUES_42757083_42761164_A130833751</varequal></conditionvar><setvar action="Set">0.000000000</setvar><displayfeedback feedbacktype="Response" linkrefid="QUES_42757083_42761164_IF130833751" /></respcondition><respcondition title="Response Condition 3"><conditionvar><varequal respident="QUES_42757083_42761164_LID">QUES_42757083_42761164_A130833752</varequal></conditionvar><setvar action="Set">100.000000000</setvar><displayfeedback feedbacktype="Response" linkrefid="QUES_42757083_42761164_IF130833752" /></respcondition><respcondition title="Response Condition 4"><conditionvar><varequal respident="QUES_42757083_42761164_LID">QUES_42757083_42761164_A130833753</varequal></conditionvar><setvar action="Set">0.000000000</setvar><displayfeedback feedbacktype="Response" linkrefid="QUES_42757083_42761164_IF130833753" /></respcondition><respcondition title="Response Condition 5"><conditionvar><varequal respident="QUES_42757083_42761164_LID">QUES_42757083_42761164_A130833754</varequal></conditionvar><setvar action="Set">0.000000000</setvar><displayfeedback feedbacktype="Response" linkrefid="QUES_42757083_42761164_IF130833754" /></respcondition><respcondition title="Response Condition 6"><conditionvar><varequal respident="QUES_42757083_42761164_LID">QUES_42757083_42761164_A130833755</varequal></conditionvar><setvar action="Set">0.000000000</setvar><displayfeedback feedbacktype="Response" linkrefid="QUES_42757083_42761164_IF130833755" /></respcondition><respcondition title="Response Condition 7"><conditionvar><varequal respident="QUES_42757083_42761164_LID">QUES_42757083_42761164_A130833756</varequal></conditionvar><setvar action="Set">0.000000000</setvar><displayfeedback feedbacktype="Response" linkrefid="QUES_42757083_42761164_IF130833756" /></respcondition></resprocessing><itemfeedback ident="QUES_42757083_42761164_IF130833750"><material><mattext texttype="text/plain" /></material></itemfeedback><itemfeedback ident="QUES_42757083_42761164_IF130833751"><material><mattext texttype="text/plain" /></material></itemfeedback><itemfeedback ident="QUES_42757083_42761164_IF130833752"><material><mattext texttype="text/plain" /></material></itemfeedback><itemfeedback ident="QUES_42757083_42761164_IF130833753"><material><mattext texttype="text/plain" /></material></itemfeedback><itemfeedback ident="QUES_42757083_42761164_IF130833754"><material><mattext texttype="text/plain" /></material></itemfeedback><itemfeedback ident="QUES_42757083_42761164_IF130833755"><material><mattext texttype="text/plain" /></material></itemfeedback><itemfeedback ident="QUES_42757083_42761164_IF130833756"><material><mattext texttype="text/plain" /></material></itemfeedback></item><item ident="OBJ_1651277" label="QUES_42757084_42761165" d2l_2p0:page="1"><itemmetadata><qtimetadata><qti_metadatafield><fieldlabel>qmd_computerscored</fieldlabel><fieldentry>yes</fieldentry></qti_metadatafield><qti_metadatafield><fieldlabel>qmd_questiontype</fieldlabel><fieldentry>Multiple Choice</fieldentry></qti_metadatafield><qti_metadatafield><fieldlabel>qmd_weighting</fieldlabel><fieldentry>1.000000000</fieldentry></qti_metadatafield><qti_metadatafield><fieldlabel>qmd_globalid</fieldlabel><fieldentry>85516ee7-cc44-4785-9bf3-081260b091b9</fieldentry></qti_metadatafield><qti_metadatafield><fieldlabel>qmd_displayid</fieldlabel><fieldentry>Sample Course-74283</fieldentry></qti_metadatafield></qtimetadata></itemmetadata><itemproc_extension><d2l_2p0:difficulty>3</d2l_2p0:difficulty><d2l_2p0:isbonus>no</d2l_2p0:isbonus><d2l_2p0:ismandatory>yes</d2l_2p0:ismandatory></itemproc_extension><presentation><flow><material><mattext texttype="text/html">&lt;p&gt;Evaluate the following limit:&amp;nbsp;&lt;img align="middle" alt="limit as x rightwards arrow 5 of fraction numerator 2 x squared minus x over denominator x minus 5 end fraction equals" class="Wirisformula" data-mathml="«math xmlns=¨http://www.w3.org/1998/Math/MathML¨»«munder»«mi»lim«/mi»«mrow»«mi»x«/mi»«mo»§#8594;«/mo»«mn»5«/mn»«/mrow»«/munder»«mfrac»«mrow»«mn»2«/mn»«msup»«mi»x«/mi»«mn»2«/mn»«/msup»«mo»-«/mo»«mi»x«/mi»«/mrow»«mrow»«mi»x«/mi»«mo»-«/mo»«mn»5«/mn»«/mrow»«/mfrac»«mo»=«/mo»«/math»" src="csfiles/home_dir/Math Images/fb5afe0ca4e1bf9f8fd4a7b7b93009d4.png"&gt;&lt;/p&gt;</mattext></material><response_extension><d2l_2p0:display_style>2</d2l_2p0:display_style><d2l_2p0:enumeration>6</d2l_2p0:enumeration><d2l_2p0:grading_type>0</d2l_2p0:grading_type></response_extension><response_lid ident="QUES_42757084_42761165_LID" rcardinality="Single"><render_choice shuffle="no"><flow_label class="Block"><response_label ident="QUES_42757084_42761165_A130833757"><flow_mat><material><mattext texttype="text/html">&lt;p&gt;0&lt;/p&gt;</mattext></material></flow_mat></response_label></flow_label><flow_label class="Block"><response_label ident="QUES_42757084_42761165_A130833758"><flow_mat><material><mattext texttype="text/html">&lt;p&gt;5&lt;/p&gt;</mattext></material></flow_mat></response_label></flow_label><flow_label class="Block"><response_label ident="QUES_42757084_42761165_A130833759"><flow_mat><material><mattext texttype="text/html">&lt;p&gt;40&lt;/p&gt;</mattext></material></flow_mat></response_label></flow_label><flow_label class="Block"><response_label ident="QUES_42757084_42761165_A130833760"><flow_mat><material><mattext texttype="text/html">&lt;p&gt;45&lt;/p&gt;</mattext></material></flow_mat></response_label></flow_label><flow_label class="Block"><response_label ident="QUES_42757084_42761165_A130833761"><flow_mat><material><mattext texttype="text/html">&lt;p&gt;&lt;img align="middle" alt="x" class="Wirisformula" data-mathml="«math xmlns=¨http://www.w3.org/1998/Math/MathML¨»«mi»x«/mi»«/math»" src="csfiles/home_dir/Math Images/0906011f3a5875232c2aad39e52caca7(3).png"&gt;&lt;/p&gt;</mattext></material></flow_mat></response_label></flow_label><flow_label class="Block"><response_label ident="QUES_42757084_42761165_A130833762"><flow_mat><material><mattext texttype="text/html">&lt;p&gt;&lt;img align="middle" alt="fraction numerator 2 x squared minus x over denominator x minus 5 end fraction" class="Wirisformula" data-mathml="«math xmlns=¨http://www.w3.org/1998/Math/MathML¨»«mfrac»«mrow»«mn»2«/mn»«msup»«mi»x«/mi»«mn»2«/mn»«/msup»«mo»-«/mo»«mi»x«/mi»«/mrow»«mrow»«mi»x«/mi»«mo»-«/mo»«mn»5«/mn»«/mrow»«/mfrac»«/math»" src="csfiles/home_dir/Math Images/0d66bc057fc8f35a0023baf78044e1ba.png"&gt;&lt;/p&gt;</mattext></material></flow_mat></response_label></flow_label><flow_label class="Block"><response_label ident="QUES_42757084_42761165_A130833763"><flow_mat><material><mattext texttype="text/html">&lt;p&gt;The limit does not exist&lt;/p&gt;</mattext></material></flow_mat></response_label></flow_label></render_choice></response_lid></flow></presentation><resprocessing><respcondition title="Response Condition 1"><conditionvar><varequal respident="QUES_42757084_42761165_LID">QUES_42757084_42761165_A130833757</varequal></conditionvar><setvar action="Set">0.000000000</setvar><displayfeedback feedbacktype="Response" linkrefid="QUES_42757084_42761165_IF130833757" /></respcondition><respcondition title="Response Condition 2"><conditionvar><varequal respident="QUES_42757084_42761165_LID">QUES_42757084_42761165_A130833758</varequal></conditionvar><setvar action="Set">0.000000000</setvar><displayfeedback feedbacktype="Response" linkrefid="QUES_42757084_42761165_IF130833758" /></respcondition><respcondition title="Response Condition 3"><conditionvar><varequal respident="QUES_42757084_42761165_LID">QUES_42757084_42761165_A130833759</varequal></conditionvar><setvar action="Set">0.000000000</setvar><displayfeedback feedbacktype="Response" linkrefid="QUES_42757084_42761165_IF130833759" /></respcondition><respcondition title="Response Condition 4"><conditionvar><varequal respident="QUES_42757084_42761165_LID">QUES_42757084_42761165_A130833760</varequal></conditionvar><setvar action="Set">0.000000000</setvar><displayfeedback feedbacktype="Response" linkrefid="QUES_42757084_42761165_IF130833760" /></respcondition><respcondition title="Response Condition 5"><conditionvar><varequal respident="QUES_42757084_42761165_LID">QUES_42757084_42761165_A130833761</varequal></conditionvar><setvar action="Set">0.000000000</setvar><displayfeedback feedbacktype="Response" linkrefid="QUES_42757084_42761165_IF130833761" /></respcondition><respcondition title="Response Condition 6"><conditionvar><varequal respident="QUES_42757084_42761165_LID">QUES_42757084_42761165_A130833762</varequal></conditionvar><setvar action="Set">0.000000000</setvar><displayfeedback feedbacktype="Response" linkrefid="QUES_42757084_42761165_IF130833762" /></respcondition><respcondition title="Response Condition 7"><conditionvar><varequal respident="QUES_42757084_42761165_LID">QUES_42757084_42761165_A130833763</varequal></conditionvar><setvar action="Set">100.000000000</setvar><displayfeedback feedbacktype="Response" linkrefid="QUES_42757084_42761165_IF130833763" /></respcondition></resprocessing><itemfeedback ident="QUES_42757084_42761165_IF130833757"><material><mattext texttype="text/plain" /></material></itemfeedback><itemfeedback ident="QUES_42757084_42761165_IF130833758"><material><mattext texttype="text/plain" /></material></itemfeedback><itemfeedback ident="QUES_42757084_42761165_IF130833759"><material><mattext texttype="text/plain" /></material></itemfeedback><itemfeedback ident="QUES_42757084_42761165_IF130833760"><material><mattext texttype="text/plain" /></material></itemfeedback><itemfeedback ident="QUES_42757084_42761165_IF130833761"><material><mattext texttype="text/plain" /></material></itemfeedback><itemfeedback ident="QUES_42757084_42761165_IF130833762"><material><mattext texttype="text/plain" /></material></itemfeedback><itemfeedback ident="QUES_42757084_42761165_IF130833763"><material><mattext texttype="text/plain" /></material></itemfeedback></item><item ident="OBJ_1651278" label="QUES_42757085_42761166" d2l_2p0:page="1"><itemmetadata><qtimetadata><qti_metadatafield><fieldlabel>qmd_computerscored</fieldlabel><fieldentry>yes</fieldentry></qti_metadatafield><qti_metadatafield><fieldlabel>qmd_questiontype</fieldlabel><fieldentry>Multiple Choice</fieldentry></qti_metadatafield><qti_metadatafield><fieldlabel>qmd_weighting</fieldlabel><fieldentry>1.000000000</fieldentry></qti_metadatafield><qti_metadatafield><fieldlabel>qmd_globalid</fieldlabel><fieldentry>8e7567f6-4d99-4cd0-95d4-b098b3b1814a</fieldentry></qti_metadatafield><qti_metadatafield><fieldlabel>qmd_displayid</fieldlabel><fieldentry>Sample Course-74284</fieldentry></qti_metadatafield></qtimetadata></itemmetadata><itemproc_extension><d2l_2p0:difficulty>3</d2l_2p0:difficulty><d2l_2p0:isbonus>no</d2l_2p0:isbonus><d2l_2p0:ismandatory>yes</d2l_2p0:ismandatory></itemproc_extension><presentation><flow><material><mattext texttype="text/html">&lt;p&gt;If&amp;nbsp;&lt;img align="middle" alt="limit as x rightwards arrow 3 of f left parenthesis x right parenthesis equals 2" class="Wirisformula" data-mathml="«math xmlns=¨http://www.w3.org/1998/Math/MathML¨»«munder»«mi»lim«/mi»«mrow»«mi»x«/mi»«mo»§#8594;«/mo»«mn»3«/mn»«/mrow»«/munder»«mi»f«/mi»«mo»(«/mo»«mi»x«/mi»«mo»)«/mo»«mo»=«/mo»«mn»2«/mn»«/math»" src="csfiles/home_dir/Math Images/6b333614c48e14142ecef4241cad998b.png"&gt;&amp;nbsp;and&amp;nbsp;&lt;img align="middle" alt="limit as x rightwards arrow negative 3 of g left parenthesis x right parenthesis equals 4" class="Wirisformula" data-mathml="«math xmlns=¨http://www.w3.org/1998/Math/MathML¨»«munder»«mi»lim«/mi»«mrow»«mi»x«/mi»«mo»§#8594;«/mo»«mo»-«/mo»«mn»3«/mn»«/mrow»«/munder»«mi»g«/mi»«mo»(«/mo»«mi»x«/mi»«mo»)«/mo»«mo»=«/mo»«mn»4«/mn»«/math»" src="csfiles/home_dir/Math Images/9122bd90e88ce0f9b25e539667a53cd1.png"&gt;, what can you say about&amp;nbsp;&lt;img align="middle" alt="stack l i m with x rightwards arrow negative 3 below open square brackets f open parentheses x close parentheses times g open parentheses x close parentheses close square brackets" class="Wirisformula" data-mathml="«math xmlns=¨http://www.w3.org/1998/Math/MathML¨»«munder»«mrow»«mi»l«/mi»«mi»i«/mi»«mi»m«/mi»«/mrow»«mrow»«mi»x«/mi»«mo»§#8594;«/mo»«mo»-«/mo»«mn»3«/mn»«/mrow»«/munder»«mfenced open=¨[¨ close=¨]¨»«mrow»«mi»f«/mi»«mfenced»«mi»x«/mi»«/mfenced»«mo»§#183;«/mo»«mi»g«/mi»«mfenced»«mi»x«/mi»«/mfenced»«/mrow»«/mfenced»«/math»" src="csfiles/home_dir/Math Images/8c4797d2047b0162a2b4cfd6fa90a737.png"&gt;?&lt;/p&gt;</mattext></material><response_extension><d2l_2p0:display_style>2</d2l_2p0:display_style><d2l_2p0:enumeration>6</d2l_2p0:enumeration><d2l_2p0:grading_type>0</d2l_2p0:grading_type></response_extension><response_lid ident="QUES_42757085_42761166_LID" rcardinality="Single"><render_choice shuffle="no"><flow_label class="Block"><response_label ident="QUES_42757085_42761166_A130833764"><flow_mat><material><mattext texttype="text/html">&lt;p&gt;It is equal to -3&lt;/p&gt;</mattext></material></flow_mat></response_label></flow_label><flow_label class="Block"><response_label ident="QUES_42757085_42761166_A130833765"><flow_mat><material><mattext texttype="text/html">&lt;p&gt;It is equal to 2&lt;/p&gt;</mattext></material></flow_mat></response_label></flow_label><flow_label class="Block"><response_label ident="QUES_42757085_42761166_A130833766"><flow_mat><material><mattext texttype="text/html">&lt;p&gt;It is equal to 3&lt;/p&gt;</mattext></material></flow_mat></response_label></flow_label><flow_label class="Block"><response_label ident="QUES_42757085_42761166_A130833767"><flow_mat><material><mattext texttype="text/html">&lt;p&gt;It is equal to 4&lt;/p&gt;</mattext></material></flow_mat></response_label></flow_label><flow_label class="Block"><response_label ident="QUES_42757085_42761166_A130833768"><flow_mat><material><mattext texttype="text/html">&lt;p&gt;It is equal to 6&lt;/p&gt;</mattext></material></flow_mat></response_label></flow_label><flow_label class="Block"><response_label ident="QUES_42757085_42761166_A130833769"><flow_mat><material><mattext texttype="text/html">&lt;p&gt;It is equal to 8&lt;/p&gt;</mattext></material></flow_mat></response_label></flow_label><flow_label class="Block"><response_label ident="QUES_42757085_42761166_A130833770"><flow_mat><material><mattext texttype="text/html">&lt;p&gt;There is not enough information provided&lt;/p&gt;</mattext></material></flow_mat></response_label></flow_label></render_choice></response_lid></flow></presentation><resprocessing><respcondition title="Response Condition 1"><conditionvar><varequal respident="QUES_42757085_42761166_LID">QUES_42757085_42761166_A130833764</varequal></conditionvar><setvar action="Set">0.000000000</setvar><displayfeedback feedbacktype="Response" linkrefid="QUES_42757085_42761166_IF130833764" /></respcondition><respcondition title="Response Condition 2"><conditionvar><varequal respident="QUES_42757085_42761166_LID">QUES_42757085_42761166_A130833765</varequal></conditionvar><setvar action="Set">0.000000000</setvar><displayfeedback feedbacktype="Response" linkrefid="QUES_42757085_42761166_IF130833765" /></respcondition><respcondition title="Response Condition 3"><conditionvar><varequal respident="QUES_42757085_42761166_LID">QUES_42757085_42761166_A130833766</varequal></conditionvar><setvar action="Set">0.000000000</setvar><displayfeedback feedbacktype="Response" linkrefid="QUES_42757085_42761166_IF130833766" /></respcondition><respcondition title="Response Condition 4"><conditionvar><varequal respident="QUES_42757085_42761166_LID">QUES_42757085_42761166_A130833767</varequal></conditionvar><setvar action="Set">0.000000000</setvar><displayfeedback feedbacktype="Response" linkrefid="QUES_42757085_42761166_IF130833767" /></respcondition><respcondition title="Response Condition 5"><conditionvar><varequal respident="QUES_42757085_42761166_LID">QUES_42757085_42761166_A130833768</varequal></conditionvar><setvar action="Set">0.000000000</setvar><displayfeedback feedbacktype="Response" linkrefid="QUES_42757085_42761166_IF130833768" /></respcondition><respcondition title="Response Condition 6"><conditionvar><varequal respident="QUES_42757085_42761166_LID">QUES_42757085_42761166_A130833769</varequal></conditionvar><setvar action="Set">0.000000000</setvar><displayfeedback feedbacktype="Response" linkrefid="QUES_42757085_42761166_IF130833769" /></respcondition><respcondition title="Response Condition 7"><conditionvar><varequal respident="QUES_42757085_42761166_LID">QUES_42757085_42761166_A130833770</varequal></conditionvar><setvar action="Set">100.000000000</setvar><displayfeedback feedbacktype="Response" linkrefid="QUES_42757085_42761166_IF130833770" /></respcondition></resprocessing><itemfeedback ident="QUES_42757085_42761166_IF130833764"><material><mattext texttype="text/plain" /></material></itemfeedback><itemfeedback ident="QUES_42757085_42761166_IF130833765"><material><mattext texttype="text/plain" /></material></itemfeedback><itemfeedback ident="QUES_42757085_42761166_IF130833766"><material><mattext texttype="text/plain" /></material></itemfeedback><itemfeedback ident="QUES_42757085_42761166_IF130833767"><material><mattext texttype="text/plain" /></material></itemfeedback><itemfeedback ident="QUES_42757085_42761166_IF130833768"><material><mattext texttype="text/plain" /></material></itemfeedback><itemfeedback ident="QUES_42757085_42761166_IF130833769"><material><mattext texttype="text/plain" /></material></itemfeedback><itemfeedback ident="QUES_42757085_42761166_IF130833770"><material><mattext texttype="text/plain" /></material></itemfeedback></item><item ident="OBJ_1651279" label="QUES_42757086_42761167" d2l_2p0:page="1"><itemmetadata><qtimetadata><qti_metadatafield><fieldlabel>qmd_computerscored</fieldlabel><fieldentry>yes</fieldentry></qti_metadatafield><qti_metadatafield><fieldlabel>qmd_questiontype</fieldlabel><fieldentry>Multi-Select</fieldentry></qti_metadatafield><qti_metadatafield><fieldlabel>qmd_weighting</fieldlabel><fieldentry>1.000000000</fieldentry></qti_metadatafield><qti_metadatafield><fieldlabel>qmd_globalid</fieldlabel><fieldentry>83dd62cf-d304-4aa0-a39b-29bf73f16103</fieldentry></qti_metadatafield><qti_metadatafield><fieldlabel>qmd_displayid</fieldlabel><fieldentry>Sample Course-74285</fieldentry></qti_metadatafield></qtimetadata></itemmetadata><itemproc_extension><d2l_2p0:difficulty>3</d2l_2p0:difficulty><d2l_2p0:isbonus>no</d2l_2p0:isbonus><d2l_2p0:ismandatory>yes</d2l_2p0:ismandatory></itemproc_extension><presentation><flow><material><mattext texttype="text/html">&lt;p&gt;Which limit laws would be used to evaluate the following limit:&amp;nbsp;&lt;img align="middle" alt="limit as x rightwards arrow negative 2 of open parentheses 2 x squared minus x close parentheses" class="Wirisformula" data-mathml="«math xmlns=¨http://www.w3.org/1998/Math/MathML¨»«munder»«mi»lim«/mi»«mrow»«mi»x«/mi»«mo»§#8594;«/mo»«mo»-«/mo»«mn»2«/mn»«/mrow»«/munder»«mfenced»«mrow»«mn»2«/mn»«msup»«mi»x«/mi»«mn»2«/mn»«/msup»«mo»-«/mo»«mi»x«/mi»«/mrow»«/mfenced»«/math»" src="csfiles/home_dir/Math Images/4852852ff288604cf09df6c947842ff2.png"&gt;&lt;/p&gt;  &lt;p&gt;Select &lt;span style="text-decoration: underline;"&gt;all&lt;/span&gt; that apply.&lt;/p&gt;</mattext></material><response_extension><d2l_2p0:display_style>2</d2l_2p0:display_style><d2l_2p0:enumeration>6</d2l_2p0:enumeration><d2l_2p0:grading_type>0</d2l_2p0:grading_type></response_extension><response_lid ident="QUES_42757086_42761167_LID" rcardinality="Multiple"><render_choice shuffle="no"><flow_label class="Block"><response_label ident="QUES_42757086_42761167_A130833771"><flow_mat><material><mattext texttype="text/html">&lt;p&gt;Constant&lt;/p&gt;</mattext></material></flow_mat></response_label></flow_label><flow_label class="Block"><response_label ident="QUES_42757086_42761167_A130833772"><flow_mat><material><mattext texttype="text/html">&lt;p&gt;Power&lt;/p&gt;</mattext></material></flow_mat></response_label></flow_label><flow_label class="Block"><response_label ident="QUES_42757086_42761167_A130833773"><flow_mat><material><mattext texttype="text/html">&lt;p&gt;Sum/Difference&lt;/p&gt;</mattext></material></flow_mat></response_label></flow_label><flow_label class="Block"><response_label ident="QUES_42757086_42761167_A130833774"><flow_mat><material><mattext texttype="text/html">&lt;p&gt;Product&lt;/p&gt;</mattext></material></flow_mat></response_label></flow_label><flow_label class="Block"><response_label ident="QUES_42757086_42761167_A130833775"><flow_mat><material><mattext texttype="text/html">&lt;p&gt;None of the above&lt;/p&gt;</mattext></material></flow_mat></response_label></flow_label></render_choice></response_lid></flow></presentation><resprocessing><outcomes><decvar vartype="Integer" defaultval="0" /></outcomes><respcondition title="Scoring for the correct answers" continue="yes"><conditionvar><varequal respident="QUES_42757086_42761167_LID">QUES_42757086_42761167_A130833771</varequal><varequal respident="QUES_42757086_42761167_LID">QUES_42757086_42761167_A130833772</varequal><varequal respident="QUES_42757086_42761167_LID">QUES_42757086_42761167_A130833773</varequal><not><varequal respident="QUES_42757086_42761167_LID">QUES_42757086_42761167_A130833774</varequal><varequal respident="QUES_42757086_42761167_LID">QUES_42757086_42761167_A130833775</varequal></not></conditionvar><setvar action="Add">1</setvar></respcondition><respcondition title="Scoring for the incorrect answers" continue="no"><conditionvar><and><not><varequal respident="QUES_42757086_42761167_LID">QUES_42757086_42761167_A130833771</varequal><varequal respident="QUES_42757086_42761167_LID">QUES_42757086_42761167_A130833772</varequal><varequal respident="QUES_42757086_42761167_LID">QUES_42757086_42761167_A130833773</varequal><not><varequal respident="QUES_42757086_42761167_LID">QUES_42757086_42761167_A130833774</varequal><varequal respident="QUES_42757086_42761167_LID">QUES_42757086_42761167_A130833775</varequal></not></not></and></conditionvar><setvar action="Add">0</setvar></respcondition></resprocessing><itemfeedback ident="QUES_42757086_42761167_IF130833771"><material><mattext texttype="text/plain" /></material></itemfeedback><itemfeedback ident="QUES_42757086_42761167_IF130833772"><material><mattext texttype="text/plain" /></material></itemfeedback><itemfeedback ident="QUES_42757086_42761167_IF130833773"><material><mattext texttype="text/plain" /></material></itemfeedback><itemfeedback ident="QUES_42757086_42761167_IF130833774"><material><mattext texttype="text/plain" /></material></itemfeedback><itemfeedback ident="QUES_42757086_42761167_IF130833775"><material><mattext texttype="text/plain" /></material></itemfeedback></item></section></assessment></questestinterop>