﻿<?xml version="1.0" encoding="UTF-8"?><questestinterop xmlns:d2l_2p0="http://desire2learn.com/xsd/d2lcp_v2p0"><assessment d2l_2p0:id="443" title="FTOC: Integrals are Antiderivatives PreVideo Questions" ident="res_quiz_122398" d2l_2p0:resource_code="ef9e56cc46d3486a98963923-123"><rubric><flow_mat><material><mattext d2l_2p0:isdisplayed="no" texttype="text/html" /></material></flow_mat></rubric><assessmentcontrol hintswitch="no" solutionswitch="yes" feedbackswitch="no" /><presentation_material><flow_mat><material label="page header"><mattext d2l_2p0:isdisplayed="no" texttype="text/html" /></material><material label="page footer"><mattext d2l_2p0:isdisplayed="no" texttype="text/html" /></material></flow_mat></presentation_material><assess_procextension><d2l_2p0:intro_message d2l_2p0:isdisplayed="yes" texttype="text/html">Respondus</d2l_2p0:intro_message><d2l_2p0:disable_right_click>no</d2l_2p0:disable_right_click><d2l_2p0:disable_pager_access>no</d2l_2p0:disable_pager_access><is_active>yes</is_active><d2l_2p0:date_start /><d2l_2p0:date_end /><d2l_2p0:date_due /><d2l_2p0:has_schedule_event>no</d2l_2p0:has_schedule_event><d2l_2p0:is_attempt_Rldb>no</d2l_2p0:is_attempt_Rldb><d2l_2p0:is_subview_Rldb>no</d2l_2p0:is_subview_Rldb><d2l_2p0:time_limit>120</d2l_2p0:time_limit><d2l_2p0:show_clock>yes</d2l_2p0:show_clock><d2l_2p0:enforce_time_limit>yes</d2l_2p0:enforce_time_limit><d2l_2p0:grace_period>5</d2l_2p0:grace_period><d2l_2p0:late_limit>0</d2l_2p0:late_limit><d2l_2p0:attempts_allowed>3</d2l_2p0:attempts_allowed><d2l_2p0:attempt_restrictions /><d2l_2p0:mark_calculation_type>1</d2l_2p0:mark_calculation_type><d2l_2p0:is_forward_only>no</d2l_2p0:is_forward_only></assess_procextension><assessfeedback title=""><rubric><flow_mat><material><mattext texttype="yes">Your quiz has been submitted successfully.</mattext></material></flow_mat></rubric><d2l_2p0:duration>0</d2l_2p0:duration><d2l_2p0:response_display_type_id>1</d2l_2p0:response_display_type_id><d2l_2p0:show_correct_answers>no</d2l_2p0:show_correct_answers><d2l_2p0:submission_restrictip>no</d2l_2p0:submission_restrictip><d2l_2p0:show_class_average>no</d2l_2p0:show_class_average><d2l_2p0:show_score_distribution>no</d2l_2p0:show_score_distribution></assessfeedback><section ident="CONTAINER_SECTION"><item ident="OBJ_1651146" label="QUES_42756953_42761034" d2l_2p0:page="1"><itemmetadata><qtimetadata><qti_metadatafield><fieldlabel>qmd_computerscored</fieldlabel><fieldentry>yes</fieldentry></qti_metadatafield><qti_metadatafield><fieldlabel>qmd_questiontype</fieldlabel><fieldentry>Multiple Choice</fieldentry></qti_metadatafield><qti_metadatafield><fieldlabel>qmd_weighting</fieldlabel><fieldentry>1.000000000</fieldentry></qti_metadatafield><qti_metadatafield><fieldlabel>qmd_globalid</fieldlabel><fieldentry>a4629579-0a10-4b6e-a785-c95e2d078d86</fieldentry></qti_metadatafield><qti_metadatafield><fieldlabel>qmd_displayid</fieldlabel><fieldentry>Sample Course-74152</fieldentry></qti_metadatafield></qtimetadata></itemmetadata><itemproc_extension><d2l_2p0:difficulty>3</d2l_2p0:difficulty><d2l_2p0:isbonus>no</d2l_2p0:isbonus><d2l_2p0:ismandatory>yes</d2l_2p0:ismandatory></itemproc_extension><presentation><flow><material><mattext texttype="text/html">&lt;!--RsQ_001--&gt;&lt;span style="font-family:'Arial';"&gt;Ana left home to go on a bike ride. Let &lt;/span&gt;&lt;span style="font-family:'Arial'; color:#000000;"&gt;&lt;IMG src="ppg/respondus/FTOC_1_Pre_BB_Test/eq_0c91f3.gif" alt="equation" border=0 align="absmiddle"&gt;&lt;/span&gt;&lt;span style="font-family:'Arial';"&gt; represent Ana's velocity (in miles per hour) &lt;/span&gt;&lt;span style="font-family:'Arial'; color:#000000;"&gt;&lt;IMG src="ppg/respondus/FTOC_1_Pre_BB_Test/eq_0c920a.gif" alt="equation" border=0 align="absmiddle"&gt;&lt;/span&gt;&lt;span style="font-family:'Arial';"&gt; hours after she left home. Which of the following best describes the meaning of &lt;/span&gt;&lt;span style="font-family:'Arial'; color:#000000;"&gt;&lt;IMG src="ppg/respondus/FTOC_1_Pre_BB_Test/eq_0c921a.gif" alt="equation" border=0 align="absmiddle"&gt;&lt;/span&gt;&lt;span style="font-family:'Arial';"&gt;? &lt;/span&gt;</mattext></material><response_extension><d2l_2p0:display_style>2</d2l_2p0:display_style><d2l_2p0:enumeration>6</d2l_2p0:enumeration><d2l_2p0:grading_type>0</d2l_2p0:grading_type></response_extension><response_lid ident="QUES_42756953_42761034_LID" rcardinality="Single"><render_choice shuffle="no"><flow_label class="Block"><response_label ident="QUES_42756953_42761034_A130832985"><flow_mat><material><mattext texttype="text/html">&lt;span style="font-family:'Arial';"&gt;The change in Ana's velocity from 0.5 to 2 hours after she left home.&lt;/span&gt;</mattext></material></flow_mat></response_label></flow_label><flow_label class="Block"><response_label ident="QUES_42756953_42761034_A130832986"><flow_mat><material><mattext texttype="text/html">&lt;span style="font-family:'Arial';"&gt;The change in Ana's distance away from home from 0.5 hours to 2 hours after she left home.&lt;/span&gt;</mattext></material></flow_mat></response_label></flow_label><flow_label class="Block"><response_label ident="QUES_42756953_42761034_A130832987"><flow_mat><material><mattext texttype="text/html">&lt;span style="font-family:'Arial';"&gt;Ana's average speed from 0.5 hours to 2 hours after she left home.&lt;/span&gt;</mattext></material></flow_mat></response_label></flow_label><flow_label class="Block"><response_label ident="QUES_42756953_42761034_A130832988"><flow_mat><material><mattext texttype="text/html">&lt;span style="font-family:'Arial';"&gt;Ana's distance away from home 1.5 hours after she left home.&lt;/span&gt;</mattext></material></flow_mat></response_label></flow_label></render_choice></response_lid></flow></presentation><resprocessing><respcondition title="Response Condition 1"><conditionvar><varequal respident="QUES_42756953_42761034_LID">QUES_42756953_42761034_A130832985</varequal></conditionvar><setvar action="Set">0.000000000</setvar><displayfeedback feedbacktype="Response" linkrefid="QUES_42756953_42761034_IF130832985" /></respcondition><respcondition title="Response Condition 2"><conditionvar><varequal respident="QUES_42756953_42761034_LID">QUES_42756953_42761034_A130832986</varequal></conditionvar><setvar action="Set">100.000000000</setvar><displayfeedback feedbacktype="Response" linkrefid="QUES_42756953_42761034_IF130832986" /></respcondition><respcondition title="Response Condition 3"><conditionvar><varequal respident="QUES_42756953_42761034_LID">QUES_42756953_42761034_A130832987</varequal></conditionvar><setvar action="Set">0.000000000</setvar><displayfeedback feedbacktype="Response" linkrefid="QUES_42756953_42761034_IF130832987" /></respcondition><respcondition title="Response Condition 4"><conditionvar><varequal respident="QUES_42756953_42761034_LID">QUES_42756953_42761034_A130832988</varequal></conditionvar><setvar action="Set">0.000000000</setvar><displayfeedback feedbacktype="Response" linkrefid="QUES_42756953_42761034_IF130832988" /></respcondition></resprocessing><itemfeedback ident="QUES_42756953_42761034_IF130832985"><material><mattext texttype="text/plain" /></material></itemfeedback><itemfeedback ident="QUES_42756953_42761034_IF130832986"><material><mattext texttype="text/plain" /></material></itemfeedback><itemfeedback ident="QUES_42756953_42761034_IF130832987"><material><mattext texttype="text/plain" /></material></itemfeedback><itemfeedback ident="QUES_42756953_42761034_IF130832988"><material><mattext texttype="text/plain" /></material></itemfeedback></item><item ident="OBJ_1651147" label="QUES_42756954_42761035" d2l_2p0:page="1"><itemmetadata><qtimetadata><qti_metadatafield><fieldlabel>qmd_computerscored</fieldlabel><fieldentry>yes</fieldentry></qti_metadatafield><qti_metadatafield><fieldlabel>qmd_questiontype</fieldlabel><fieldentry>Multiple Choice</fieldentry></qti_metadatafield><qti_metadatafield><fieldlabel>qmd_weighting</fieldlabel><fieldentry>1.000000000</fieldentry></qti_metadatafield><qti_metadatafield><fieldlabel>qmd_globalid</fieldlabel><fieldentry>a70bdf08-67c2-4f2c-992d-9367e8ad8ed5</fieldentry></qti_metadatafield><qti_metadatafield><fieldlabel>qmd_displayid</fieldlabel><fieldentry>Sample Course-74153</fieldentry></qti_metadatafield></qtimetadata></itemmetadata><itemproc_extension><d2l_2p0:difficulty>3</d2l_2p0:difficulty><d2l_2p0:isbonus>no</d2l_2p0:isbonus><d2l_2p0:ismandatory>yes</d2l_2p0:ismandatory></itemproc_extension><presentation><flow><material><mattext texttype="text/html">&lt;!--RsQ_002--&gt;&lt;span style="font-family:'Arial';"&gt;if &lt;/span&gt;&lt;span style="font-family:'Arial'; color:#000000;"&gt;&lt;IMG src="ppg/respondus/FTOC_1_Pre_BB_Test/eq_0c92b3.gif" alt="equation" border=0 align="absmiddle"&gt;&lt;/span&gt;&lt;span style="font-family:'Arial';"&gt; and &lt;/span&gt;&lt;span style="font-family:'Arial'; color:#000000;"&gt;&lt;IMG src="ppg/respondus/FTOC_1_Pre_BB_Test/eq_0c92b6.gif" alt="equation" border=0 align="absmiddle"&gt;&lt;/span&gt;&lt;span style="font-family:'Arial';"&gt; are constants, which of the following expressions is equal to &lt;/span&gt;&lt;span style="font-family:'Arial'; color:#000000;"&gt;&lt;IMG src="ppg/respondus/FTOC_1_Pre_BB_Test/eq_0c92cb.gif" alt="equation" border=0 align="absmiddle"&gt;&lt;/span&gt;&lt;span style="font-family:'Arial';"&gt; &lt;/span&gt;</mattext></material><response_extension><d2l_2p0:display_style>2</d2l_2p0:display_style><d2l_2p0:enumeration>6</d2l_2p0:enumeration><d2l_2p0:grading_type>0</d2l_2p0:grading_type></response_extension><response_lid ident="QUES_42756954_42761035_LID" rcardinality="Single"><render_choice shuffle="no"><flow_label class="Block"><response_label ident="QUES_42756954_42761035_A130832989"><flow_mat><material><mattext texttype="text/html">&lt;span style="font-family:'Arial';"&gt;&lt;IMG src="ppg/respondus/FTOC_1_Pre_BB_Test/eq_0c92df.gif" alt="equation" border=0 align="absmiddle"&gt;&lt;/span&gt;</mattext></material></flow_mat></response_label></flow_label><flow_label class="Block"><response_label ident="QUES_42756954_42761035_A130832990"><flow_mat><material><mattext texttype="text/html">&lt;span style="font-family:'Arial'; color:#000000;"&gt;&lt;IMG src="ppg/respondus/FTOC_1_Pre_BB_Test/eq_0c92ed.gif" alt="equation" border=0 align="absmiddle"&gt;&lt;/span&gt;&lt;span style="font-family:'Arial';"&gt; &lt;/span&gt;</mattext></material></flow_mat></response_label></flow_label><flow_label class="Block"><response_label ident="QUES_42756954_42761035_A130832991"><flow_mat><material><mattext texttype="text/html">&lt;span style="font-family:'Arial'; color:#000000;"&gt;&lt;sup&gt;&lt;IMG src="ppg/respondus/FTOC_1_Pre_BB_Test/eq_0c92fd.gif" alt="equation" border=0 align="absmiddle"&gt;&lt;/SUP&gt;&lt;/span&gt;&lt;span style="font-family:'Arial';"&gt; &lt;/span&gt;</mattext></material></flow_mat></response_label></flow_label><flow_label class="Block"><response_label ident="QUES_42756954_42761035_A130832992"><flow_mat><material><mattext texttype="text/html">&lt;span style="font-family:'Arial';"&gt;&lt;IMG src="ppg/respondus/FTOC_1_Pre_BB_Test/eq_0c9315.gif" alt="equation" border=0 align="absmiddle"&gt;&lt;/span&gt;</mattext></material></flow_mat></response_label></flow_label><flow_label class="Block"><response_label ident="QUES_42756954_42761035_A130832993"><flow_mat><material><mattext texttype="text/html">&lt;span style="font-family:'Arial';"&gt;&lt;IMG src="ppg/respondus/FTOC_1_Pre_BB_Test/eq_0c931f.gif" alt="equation" border=0 align="absmiddle"&gt;&lt;/span&gt;</mattext></material></flow_mat></response_label></flow_label></render_choice></response_lid></flow></presentation><resprocessing><respcondition title="Response Condition 1"><conditionvar><varequal respident="QUES_42756954_42761035_LID">QUES_42756954_42761035_A130832989</varequal></conditionvar><setvar action="Set">0.000000000</setvar><displayfeedback feedbacktype="Response" linkrefid="QUES_42756954_42761035_IF130832989" /></respcondition><respcondition title="Response Condition 2"><conditionvar><varequal respident="QUES_42756954_42761035_LID">QUES_42756954_42761035_A130832990</varequal></conditionvar><setvar action="Set">0.000000000</setvar><displayfeedback feedbacktype="Response" linkrefid="QUES_42756954_42761035_IF130832990" /></respcondition><respcondition title="Response Condition 3"><conditionvar><varequal respident="QUES_42756954_42761035_LID">QUES_42756954_42761035_A130832991</varequal></conditionvar><setvar action="Set">100.000000000</setvar><displayfeedback feedbacktype="Response" linkrefid="QUES_42756954_42761035_IF130832991" /></respcondition><respcondition title="Response Condition 4"><conditionvar><varequal respident="QUES_42756954_42761035_LID">QUES_42756954_42761035_A130832992</varequal></conditionvar><setvar action="Set">0.000000000</setvar><displayfeedback feedbacktype="Response" linkrefid="QUES_42756954_42761035_IF130832992" /></respcondition><respcondition title="Response Condition 5"><conditionvar><varequal respident="QUES_42756954_42761035_LID">QUES_42756954_42761035_A130832993</varequal></conditionvar><setvar action="Set">0.000000000</setvar><displayfeedback feedbacktype="Response" linkrefid="QUES_42756954_42761035_IF130832993" /></respcondition></resprocessing><itemfeedback ident="QUES_42756954_42761035_IF130832989"><material><mattext texttype="text/plain" /></material></itemfeedback><itemfeedback ident="QUES_42756954_42761035_IF130832990"><material><mattext texttype="text/plain" /></material></itemfeedback><itemfeedback ident="QUES_42756954_42761035_IF130832991"><material><mattext texttype="text/plain" /></material></itemfeedback><itemfeedback ident="QUES_42756954_42761035_IF130832992"><material><mattext texttype="text/plain" /></material></itemfeedback><itemfeedback ident="QUES_42756954_42761035_IF130832993"><material><mattext texttype="text/plain" /></material></itemfeedback></item></section></assessment></questestinterop>