﻿<?xml version="1.0" encoding="UTF-8"?><questestinterop xmlns:d2l_2p0="http://desire2learn.com/xsd/d2lcp_v2p0"><assessment d2l_2p0:id="463" title="Optimization Introduction PreVideo Questions" ident="res_quiz_122418" d2l_2p0:resource_code="ef9e56cc46d3486a98963923-143"><rubric><flow_mat><material><mattext d2l_2p0:isdisplayed="no" texttype="text/html" /></material></flow_mat></rubric><assessmentcontrol hintswitch="no" solutionswitch="yes" feedbackswitch="no" /><presentation_material><flow_mat><material label="page header"><mattext d2l_2p0:isdisplayed="no" texttype="text/html" /></material><material label="page footer"><mattext d2l_2p0:isdisplayed="no" texttype="text/html" /></material></flow_mat></presentation_material><assess_procextension><d2l_2p0:intro_message d2l_2p0:isdisplayed="yes" texttype="text/html">Respondus</d2l_2p0:intro_message><d2l_2p0:disable_right_click>no</d2l_2p0:disable_right_click><d2l_2p0:disable_pager_access>no</d2l_2p0:disable_pager_access><is_active>yes</is_active><d2l_2p0:date_start /><d2l_2p0:date_end /><d2l_2p0:date_due /><d2l_2p0:has_schedule_event>no</d2l_2p0:has_schedule_event><d2l_2p0:is_attempt_Rldb>no</d2l_2p0:is_attempt_Rldb><d2l_2p0:is_subview_Rldb>no</d2l_2p0:is_subview_Rldb><d2l_2p0:time_limit>120</d2l_2p0:time_limit><d2l_2p0:show_clock>yes</d2l_2p0:show_clock><d2l_2p0:enforce_time_limit>yes</d2l_2p0:enforce_time_limit><d2l_2p0:grace_period>5</d2l_2p0:grace_period><d2l_2p0:late_limit>0</d2l_2p0:late_limit><d2l_2p0:attempts_allowed>3</d2l_2p0:attempts_allowed><d2l_2p0:attempt_restrictions /><d2l_2p0:mark_calculation_type>1</d2l_2p0:mark_calculation_type><d2l_2p0:is_forward_only>no</d2l_2p0:is_forward_only></assess_procextension><assessfeedback title=""><rubric><flow_mat><material><mattext texttype="yes">Your quiz has been submitted successfully.</mattext></material></flow_mat></rubric><d2l_2p0:duration>0</d2l_2p0:duration><d2l_2p0:response_display_type_id>1</d2l_2p0:response_display_type_id><d2l_2p0:show_correct_answers>no</d2l_2p0:show_correct_answers><d2l_2p0:submission_restrictip>no</d2l_2p0:submission_restrictip><d2l_2p0:show_class_average>no</d2l_2p0:show_class_average><d2l_2p0:show_score_distribution>no</d2l_2p0:show_score_distribution></assessfeedback><section ident="CONTAINER_SECTION"><item ident="OBJ_1651193" label="QUES_42757000_42761081" d2l_2p0:page="1"><itemmetadata><qtimetadata><qti_metadatafield><fieldlabel>qmd_computerscored</fieldlabel><fieldentry>yes</fieldentry></qti_metadatafield><qti_metadatafield><fieldlabel>qmd_questiontype</fieldlabel><fieldentry>Multiple Choice</fieldentry></qti_metadatafield><qti_metadatafield><fieldlabel>qmd_weighting</fieldlabel><fieldentry>1.000000000</fieldentry></qti_metadatafield><qti_metadatafield><fieldlabel>qmd_globalid</fieldlabel><fieldentry>a228943c-022a-406b-a54d-34d9d9e1822c</fieldentry></qti_metadatafield><qti_metadatafield><fieldlabel>qmd_displayid</fieldlabel><fieldentry>Sample Course-74199</fieldentry></qti_metadatafield></qtimetadata></itemmetadata><itemproc_extension><d2l_2p0:difficulty>3</d2l_2p0:difficulty><d2l_2p0:isbonus>no</d2l_2p0:isbonus><d2l_2p0:ismandatory>yes</d2l_2p0:ismandatory></itemproc_extension><presentation><flow><material><mattext texttype="text/html">&lt;!--RsQ_001--&gt;&lt;span style="font-family:'Arial';"&gt;A function &lt;/span&gt;&lt;span style="font-family:'Arial'; color:#000000;"&gt;&lt;IMG src="ppg/respondus/Optimization_Intro_Pre_BB_Test/eq_049661.gif" alt="equation" border=0 align="absmiddle"&gt;&lt;/span&gt;&lt;span style="font-family:'Arial';"&gt; is defined for &lt;/span&gt;&lt;span style="font-family:'Arial'; color:#000000;"&gt;&lt;IMG src="ppg/respondus/Optimization_Intro_Pre_BB_Test/eq_04966f.gif" alt="equation" border=0 align="absmiddle"&gt;&lt;/span&gt;&lt;span style="font-family:'Arial';"&gt;-values between 0 and 8. The graph below shows a graph of &lt;/span&gt;&lt;span style="font-family:'Arial';"&gt;&lt;b&gt;the derivative of &lt;/b&gt;&lt;/span&gt;&lt;span style="font-family:'Arial'; color:#000000;"&gt;&lt;b&gt;&lt;IMG src="ppg/respondus/Optimization_Intro_Pre_BB_Test/eq_049692.gif" alt="equation" border=0 align="absmiddle"&gt;&lt;/b&gt;&lt;/span&gt;&lt;span style="font-family:'Arial';"&gt;&lt;b&gt;.&lt;/b&gt;&lt;/span&gt;&lt;span style="font-family:'Arial';"&gt;&lt;br&gt;&lt;/span&gt;&lt;span style="font-family:'Arial'; color:#000000;"&gt;&lt;b&gt;&lt;IMG src="ppg/respondus/Optimization_Intro_Pre_BB_Test/pre.png" alt="image" align="bottom" border=0&gt;&lt;/b&gt;&lt;/span&gt;&lt;span style="font-family:'Arial';"&gt;&lt;br&gt;Point A corresponds to a &lt;/span&gt;</mattext></material><response_extension><d2l_2p0:display_style>2</d2l_2p0:display_style><d2l_2p0:enumeration>6</d2l_2p0:enumeration><d2l_2p0:grading_type>0</d2l_2p0:grading_type></response_extension><response_lid ident="QUES_42757000_42761081_LID" rcardinality="Single"><render_choice shuffle="no"><flow_label class="Block"><response_label ident="QUES_42757000_42761081_A130833258"><flow_mat><material><mattext texttype="text/html">&lt;span style="font-family:'Arial';"&gt;local minimum of &lt;/span&gt;&lt;span style="font-family:'Arial';"&gt;&lt;IMG src="ppg/respondus/Optimization_Intro_Pre_BB_Test/eq_0496d6.gif" alt="equation" border=0 align="absmiddle"&gt;&lt;/span&gt;</mattext></material></flow_mat></response_label></flow_label><flow_label class="Block"><response_label ident="QUES_42757000_42761081_A130833259"><flow_mat><material><mattext texttype="text/html">&lt;span style="font-family:'Arial';"&gt;local maximum of &lt;/span&gt;&lt;span style="font-family:'Arial';"&gt;&lt;IMG src="ppg/respondus/Optimization_Intro_Pre_BB_Test/eq_049813.gif" alt="equation" border=0 align="absmiddle"&gt;&lt;/span&gt;</mattext></material></flow_mat></response_label></flow_label><flow_label class="Block"><response_label ident="QUES_42757000_42761081_A130833260"><flow_mat><material><mattext texttype="text/html">&lt;span style="font-family:'Arial';"&gt;neither a local max nor a min of &lt;/span&gt;&lt;span style="font-family:'Arial';"&gt;&lt;IMG src="ppg/respondus/Optimization_Intro_Pre_BB_Test/eq_04981f.gif" alt="equation" border=0 align="absmiddle"&gt;&lt;/span&gt;</mattext></material></flow_mat></response_label></flow_label><flow_label class="Block"><response_label ident="QUES_42757000_42761081_A130833261"><flow_mat><material><mattext texttype="text/html">&lt;span style="font-family:'Arial';"&gt;you can't tell without more information&lt;/span&gt;</mattext></material></flow_mat></response_label></flow_label></render_choice></response_lid></flow></presentation><resprocessing><respcondition title="Response Condition 1"><conditionvar><varequal respident="QUES_42757000_42761081_LID">QUES_42757000_42761081_A130833258</varequal></conditionvar><setvar action="Set">0.000000000</setvar><displayfeedback feedbacktype="Response" linkrefid="QUES_42757000_42761081_IF130833258" /></respcondition><respcondition title="Response Condition 2"><conditionvar><varequal respident="QUES_42757000_42761081_LID">QUES_42757000_42761081_A130833259</varequal></conditionvar><setvar action="Set">100.000000000</setvar><displayfeedback feedbacktype="Response" linkrefid="QUES_42757000_42761081_IF130833259" /></respcondition><respcondition title="Response Condition 3"><conditionvar><varequal respident="QUES_42757000_42761081_LID">QUES_42757000_42761081_A130833260</varequal></conditionvar><setvar action="Set">0.000000000</setvar><displayfeedback feedbacktype="Response" linkrefid="QUES_42757000_42761081_IF130833260" /></respcondition><respcondition title="Response Condition 4"><conditionvar><varequal respident="QUES_42757000_42761081_LID">QUES_42757000_42761081_A130833261</varequal></conditionvar><setvar action="Set">0.000000000</setvar><displayfeedback feedbacktype="Response" linkrefid="QUES_42757000_42761081_IF130833261" /></respcondition></resprocessing><itemfeedback ident="QUES_42757000_42761081_IF130833258"><material><mattext texttype="text/plain" /></material></itemfeedback><itemfeedback ident="QUES_42757000_42761081_IF130833259"><material><mattext texttype="text/plain" /></material></itemfeedback><itemfeedback ident="QUES_42757000_42761081_IF130833260"><material><mattext texttype="text/plain" /></material></itemfeedback><itemfeedback ident="QUES_42757000_42761081_IF130833261"><material><mattext texttype="text/plain" /></material></itemfeedback></item><item ident="OBJ_1651194" label="QUES_42757001_42761082" d2l_2p0:page="1"><itemmetadata><qtimetadata><qti_metadatafield><fieldlabel>qmd_computerscored</fieldlabel><fieldentry>yes</fieldentry></qti_metadatafield><qti_metadatafield><fieldlabel>qmd_questiontype</fieldlabel><fieldentry>Multiple Choice</fieldentry></qti_metadatafield><qti_metadatafield><fieldlabel>qmd_weighting</fieldlabel><fieldentry>1.000000000</fieldentry></qti_metadatafield><qti_metadatafield><fieldlabel>qmd_globalid</fieldlabel><fieldentry>e4f9ccec-e452-43d2-b224-86cc171ba545</fieldentry></qti_metadatafield><qti_metadatafield><fieldlabel>qmd_displayid</fieldlabel><fieldentry>Sample Course-74200</fieldentry></qti_metadatafield></qtimetadata></itemmetadata><itemproc_extension><d2l_2p0:difficulty>3</d2l_2p0:difficulty><d2l_2p0:isbonus>no</d2l_2p0:isbonus><d2l_2p0:ismandatory>yes</d2l_2p0:ismandatory></itemproc_extension><presentation><flow><material><mattext texttype="text/html">&lt;!--RsQ_002--&gt;&lt;span style="font-family:'Arial';"&gt;A function &lt;/span&gt;&lt;span style="font-family:'Arial'; color:#000000;"&gt;&lt;IMG src="ppg/respondus/Optimization_Intro_Pre_BB_Test/eq_049661a.gif" alt="equation" border=0 align="absmiddle"&gt;&lt;/span&gt;&lt;span style="font-family:'Arial';"&gt; is defined for &lt;/span&gt;&lt;span style="font-family:'Arial'; color:#000000;"&gt;&lt;IMG src="ppg/respondus/Optimization_Intro_Pre_BB_Test/eq_04966fa.gif" alt="equation" border=0 align="absmiddle"&gt;&lt;/span&gt;&lt;span style="font-family:'Arial';"&gt;-values between 0 and 8. The graph below shows a graph of &lt;/span&gt;&lt;span style="font-family:'Arial';"&gt;&lt;b&gt;the derivative of &lt;/b&gt;&lt;/span&gt;&lt;span style="font-family:'Arial'; color:#000000;"&gt;&lt;b&gt;&lt;IMG src="ppg/respondus/Optimization_Intro_Pre_BB_Test/eq_049692a.gif" alt="equation" border=0 align="absmiddle"&gt;&lt;/b&gt;&lt;/span&gt;&lt;span style="font-family:'Arial';"&gt;&lt;b&gt;.&lt;/b&gt;&lt;/span&gt;&lt;span style="font-family:'Arial';"&gt;&lt;br&gt;&lt;/span&gt;&lt;span style="font-family:'Arial'; color:#000000;"&gt;&lt;b&gt;&lt;IMG src="ppg/respondus/Optimization_Intro_Pre_BB_Test/pre.png" alt="image" align="bottom" border=0&gt;&lt;/b&gt;&lt;/span&gt;&lt;span style="font-family:'Arial';"&gt;&lt;br&gt;Point B corresponds to a &lt;/span&gt;</mattext></material><response_extension><d2l_2p0:display_style>2</d2l_2p0:display_style><d2l_2p0:enumeration>6</d2l_2p0:enumeration><d2l_2p0:grading_type>0</d2l_2p0:grading_type></response_extension><response_lid ident="QUES_42757001_42761082_LID" rcardinality="Single"><render_choice shuffle="no"><flow_label class="Block"><response_label ident="QUES_42757001_42761082_A130833262"><flow_mat><material><mattext texttype="text/html">&lt;span style="font-family:'Arial';"&gt;local minimum of &lt;/span&gt;&lt;span style="font-family:'Arial';"&gt;&lt;IMG src="ppg/respondus/Optimization_Intro_Pre_BB_Test/eq_0496d6a.gif" alt="equation" border=0 align="absmiddle"&gt;&lt;/span&gt;</mattext></material></flow_mat></response_label></flow_label><flow_label class="Block"><response_label ident="QUES_42757001_42761082_A130833263"><flow_mat><material><mattext texttype="text/html">&lt;span style="font-family:'Arial';"&gt;local maximum of &lt;/span&gt;&lt;span style="font-family:'Arial';"&gt;&lt;IMG src="ppg/respondus/Optimization_Intro_Pre_BB_Test/eq_049813a.gif" alt="equation" border=0 align="absmiddle"&gt;&lt;/span&gt;</mattext></material></flow_mat></response_label></flow_label><flow_label class="Block"><response_label ident="QUES_42757001_42761082_A130833264"><flow_mat><material><mattext texttype="text/html">&lt;span style="font-family:'Arial';"&gt;neither a local max nor a min of &lt;/span&gt;&lt;span style="font-family:'Arial';"&gt;&lt;IMG src="ppg/respondus/Optimization_Intro_Pre_BB_Test/eq_04981fa.gif" alt="equation" border=0 align="absmiddle"&gt;&lt;/span&gt;</mattext></material></flow_mat></response_label></flow_label><flow_label class="Block"><response_label ident="QUES_42757001_42761082_A130833265"><flow_mat><material><mattext texttype="text/html">&lt;span style="font-family:'Arial';"&gt;you can't tell without more information&lt;/span&gt;</mattext></material></flow_mat></response_label></flow_label></render_choice></response_lid></flow></presentation><resprocessing><respcondition title="Response Condition 1"><conditionvar><varequal respident="QUES_42757001_42761082_LID">QUES_42757001_42761082_A130833262</varequal></conditionvar><setvar action="Set">100.000000000</setvar><displayfeedback feedbacktype="Response" linkrefid="QUES_42757001_42761082_IF130833262" /></respcondition><respcondition title="Response Condition 2"><conditionvar><varequal respident="QUES_42757001_42761082_LID">QUES_42757001_42761082_A130833263</varequal></conditionvar><setvar action="Set">0.000000000</setvar><displayfeedback feedbacktype="Response" linkrefid="QUES_42757001_42761082_IF130833263" /></respcondition><respcondition title="Response Condition 3"><conditionvar><varequal respident="QUES_42757001_42761082_LID">QUES_42757001_42761082_A130833264</varequal></conditionvar><setvar action="Set">0.000000000</setvar><displayfeedback feedbacktype="Response" linkrefid="QUES_42757001_42761082_IF130833264" /></respcondition><respcondition title="Response Condition 4"><conditionvar><varequal respident="QUES_42757001_42761082_LID">QUES_42757001_42761082_A130833265</varequal></conditionvar><setvar action="Set">0.000000000</setvar><displayfeedback feedbacktype="Response" linkrefid="QUES_42757001_42761082_IF130833265" /></respcondition></resprocessing><itemfeedback ident="QUES_42757001_42761082_IF130833262"><material><mattext texttype="text/plain" /></material></itemfeedback><itemfeedback ident="QUES_42757001_42761082_IF130833263"><material><mattext texttype="text/plain" /></material></itemfeedback><itemfeedback ident="QUES_42757001_42761082_IF130833264"><material><mattext texttype="text/plain" /></material></itemfeedback><itemfeedback ident="QUES_42757001_42761082_IF130833265"><material><mattext texttype="text/plain" /></material></itemfeedback></item><item ident="OBJ_1651195" label="QUES_42757002_42761083" d2l_2p0:page="1"><itemmetadata><qtimetadata><qti_metadatafield><fieldlabel>qmd_computerscored</fieldlabel><fieldentry>yes</fieldentry></qti_metadatafield><qti_metadatafield><fieldlabel>qmd_questiontype</fieldlabel><fieldentry>Multiple Choice</fieldentry></qti_metadatafield><qti_metadatafield><fieldlabel>qmd_weighting</fieldlabel><fieldentry>1.000000000</fieldentry></qti_metadatafield><qti_metadatafield><fieldlabel>qmd_globalid</fieldlabel><fieldentry>7b626dbf-28c4-4d2a-84a4-eb8fdefc7a2d</fieldentry></qti_metadatafield><qti_metadatafield><fieldlabel>qmd_displayid</fieldlabel><fieldentry>Sample Course-74201</fieldentry></qti_metadatafield></qtimetadata></itemmetadata><itemproc_extension><d2l_2p0:difficulty>3</d2l_2p0:difficulty><d2l_2p0:isbonus>no</d2l_2p0:isbonus><d2l_2p0:ismandatory>yes</d2l_2p0:ismandatory></itemproc_extension><presentation><flow><material><mattext texttype="text/html">&lt;!--RsQ_003--&gt;&lt;span style="font-family:'Arial';"&gt;A function &lt;/span&gt;&lt;span style="font-family:'Arial'; color:#000000;"&gt;&lt;IMG src="ppg/respondus/Optimization_Intro_Pre_BB_Test/eq_049661aa.gif" alt="equation" border=0 align="absmiddle"&gt;&lt;/span&gt;&lt;span style="font-family:'Arial';"&gt; is defined for &lt;/span&gt;&lt;span style="font-family:'Arial'; color:#000000;"&gt;&lt;IMG src="ppg/respondus/Optimization_Intro_Pre_BB_Test/eq_04966faa.gif" alt="equation" border=0 align="absmiddle"&gt;&lt;/span&gt;&lt;span style="font-family:'Arial';"&gt;-values between 0 and 8. The graph below shows a graph of &lt;/span&gt;&lt;span style="font-family:'Arial';"&gt;&lt;b&gt;the derivative of &lt;/b&gt;&lt;/span&gt;&lt;span style="font-family:'Arial'; color:#000000;"&gt;&lt;b&gt;&lt;IMG src="ppg/respondus/Optimization_Intro_Pre_BB_Test/eq_049692aa.gif" alt="equation" border=0 align="absmiddle"&gt;&lt;/b&gt;&lt;/span&gt;&lt;span style="font-family:'Arial';"&gt;&lt;b&gt;.&lt;/b&gt;&lt;/span&gt;&lt;span style="font-family:'Arial';"&gt;&lt;br&gt;&lt;/span&gt;&lt;span style="font-family:'Arial'; color:#000000;"&gt;&lt;b&gt;&lt;IMG src="ppg/respondus/Optimization_Intro_Pre_BB_Test/pre.png" alt="image" align="bottom" border=0&gt;&lt;/b&gt;&lt;/span&gt;&lt;span style="font-family:'Arial';"&gt;&lt;br&gt;Point C corresponds to a &lt;/span&gt;</mattext></material><response_extension><d2l_2p0:display_style>2</d2l_2p0:display_style><d2l_2p0:enumeration>6</d2l_2p0:enumeration><d2l_2p0:grading_type>0</d2l_2p0:grading_type></response_extension><response_lid ident="QUES_42757002_42761083_LID" rcardinality="Single"><render_choice shuffle="no"><flow_label class="Block"><response_label ident="QUES_42757002_42761083_A130833266"><flow_mat><material><mattext texttype="text/html">&lt;span style="font-family:'Arial';"&gt;local minimum of &lt;/span&gt;&lt;span style="font-family:'Arial';"&gt;&lt;IMG src="ppg/respondus/Optimization_Intro_Pre_BB_Test/eq_0496d6aa.gif" alt="equation" border=0 align="absmiddle"&gt;&lt;/span&gt;</mattext></material></flow_mat></response_label></flow_label><flow_label class="Block"><response_label ident="QUES_42757002_42761083_A130833267"><flow_mat><material><mattext texttype="text/html">&lt;span style="font-family:'Arial';"&gt;local maximum of &lt;/span&gt;&lt;span style="font-family:'Arial';"&gt;&lt;IMG src="ppg/respondus/Optimization_Intro_Pre_BB_Test/eq_049813aa.gif" alt="equation" border=0 align="absmiddle"&gt;&lt;/span&gt;</mattext></material></flow_mat></response_label></flow_label><flow_label class="Block"><response_label ident="QUES_42757002_42761083_A130833268"><flow_mat><material><mattext texttype="text/html">&lt;span style="font-family:'Arial';"&gt;neither a local max nor a min of &lt;/span&gt;&lt;span style="font-family:'Arial';"&gt;&lt;IMG src="ppg/respondus/Optimization_Intro_Pre_BB_Test/eq_04981faa.gif" alt="equation" border=0 align="absmiddle"&gt;&lt;/span&gt;</mattext></material></flow_mat></response_label></flow_label><flow_label class="Block"><response_label ident="QUES_42757002_42761083_A130833269"><flow_mat><material><mattext texttype="text/html">&lt;span style="font-family:'Arial';"&gt;you can't tell without more information&lt;/span&gt;</mattext></material></flow_mat></response_label></flow_label></render_choice></response_lid></flow></presentation><resprocessing><respcondition title="Response Condition 1"><conditionvar><varequal respident="QUES_42757002_42761083_LID">QUES_42757002_42761083_A130833266</varequal></conditionvar><setvar action="Set">0.000000000</setvar><displayfeedback feedbacktype="Response" linkrefid="QUES_42757002_42761083_IF130833266" /></respcondition><respcondition title="Response Condition 2"><conditionvar><varequal respident="QUES_42757002_42761083_LID">QUES_42757002_42761083_A130833267</varequal></conditionvar><setvar action="Set">0.000000000</setvar><displayfeedback feedbacktype="Response" linkrefid="QUES_42757002_42761083_IF130833267" /></respcondition><respcondition title="Response Condition 3"><conditionvar><varequal respident="QUES_42757002_42761083_LID">QUES_42757002_42761083_A130833268</varequal></conditionvar><setvar action="Set">100.000000000</setvar><displayfeedback feedbacktype="Response" linkrefid="QUES_42757002_42761083_IF130833268" /></respcondition><respcondition title="Response Condition 4"><conditionvar><varequal respident="QUES_42757002_42761083_LID">QUES_42757002_42761083_A130833269</varequal></conditionvar><setvar action="Set">0.000000000</setvar><displayfeedback feedbacktype="Response" linkrefid="QUES_42757002_42761083_IF130833269" /></respcondition></resprocessing><itemfeedback ident="QUES_42757002_42761083_IF130833266"><material><mattext texttype="text/plain" /></material></itemfeedback><itemfeedback ident="QUES_42757002_42761083_IF130833267"><material><mattext texttype="text/plain" /></material></itemfeedback><itemfeedback ident="QUES_42757002_42761083_IF130833268"><material><mattext texttype="text/plain" /></material></itemfeedback><itemfeedback ident="QUES_42757002_42761083_IF130833269"><material><mattext texttype="text/plain" /></material></itemfeedback></item><item ident="OBJ_1651196" label="QUES_42757003_42761084" d2l_2p0:page="1"><itemmetadata><qtimetadata><qti_metadatafield><fieldlabel>qmd_computerscored</fieldlabel><fieldentry>yes</fieldentry></qti_metadatafield><qti_metadatafield><fieldlabel>qmd_questiontype</fieldlabel><fieldentry>Multiple Choice</fieldentry></qti_metadatafield><qti_metadatafield><fieldlabel>qmd_weighting</fieldlabel><fieldentry>1.000000000</fieldentry></qti_metadatafield><qti_metadatafield><fieldlabel>qmd_globalid</fieldlabel><fieldentry>9d39ba92-b027-45fc-8f47-6671bdf9877a</fieldentry></qti_metadatafield><qti_metadatafield><fieldlabel>qmd_displayid</fieldlabel><fieldentry>Sample Course-74202</fieldentry></qti_metadatafield></qtimetadata></itemmetadata><itemproc_extension><d2l_2p0:difficulty>3</d2l_2p0:difficulty><d2l_2p0:isbonus>no</d2l_2p0:isbonus><d2l_2p0:ismandatory>yes</d2l_2p0:ismandatory></itemproc_extension><presentation><flow><material><mattext texttype="text/html">&lt;!--RsQ_004--&gt;&lt;span style="font-family:'Arial';"&gt;A function &lt;/span&gt;&lt;span style="font-family:'Arial'; color:#000000;"&gt;&lt;IMG src="ppg/respondus/Optimization_Intro_Pre_BB_Test/eq_049661aaa.gif" alt="equation" border=0 align="absmiddle"&gt;&lt;/span&gt;&lt;span style="font-family:'Arial';"&gt; is defined for &lt;/span&gt;&lt;span style="font-family:'Arial'; color:#000000;"&gt;&lt;IMG src="ppg/respondus/Optimization_Intro_Pre_BB_Test/eq_04966faaa.gif" alt="equation" border=0 align="absmiddle"&gt;&lt;/span&gt;&lt;span style="font-family:'Arial';"&gt;-values between 0 and 8. The graph below shows a graph of &lt;/span&gt;&lt;span style="font-family:'Arial';"&gt;&lt;b&gt;the derivative of &lt;/b&gt;&lt;/span&gt;&lt;span style="font-family:'Arial'; color:#000000;"&gt;&lt;b&gt;&lt;IMG src="ppg/respondus/Optimization_Intro_Pre_BB_Test/eq_049692aaa.gif" alt="equation" border=0 align="absmiddle"&gt;&lt;/b&gt;&lt;/span&gt;&lt;span style="font-family:'Arial';"&gt;&lt;b&gt;.&lt;/b&gt;&lt;/span&gt;&lt;span style="font-family:'Arial';"&gt;&lt;br&gt;&lt;/span&gt;&lt;span style="font-family:'Arial'; color:#000000;"&gt;&lt;b&gt;&lt;IMG src="ppg/respondus/Optimization_Intro_Pre_BB_Test/pre.png" alt="image" align="bottom" border=0&gt;&lt;/b&gt;&lt;/span&gt;&lt;span style="font-family:'Arial';"&gt;&lt;br&gt;Point D corresponds to a &lt;/span&gt;</mattext></material><response_extension><d2l_2p0:display_style>2</d2l_2p0:display_style><d2l_2p0:enumeration>6</d2l_2p0:enumeration><d2l_2p0:grading_type>0</d2l_2p0:grading_type></response_extension><response_lid ident="QUES_42757003_42761084_LID" rcardinality="Single"><render_choice shuffle="no"><flow_label class="Block"><response_label ident="QUES_42757003_42761084_A130833270"><flow_mat><material><mattext texttype="text/html">&lt;span style="font-family:'Arial';"&gt;local minimum of &lt;/span&gt;&lt;span style="font-family:'Arial';"&gt;&lt;IMG src="ppg/respondus/Optimization_Intro_Pre_BB_Test/eq_0496d6aaa.gif" alt="equation" border=0 align="absmiddle"&gt;&lt;/span&gt;</mattext></material></flow_mat></response_label></flow_label><flow_label class="Block"><response_label ident="QUES_42757003_42761084_A130833271"><flow_mat><material><mattext texttype="text/html">&lt;span style="font-family:'Arial';"&gt;local maximum of &lt;/span&gt;&lt;span style="font-family:'Arial';"&gt;&lt;IMG src="ppg/respondus/Optimization_Intro_Pre_BB_Test/eq_049813aaa.gif" alt="equation" border=0 align="absmiddle"&gt;&lt;/span&gt;</mattext></material></flow_mat></response_label></flow_label><flow_label class="Block"><response_label ident="QUES_42757003_42761084_A130833272"><flow_mat><material><mattext texttype="text/html">&lt;span style="font-family:'Arial';"&gt;neither a local max nor a min of &lt;/span&gt;&lt;span style="font-family:'Arial';"&gt;&lt;IMG src="ppg/respondus/Optimization_Intro_Pre_BB_Test/eq_04981faaa.gif" alt="equation" border=0 align="absmiddle"&gt;&lt;/span&gt;</mattext></material></flow_mat></response_label></flow_label><flow_label class="Block"><response_label ident="QUES_42757003_42761084_A130833273"><flow_mat><material><mattext texttype="text/html">&lt;span style="font-family:'Arial';"&gt;you can't tell without more information&lt;/span&gt;</mattext></material></flow_mat></response_label></flow_label></render_choice></response_lid></flow></presentation><resprocessing><respcondition title="Response Condition 1"><conditionvar><varequal respident="QUES_42757003_42761084_LID">QUES_42757003_42761084_A130833270</varequal></conditionvar><setvar action="Set">0.000000000</setvar><displayfeedback feedbacktype="Response" linkrefid="QUES_42757003_42761084_IF130833270" /></respcondition><respcondition title="Response Condition 2"><conditionvar><varequal respident="QUES_42757003_42761084_LID">QUES_42757003_42761084_A130833271</varequal></conditionvar><setvar action="Set">100.000000000</setvar><displayfeedback feedbacktype="Response" linkrefid="QUES_42757003_42761084_IF130833271" /></respcondition><respcondition title="Response Condition 3"><conditionvar><varequal respident="QUES_42757003_42761084_LID">QUES_42757003_42761084_A130833272</varequal></conditionvar><setvar action="Set">0.000000000</setvar><displayfeedback feedbacktype="Response" linkrefid="QUES_42757003_42761084_IF130833272" /></respcondition><respcondition title="Response Condition 4"><conditionvar><varequal respident="QUES_42757003_42761084_LID">QUES_42757003_42761084_A130833273</varequal></conditionvar><setvar action="Set">0.000000000</setvar><displayfeedback feedbacktype="Response" linkrefid="QUES_42757003_42761084_IF130833273" /></respcondition></resprocessing><itemfeedback ident="QUES_42757003_42761084_IF130833270"><material><mattext texttype="text/plain" /></material></itemfeedback><itemfeedback ident="QUES_42757003_42761084_IF130833271"><material><mattext texttype="text/plain" /></material></itemfeedback><itemfeedback ident="QUES_42757003_42761084_IF130833272"><material><mattext texttype="text/plain" /></material></itemfeedback><itemfeedback ident="QUES_42757003_42761084_IF130833273"><material><mattext texttype="text/plain" /></material></itemfeedback></item><item ident="OBJ_1651197" label="QUES_42757004_42761085" d2l_2p0:page="1"><itemmetadata><qtimetadata><qti_metadatafield><fieldlabel>qmd_computerscored</fieldlabel><fieldentry>yes</fieldentry></qti_metadatafield><qti_metadatafield><fieldlabel>qmd_questiontype</fieldlabel><fieldentry>Multiple Choice</fieldentry></qti_metadatafield><qti_metadatafield><fieldlabel>qmd_weighting</fieldlabel><fieldentry>1.000000000</fieldentry></qti_metadatafield><qti_metadatafield><fieldlabel>qmd_globalid</fieldlabel><fieldentry>29976780-8524-46dd-82e2-1a98f6fc29e9</fieldentry></qti_metadatafield><qti_metadatafield><fieldlabel>qmd_displayid</fieldlabel><fieldentry>Sample Course-74203</fieldentry></qti_metadatafield></qtimetadata></itemmetadata><itemproc_extension><d2l_2p0:difficulty>3</d2l_2p0:difficulty><d2l_2p0:isbonus>no</d2l_2p0:isbonus><d2l_2p0:ismandatory>yes</d2l_2p0:ismandatory></itemproc_extension><presentation><flow><material><mattext texttype="text/html">&lt;!--RsQ_005--&gt;&lt;span style="font-family:'Arial';"&gt;A function &lt;/span&gt;&lt;span style="font-family:'Arial'; color:#000000;"&gt;&lt;IMG src="ppg/respondus/Optimization_Intro_Pre_BB_Test/eq_049661aaaa.gif" alt="equation" border=0 align="absmiddle"&gt;&lt;/span&gt;&lt;span style="font-family:'Arial';"&gt; is defined for &lt;/span&gt;&lt;span style="font-family:'Arial'; color:#000000;"&gt;&lt;IMG src="ppg/respondus/Optimization_Intro_Pre_BB_Test/eq_04966faaaa.gif" alt="equation" border=0 align="absmiddle"&gt;&lt;/span&gt;&lt;span style="font-family:'Arial';"&gt;-values between 0 and 8. The graph below shows a graph of &lt;/span&gt;&lt;span style="font-family:'Arial';"&gt;&lt;b&gt;the derivative of &lt;/b&gt;&lt;/span&gt;&lt;span style="font-family:'Arial'; color:#000000;"&gt;&lt;b&gt;&lt;IMG src="ppg/respondus/Optimization_Intro_Pre_BB_Test/eq_049692aaaa.gif" alt="equation" border=0 align="absmiddle"&gt;&lt;/b&gt;&lt;/span&gt;&lt;span style="font-family:'Arial';"&gt;&lt;b&gt;.&lt;/b&gt;&lt;/span&gt;&lt;span style="font-family:'Arial';"&gt;&lt;br&gt;&lt;/span&gt;&lt;span style="font-family:'Arial'; color:#000000;"&gt;&lt;b&gt;&lt;IMG src="ppg/respondus/Optimization_Intro_Pre_BB_Test/pre.png" alt="image" align="bottom" border=0&gt;&lt;/b&gt;&lt;/span&gt;&lt;span style="font-family:'Arial';"&gt;&lt;br&gt;Point E corresponds to a &lt;/span&gt;</mattext></material><response_extension><d2l_2p0:display_style>2</d2l_2p0:display_style><d2l_2p0:enumeration>6</d2l_2p0:enumeration><d2l_2p0:grading_type>0</d2l_2p0:grading_type></response_extension><response_lid ident="QUES_42757004_42761085_LID" rcardinality="Single"><render_choice shuffle="no"><flow_label class="Block"><response_label ident="QUES_42757004_42761085_A130833274"><flow_mat><material><mattext texttype="text/html">&lt;span style="font-family:'Arial';"&gt;local minimum of &lt;/span&gt;&lt;span style="font-family:'Arial';"&gt;&lt;IMG src="ppg/respondus/Optimization_Intro_Pre_BB_Test/eq_0496d6aaaa.gif" alt="equation" border=0 align="absmiddle"&gt;&lt;/span&gt;</mattext></material></flow_mat></response_label></flow_label><flow_label class="Block"><response_label ident="QUES_42757004_42761085_A130833275"><flow_mat><material><mattext texttype="text/html">&lt;span style="font-family:'Arial';"&gt;local maximum of &lt;/span&gt;&lt;span style="font-family:'Arial';"&gt;&lt;IMG src="ppg/respondus/Optimization_Intro_Pre_BB_Test/eq_049813aaaa.gif" alt="equation" border=0 align="absmiddle"&gt;&lt;/span&gt;</mattext></material></flow_mat></response_label></flow_label><flow_label class="Block"><response_label ident="QUES_42757004_42761085_A130833276"><flow_mat><material><mattext texttype="text/html">&lt;span style="font-family:'Arial';"&gt;neither a local max nor a min of &lt;/span&gt;&lt;span style="font-family:'Arial';"&gt;&lt;IMG src="ppg/respondus/Optimization_Intro_Pre_BB_Test/eq_04981faaaa.gif" alt="equation" border=0 align="absmiddle"&gt;&lt;/span&gt;</mattext></material></flow_mat></response_label></flow_label><flow_label class="Block"><response_label ident="QUES_42757004_42761085_A130833277"><flow_mat><material><mattext texttype="text/html">&lt;span style="font-family:'Arial';"&gt;you can't tell without more information&lt;/span&gt;</mattext></material></flow_mat></response_label></flow_label></render_choice></response_lid></flow></presentation><resprocessing><respcondition title="Response Condition 1"><conditionvar><varequal respident="QUES_42757004_42761085_LID">QUES_42757004_42761085_A130833274</varequal></conditionvar><setvar action="Set">100.000000000</setvar><displayfeedback feedbacktype="Response" linkrefid="QUES_42757004_42761085_IF130833274" /></respcondition><respcondition title="Response Condition 2"><conditionvar><varequal respident="QUES_42757004_42761085_LID">QUES_42757004_42761085_A130833275</varequal></conditionvar><setvar action="Set">0.000000000</setvar><displayfeedback feedbacktype="Response" linkrefid="QUES_42757004_42761085_IF130833275" /></respcondition><respcondition title="Response Condition 3"><conditionvar><varequal respident="QUES_42757004_42761085_LID">QUES_42757004_42761085_A130833276</varequal></conditionvar><setvar action="Set">0.000000000</setvar><displayfeedback feedbacktype="Response" linkrefid="QUES_42757004_42761085_IF130833276" /></respcondition><respcondition title="Response Condition 4"><conditionvar><varequal respident="QUES_42757004_42761085_LID">QUES_42757004_42761085_A130833277</varequal></conditionvar><setvar action="Set">0.000000000</setvar><displayfeedback feedbacktype="Response" linkrefid="QUES_42757004_42761085_IF130833277" /></respcondition></resprocessing><itemfeedback ident="QUES_42757004_42761085_IF130833274"><material><mattext texttype="text/plain" /></material></itemfeedback><itemfeedback ident="QUES_42757004_42761085_IF130833275"><material><mattext texttype="text/plain" /></material></itemfeedback><itemfeedback ident="QUES_42757004_42761085_IF130833276"><material><mattext texttype="text/plain" /></material></itemfeedback><itemfeedback ident="QUES_42757004_42761085_IF130833277"><material><mattext texttype="text/plain" /></material></itemfeedback></item><item ident="OBJ_1651198" label="QUES_42757005_42761086" d2l_2p0:page="1"><itemmetadata><qtimetadata><qti_metadatafield><fieldlabel>qmd_computerscored</fieldlabel><fieldentry>yes</fieldentry></qti_metadatafield><qti_metadatafield><fieldlabel>qmd_questiontype</fieldlabel><fieldentry>Multiple Choice</fieldentry></qti_metadatafield><qti_metadatafield><fieldlabel>qmd_weighting</fieldlabel><fieldentry>1.000000000</fieldentry></qti_metadatafield><qti_metadatafield><fieldlabel>qmd_globalid</fieldlabel><fieldentry>545dcdbb-b05d-4ccb-a3bb-f6782af47a4e</fieldentry></qti_metadatafield><qti_metadatafield><fieldlabel>qmd_displayid</fieldlabel><fieldentry>Sample Course-74204</fieldentry></qti_metadatafield></qtimetadata></itemmetadata><itemproc_extension><d2l_2p0:difficulty>3</d2l_2p0:difficulty><d2l_2p0:isbonus>no</d2l_2p0:isbonus><d2l_2p0:ismandatory>yes</d2l_2p0:ismandatory></itemproc_extension><presentation><flow><material><mattext texttype="text/html">&lt;!--RsQ_006--&gt;&lt;span style="font-family:'Arial';"&gt;A function &lt;/span&gt;&lt;span style="font-family:'Arial'; color:#000000;"&gt;&lt;IMG src="ppg/respondus/Optimization_Intro_Pre_BB_Test/eq_049661aaaaa.gif" alt="equation" border=0 align="absmiddle"&gt;&lt;/span&gt;&lt;span style="font-family:'Arial';"&gt; is defined for &lt;/span&gt;&lt;span style="font-family:'Arial'; color:#000000;"&gt;&lt;IMG src="ppg/respondus/Optimization_Intro_Pre_BB_Test/eq_04966faaaaa.gif" alt="equation" border=0 align="absmiddle"&gt;&lt;/span&gt;&lt;span style="font-family:'Arial';"&gt;-values between 0 and 8. The graph below shows a graph of &lt;/span&gt;&lt;span style="font-family:'Arial';"&gt;&lt;b&gt;the derivative of &lt;/b&gt;&lt;/span&gt;&lt;span style="font-family:'Arial'; color:#000000;"&gt;&lt;b&gt;&lt;IMG src="ppg/respondus/Optimization_Intro_Pre_BB_Test/eq_049692aaaaa.gif" alt="equation" border=0 align="absmiddle"&gt;&lt;/b&gt;&lt;/span&gt;&lt;span style="font-family:'Arial';"&gt;&lt;b&gt;.&lt;/b&gt;&lt;/span&gt;&lt;span style="font-family:'Arial';"&gt;&lt;br&gt;&lt;/span&gt;&lt;span style="font-family:'Arial'; color:#000000;"&gt;&lt;b&gt;&lt;IMG src="ppg/respondus/Optimization_Intro_Pre_BB_Test/pre.png" alt="image" align="bottom" border=0&gt;&lt;/b&gt;&lt;/span&gt;&lt;span style="font-family:'Arial';"&gt;&lt;br&gt;Which point corresponds to a global maximum of &lt;/span&gt;&lt;span style="font-family:'Arial'; color:#000000;"&gt;&lt;IMG src="ppg/respondus/Optimization_Intro_Pre_BB_Test/eq_0498e3.gif" alt="equation" border=0 align="absmiddle"&gt;&lt;/span&gt;&lt;span style="font-family:'Arial';"&gt;? &lt;/span&gt;</mattext></material><response_extension><d2l_2p0:display_style>2</d2l_2p0:display_style><d2l_2p0:enumeration>6</d2l_2p0:enumeration><d2l_2p0:grading_type>0</d2l_2p0:grading_type></response_extension><response_lid ident="QUES_42757005_42761086_LID" rcardinality="Single"><render_choice shuffle="no"><flow_label class="Block"><response_label ident="QUES_42757005_42761086_A130833278"><flow_mat><material><mattext texttype="text/html">&lt;span style="font-family:'Arial';"&gt;A&lt;/span&gt;</mattext></material></flow_mat></response_label></flow_label><flow_label class="Block"><response_label ident="QUES_42757005_42761086_A130833279"><flow_mat><material><mattext texttype="text/html">&lt;span style="font-family:'Arial';"&gt;B&lt;/span&gt;</mattext></material></flow_mat></response_label></flow_label><flow_label class="Block"><response_label ident="QUES_42757005_42761086_A130833280"><flow_mat><material><mattext texttype="text/html">&lt;span style="font-family:'Arial';"&gt;C&lt;/span&gt;</mattext></material></flow_mat></response_label></flow_label><flow_label class="Block"><response_label ident="QUES_42757005_42761086_A130833281"><flow_mat><material><mattext texttype="text/html">&lt;span style="font-family:'Arial';"&gt;D&lt;/span&gt;</mattext></material></flow_mat></response_label></flow_label><flow_label class="Block"><response_label ident="QUES_42757005_42761086_A130833282"><flow_mat><material><mattext texttype="text/html">&lt;span style="font-family:'Arial';"&gt;E&lt;/span&gt;</mattext></material></flow_mat></response_label></flow_label><flow_label class="Block"><response_label ident="QUES_42757005_42761086_A130833283"><flow_mat><material><mattext texttype="text/html">&lt;span style="font-family:'Arial';"&gt;None of these points&lt;/span&gt;</mattext></material></flow_mat></response_label></flow_label><flow_label class="Block"><response_label ident="QUES_42757005_42761086_A130833284"><flow_mat><material><mattext texttype="text/html">&lt;span style="font-family:'Arial';"&gt;You can't tell without more information&lt;/span&gt;</mattext></material></flow_mat></response_label></flow_label></render_choice></response_lid></flow></presentation><resprocessing><respcondition title="Response Condition 1"><conditionvar><varequal respident="QUES_42757005_42761086_LID">QUES_42757005_42761086_A130833278</varequal></conditionvar><setvar action="Set">0.000000000</setvar><displayfeedback feedbacktype="Response" linkrefid="QUES_42757005_42761086_IF130833278" /></respcondition><respcondition title="Response Condition 2"><conditionvar><varequal respident="QUES_42757005_42761086_LID">QUES_42757005_42761086_A130833279</varequal></conditionvar><setvar action="Set">0.000000000</setvar><displayfeedback feedbacktype="Response" linkrefid="QUES_42757005_42761086_IF130833279" /></respcondition><respcondition title="Response Condition 3"><conditionvar><varequal respident="QUES_42757005_42761086_LID">QUES_42757005_42761086_A130833280</varequal></conditionvar><setvar action="Set">0.000000000</setvar><displayfeedback feedbacktype="Response" linkrefid="QUES_42757005_42761086_IF130833280" /></respcondition><respcondition title="Response Condition 4"><conditionvar><varequal respident="QUES_42757005_42761086_LID">QUES_42757005_42761086_A130833281</varequal></conditionvar><setvar action="Set">100.000000000</setvar><displayfeedback feedbacktype="Response" linkrefid="QUES_42757005_42761086_IF130833281" /></respcondition><respcondition title="Response Condition 5"><conditionvar><varequal respident="QUES_42757005_42761086_LID">QUES_42757005_42761086_A130833282</varequal></conditionvar><setvar action="Set">0.000000000</setvar><displayfeedback feedbacktype="Response" linkrefid="QUES_42757005_42761086_IF130833282" /></respcondition><respcondition title="Response Condition 6"><conditionvar><varequal respident="QUES_42757005_42761086_LID">QUES_42757005_42761086_A130833283</varequal></conditionvar><setvar action="Set">0.000000000</setvar><displayfeedback feedbacktype="Response" linkrefid="QUES_42757005_42761086_IF130833283" /></respcondition><respcondition title="Response Condition 7"><conditionvar><varequal respident="QUES_42757005_42761086_LID">QUES_42757005_42761086_A130833284</varequal></conditionvar><setvar action="Set">0.000000000</setvar><displayfeedback feedbacktype="Response" linkrefid="QUES_42757005_42761086_IF130833284" /></respcondition></resprocessing><itemfeedback ident="QUES_42757005_42761086_IF130833278"><material><mattext texttype="text/plain" /></material></itemfeedback><itemfeedback ident="QUES_42757005_42761086_IF130833279"><material><mattext texttype="text/plain" /></material></itemfeedback><itemfeedback ident="QUES_42757005_42761086_IF130833280"><material><mattext texttype="text/plain" /></material></itemfeedback><itemfeedback ident="QUES_42757005_42761086_IF130833281"><material><mattext texttype="text/plain" /></material></itemfeedback><itemfeedback ident="QUES_42757005_42761086_IF130833282"><material><mattext texttype="text/plain" /></material></itemfeedback><itemfeedback ident="QUES_42757005_42761086_IF130833283"><material><mattext texttype="text/plain" /></material></itemfeedback><itemfeedback ident="QUES_42757005_42761086_IF130833284"><material><mattext texttype="text/plain" /></material></itemfeedback></item></section></assessment></questestinterop>