﻿<?xml version="1.0" encoding="UTF-8"?><questestinterop xmlns:d2l_2p0="http://desire2learn.com/xsd/d2lcp_v2p0"><assessment d2l_2p0:id="491" title="Differentiability and Local Linearity Post-Video Questions" ident="res_quiz_122592" d2l_2p0:resource_code="trynow-55592"><rubric><flow_mat><material><mattext d2l_2p0:isdisplayed="no" texttype="text/html" /></material></flow_mat></rubric><assessmentcontrol hintswitch="no" solutionswitch="no" feedbackswitch="no" /><presentation_material><flow_mat><material label="page header"><mattext d2l_2p0:isdisplayed="no" texttype="text/html" /></material><material label="page footer"><mattext d2l_2p0:isdisplayed="no" texttype="text/html" /></material></flow_mat></presentation_material><assess_procextension><d2l_2p0:intro_message d2l_2p0:isdisplayed="no" texttype="text/html" /><d2l_2p0:disable_right_click>no</d2l_2p0:disable_right_click><d2l_2p0:disable_pager_access>no</d2l_2p0:disable_pager_access><is_active>yes</is_active><d2l_2p0:date_start /><d2l_2p0:date_end /><d2l_2p0:date_due /><d2l_2p0:has_schedule_event>no</d2l_2p0:has_schedule_event><d2l_2p0:is_attempt_Rldb>no</d2l_2p0:is_attempt_Rldb><d2l_2p0:is_subview_Rldb>no</d2l_2p0:is_subview_Rldb><d2l_2p0:time_limit>120</d2l_2p0:time_limit><d2l_2p0:show_clock>no</d2l_2p0:show_clock><d2l_2p0:enforce_time_limit>no</d2l_2p0:enforce_time_limit><d2l_2p0:grace_period>5</d2l_2p0:grace_period><d2l_2p0:late_limit>0</d2l_2p0:late_limit><d2l_2p0:attempts_allowed>0</d2l_2p0:attempts_allowed><d2l_2p0:attempt_restrictions /><d2l_2p0:mark_calculation_type>1</d2l_2p0:mark_calculation_type><d2l_2p0:is_forward_only>no</d2l_2p0:is_forward_only></assess_procextension><assessfeedback title=""><rubric><flow_mat><material><mattext texttype="yes" /></material></flow_mat></rubric><d2l_2p0:duration>0</d2l_2p0:duration><d2l_2p0:response_display_type_id>1</d2l_2p0:response_display_type_id><d2l_2p0:show_correct_answers>no</d2l_2p0:show_correct_answers><d2l_2p0:submission_restrictip>no</d2l_2p0:submission_restrictip><d2l_2p0:show_class_average>no</d2l_2p0:show_class_average><d2l_2p0:show_score_distribution>no</d2l_2p0:show_score_distribution></assessfeedback><section ident="CONTAINER_SECTION"><item ident="OBJ_1652692" label="QUES_42757157_42761247" d2l_2p0:page="1" title="Problem 1"><itemmetadata><qtimetadata><qti_metadatafield><fieldlabel>qmd_computerscored</fieldlabel><fieldentry>yes</fieldentry></qti_metadatafield><qti_metadatafield><fieldlabel>qmd_questiontype</fieldlabel><fieldentry>Multiple Choice</fieldentry></qti_metadatafield><qti_metadatafield><fieldlabel>qmd_weighting</fieldlabel><fieldentry>1.000000000</fieldentry></qti_metadatafield><qti_metadatafield><fieldlabel>qmd_globalid</fieldlabel><fieldentry>9c03e3da-f10d-40f1-9932-796278310122</fieldentry></qti_metadatafield><qti_metadatafield><fieldlabel>qmd_displayid</fieldlabel><fieldentry>Sample Course-74327</fieldentry></qti_metadatafield></qtimetadata></itemmetadata><itemproc_extension><d2l_2p0:difficulty>1</d2l_2p0:difficulty><d2l_2p0:isbonus>no</d2l_2p0:isbonus><d2l_2p0:ismandatory>no</d2l_2p0:ismandatory></itemproc_extension><presentation><flow><material><mattext texttype="text/html">&lt;span style="font-family:'Arial';"&gt;Below is a graph of a function &lt;/span&gt;&lt;span style="font-family:'Arial'; color:#000000;"&gt;&lt;IMG src="Differentiability_and_Local_Linearity_Post_D2L/eq_2197d8.gif" alt="equation" border=0 style="vertical-align:text-bottom;" /&gt;&lt;/span&gt;&lt;span style="font-family:'Arial';"&gt;. For each of the input values labeled on the graph (A through I), indicate whether or not &lt;/span&gt;&lt;span style="font-family:'Arial'; color:#000000;"&gt;&lt;IMG src="Differentiability_and_Local_Linearity_Post_D2L/eq_2197f7.gif" alt="equation" border=0 style="vertical-align:text-bottom;" /&gt;&lt;/span&gt;&lt;span style="font-family:'Arial';"&gt; is locally linear for that value of &lt;/span&gt;&lt;span style="font-family:'Arial'; color:#000000;"&gt;&lt;IMG src="Differentiability_and_Local_Linearity_Post_D2L/eq_219802.gif" alt="equation" border=0 style="vertical-align:text-bottom;" /&gt;&lt;/span&gt;&lt;span style="font-family:'Arial';"&gt;.&lt;br&gt;
&lt;/span&gt;&lt;span style="font-family:'Arial'; color:#000000;"&gt;&lt;IMG src="Differentiability_and_Local_Linearity_Post_D2L/post_video_graph.png" alt="image" border=0 style="vertical-align:text-bottom;" /&gt;&lt;/span&gt;&lt;span style="font-family:'Arial';"&gt;&lt;br&gt;
Point A: &lt;/span&gt;</mattext></material><response_extension><d2l_2p0:display_style>2</d2l_2p0:display_style><d2l_2p0:enumeration>1</d2l_2p0:enumeration><d2l_2p0:grading_type>0</d2l_2p0:grading_type></response_extension><response_lid ident="QUES_42757157_42761247_LID" rcardinality="Single"><render_choice shuffle="no"><flow_label class="Block"><response_label ident="QUES_42757157_42761247_A130834007"><flow_mat><material><mattext texttype="text/html">&lt;span style="font-family:'Arial';"&gt;Is locallly linear&lt;/span&gt;</mattext></material></flow_mat></response_label></flow_label><flow_label class="Block"><response_label ident="QUES_42757157_42761247_A130834008"><flow_mat><material><mattext texttype="text/html">&lt;span style="font-family:'Arial';"&gt;isn't locally linear&lt;/span&gt;</mattext></material></flow_mat></response_label></flow_label></render_choice></response_lid></flow></presentation><resprocessing><respcondition title="Response Condition 1"><conditionvar><varequal respident="QUES_42757157_42761247_LID">QUES_42757157_42761247_A130834007</varequal></conditionvar><setvar action="Set">100.000000000</setvar><displayfeedback feedbacktype="Response" linkrefid="QUES_42757157_42761247_IF130834007" /></respcondition><respcondition title="Response Condition 2"><conditionvar><varequal respident="QUES_42757157_42761247_LID">QUES_42757157_42761247_A130834008</varequal></conditionvar><setvar action="Set">0.000000000</setvar><displayfeedback feedbacktype="Response" linkrefid="QUES_42757157_42761247_IF130834008" /></respcondition></resprocessing><itemfeedback ident="QUES_42757157_42761247_IF130834007"><material><mattext texttype="text/plain" /></material></itemfeedback><itemfeedback ident="QUES_42757157_42761247_IF130834008"><material><mattext texttype="text/plain" /></material></itemfeedback></item><item ident="OBJ_1652693" label="QUES_42757158_42761248" d2l_2p0:page="1" title="Problem 2"><itemmetadata><qtimetadata><qti_metadatafield><fieldlabel>qmd_computerscored</fieldlabel><fieldentry>yes</fieldentry></qti_metadatafield><qti_metadatafield><fieldlabel>qmd_questiontype</fieldlabel><fieldentry>Multiple Choice</fieldentry></qti_metadatafield><qti_metadatafield><fieldlabel>qmd_weighting</fieldlabel><fieldentry>1.000000000</fieldentry></qti_metadatafield><qti_metadatafield><fieldlabel>qmd_globalid</fieldlabel><fieldentry>955ba6a1-f0ee-4bd6-9629-f58bf55384af</fieldentry></qti_metadatafield><qti_metadatafield><fieldlabel>qmd_displayid</fieldlabel><fieldentry>Sample Course-74328</fieldentry></qti_metadatafield></qtimetadata></itemmetadata><itemproc_extension><d2l_2p0:difficulty>1</d2l_2p0:difficulty><d2l_2p0:isbonus>no</d2l_2p0:isbonus><d2l_2p0:ismandatory>no</d2l_2p0:ismandatory></itemproc_extension><presentation><flow><material><mattext texttype="text/html">&lt;span style="font-family:'Arial';"&gt;Below is a graph of a function &lt;/span&gt;&lt;span style="font-family:'Arial'; color:#000000;"&gt;&lt;IMG src="Differentiability_and_Local_Linearity_Post_D2L/eq_2197d8a.gif" alt="equation" border=0 style="vertical-align:text-bottom;" /&gt;&lt;/span&gt;&lt;span style="font-family:'Arial';"&gt;. For each of the input values labeled on the graph (A through I), indicate whether or not &lt;/span&gt;&lt;span style="font-family:'Arial'; color:#000000;"&gt;&lt;IMG src="Differentiability_and_Local_Linearity_Post_D2L/eq_2197f7a.gif" alt="equation" border=0 style="vertical-align:text-bottom;" /&gt;&lt;/span&gt;&lt;span style="font-family:'Arial';"&gt; is locally linear for that value of &lt;/span&gt;&lt;span style="font-family:'Arial'; color:#000000;"&gt;&lt;IMG src="Differentiability_and_Local_Linearity_Post_D2L/eq_219802a.gif" alt="equation" border=0 style="vertical-align:text-bottom;" /&gt;&lt;/span&gt;&lt;span style="font-family:'Arial';"&gt;.&lt;br&gt;
&lt;/span&gt;&lt;span style="font-family:'Arial'; color:#000000;"&gt;&lt;IMG src="Differentiability_and_Local_Linearity_Post_D2L/post_video_graph.png" alt="image" border=0 style="vertical-align:text-bottom;" /&gt;&lt;/span&gt;&lt;span style="font-family:'Arial';"&gt;&lt;br&gt;
Point B: &lt;/span&gt;</mattext></material><response_extension><d2l_2p0:display_style>2</d2l_2p0:display_style><d2l_2p0:enumeration>1</d2l_2p0:enumeration><d2l_2p0:grading_type>0</d2l_2p0:grading_type></response_extension><response_lid ident="QUES_42757158_42761248_LID" rcardinality="Single"><render_choice shuffle="no"><flow_label class="Block"><response_label ident="QUES_42757158_42761248_A130834009"><flow_mat><material><mattext texttype="text/html">&lt;span style="font-family:'Arial';"&gt;Is locallly linear&lt;/span&gt;</mattext></material></flow_mat></response_label></flow_label><flow_label class="Block"><response_label ident="QUES_42757158_42761248_A130834010"><flow_mat><material><mattext texttype="text/html">&lt;span style="font-family:'Arial';"&gt;isn't locally linear&lt;/span&gt;</mattext></material></flow_mat></response_label></flow_label></render_choice></response_lid></flow></presentation><resprocessing><respcondition title="Response Condition 1"><conditionvar><varequal respident="QUES_42757158_42761248_LID">QUES_42757158_42761248_A130834009</varequal></conditionvar><setvar action="Set">0.000000000</setvar><displayfeedback feedbacktype="Response" linkrefid="QUES_42757158_42761248_IF130834009" /></respcondition><respcondition title="Response Condition 2"><conditionvar><varequal respident="QUES_42757158_42761248_LID">QUES_42757158_42761248_A130834010</varequal></conditionvar><setvar action="Set">100.000000000</setvar><displayfeedback feedbacktype="Response" linkrefid="QUES_42757158_42761248_IF130834010" /></respcondition></resprocessing><itemfeedback ident="QUES_42757158_42761248_IF130834009"><material><mattext texttype="text/plain" /></material></itemfeedback><itemfeedback ident="QUES_42757158_42761248_IF130834010"><material><mattext texttype="text/plain" /></material></itemfeedback></item><item ident="OBJ_1652694" label="QUES_42757159_42761249" d2l_2p0:page="1" title="Problem 3"><itemmetadata><qtimetadata><qti_metadatafield><fieldlabel>qmd_computerscored</fieldlabel><fieldentry>yes</fieldentry></qti_metadatafield><qti_metadatafield><fieldlabel>qmd_questiontype</fieldlabel><fieldentry>Multiple Choice</fieldentry></qti_metadatafield><qti_metadatafield><fieldlabel>qmd_weighting</fieldlabel><fieldentry>1.000000000</fieldentry></qti_metadatafield><qti_metadatafield><fieldlabel>qmd_globalid</fieldlabel><fieldentry>bf560e32-6315-4658-ad28-c2af9d850f4e</fieldentry></qti_metadatafield><qti_metadatafield><fieldlabel>qmd_displayid</fieldlabel><fieldentry>Sample Course-74329</fieldentry></qti_metadatafield></qtimetadata></itemmetadata><itemproc_extension><d2l_2p0:difficulty>1</d2l_2p0:difficulty><d2l_2p0:isbonus>no</d2l_2p0:isbonus><d2l_2p0:ismandatory>no</d2l_2p0:ismandatory></itemproc_extension><presentation><flow><material><mattext texttype="text/html">&lt;span style="font-family:'Arial';"&gt;Below is a graph of a function &lt;/span&gt;&lt;span style="font-family:'Arial'; color:#000000;"&gt;&lt;IMG src="Differentiability_and_Local_Linearity_Post_D2L/eq_2197d8aa.gif" alt="equation" border=0 style="vertical-align:text-bottom;" /&gt;&lt;/span&gt;&lt;span style="font-family:'Arial';"&gt;. For each of the input values labeled on the graph (A through I), indicate whether or not &lt;/span&gt;&lt;span style="font-family:'Arial'; color:#000000;"&gt;&lt;IMG src="Differentiability_and_Local_Linearity_Post_D2L/eq_2197f7aa.gif" alt="equation" border=0 style="vertical-align:text-bottom;" /&gt;&lt;/span&gt;&lt;span style="font-family:'Arial';"&gt; is locally linear for that value of &lt;/span&gt;&lt;span style="font-family:'Arial'; color:#000000;"&gt;&lt;IMG src="Differentiability_and_Local_Linearity_Post_D2L/eq_219802aa.gif" alt="equation" border=0 style="vertical-align:text-bottom;" /&gt;&lt;/span&gt;&lt;span style="font-family:'Arial';"&gt;.&lt;br&gt;
&lt;/span&gt;&lt;span style="font-family:'Arial'; color:#000000;"&gt;&lt;IMG src="Differentiability_and_Local_Linearity_Post_D2L/post_video_graph.png" alt="image" border=0 style="vertical-align:text-bottom;" /&gt;&lt;/span&gt;&lt;span style="font-family:'Arial';"&gt;&lt;br&gt;
Point C: &lt;/span&gt;</mattext></material><response_extension><d2l_2p0:display_style>2</d2l_2p0:display_style><d2l_2p0:enumeration>1</d2l_2p0:enumeration><d2l_2p0:grading_type>0</d2l_2p0:grading_type></response_extension><response_lid ident="QUES_42757159_42761249_LID" rcardinality="Single"><render_choice shuffle="no"><flow_label class="Block"><response_label ident="QUES_42757159_42761249_A130834011"><flow_mat><material><mattext texttype="text/html">&lt;span style="font-family:'Arial';"&gt;Is locallly linear&lt;/span&gt;</mattext></material></flow_mat></response_label></flow_label><flow_label class="Block"><response_label ident="QUES_42757159_42761249_A130834012"><flow_mat><material><mattext texttype="text/html">&lt;span style="font-family:'Arial';"&gt;isn't locally linear&lt;/span&gt;</mattext></material></flow_mat></response_label></flow_label></render_choice></response_lid></flow></presentation><resprocessing><respcondition title="Response Condition 1"><conditionvar><varequal respident="QUES_42757159_42761249_LID">QUES_42757159_42761249_A130834011</varequal></conditionvar><setvar action="Set">100.000000000</setvar><displayfeedback feedbacktype="Response" linkrefid="QUES_42757159_42761249_IF130834011" /></respcondition><respcondition title="Response Condition 2"><conditionvar><varequal respident="QUES_42757159_42761249_LID">QUES_42757159_42761249_A130834012</varequal></conditionvar><setvar action="Set">0.000000000</setvar><displayfeedback feedbacktype="Response" linkrefid="QUES_42757159_42761249_IF130834012" /></respcondition></resprocessing><itemfeedback ident="QUES_42757159_42761249_IF130834011"><material><mattext texttype="text/plain" /></material></itemfeedback><itemfeedback ident="QUES_42757159_42761249_IF130834012"><material><mattext texttype="text/plain" /></material></itemfeedback></item><item ident="OBJ_1652695" label="QUES_42757160_42761250" d2l_2p0:page="1" title="Problem 4"><itemmetadata><qtimetadata><qti_metadatafield><fieldlabel>qmd_computerscored</fieldlabel><fieldentry>yes</fieldentry></qti_metadatafield><qti_metadatafield><fieldlabel>qmd_questiontype</fieldlabel><fieldentry>Multiple Choice</fieldentry></qti_metadatafield><qti_metadatafield><fieldlabel>qmd_weighting</fieldlabel><fieldentry>1.000000000</fieldentry></qti_metadatafield><qti_metadatafield><fieldlabel>qmd_globalid</fieldlabel><fieldentry>ac07fafd-45ac-40dd-a69d-edd7a636d087</fieldentry></qti_metadatafield><qti_metadatafield><fieldlabel>qmd_displayid</fieldlabel><fieldentry>Sample Course-74330</fieldentry></qti_metadatafield></qtimetadata></itemmetadata><itemproc_extension><d2l_2p0:difficulty>1</d2l_2p0:difficulty><d2l_2p0:isbonus>no</d2l_2p0:isbonus><d2l_2p0:ismandatory>no</d2l_2p0:ismandatory></itemproc_extension><presentation><flow><material><mattext texttype="text/html">&lt;span style="font-family:'Arial';"&gt;Below is a graph of a function &lt;/span&gt;&lt;span style="font-family:'Arial'; color:#000000;"&gt;&lt;IMG src="Differentiability_and_Local_Linearity_Post_D2L/eq_2197d8aaa.gif" alt="equation" border=0 style="vertical-align:text-bottom;" /&gt;&lt;/span&gt;&lt;span style="font-family:'Arial';"&gt;. For each of the input values labeled on the graph (A through I), indicate whether or not &lt;/span&gt;&lt;span style="font-family:'Arial'; color:#000000;"&gt;&lt;IMG src="Differentiability_and_Local_Linearity_Post_D2L/eq_2197f7aaa.gif" alt="equation" border=0 style="vertical-align:text-bottom;" /&gt;&lt;/span&gt;&lt;span style="font-family:'Arial';"&gt; is locally linear for that value of &lt;/span&gt;&lt;span style="font-family:'Arial'; color:#000000;"&gt;&lt;IMG src="Differentiability_and_Local_Linearity_Post_D2L/eq_219802aaa.gif" alt="equation" border=0 style="vertical-align:text-bottom;" /&gt;&lt;/span&gt;&lt;span style="font-family:'Arial';"&gt;.&lt;br&gt;
&lt;/span&gt;&lt;span style="font-family:'Arial'; color:#000000;"&gt;&lt;IMG src="Differentiability_and_Local_Linearity_Post_D2L/post_video_graph.png" alt="image" border=0 style="vertical-align:text-bottom;" /&gt;&lt;/span&gt;&lt;span style="font-family:'Arial';"&gt;&lt;br&gt;
Point D: &lt;/span&gt;</mattext></material><response_extension><d2l_2p0:display_style>2</d2l_2p0:display_style><d2l_2p0:enumeration>1</d2l_2p0:enumeration><d2l_2p0:grading_type>0</d2l_2p0:grading_type></response_extension><response_lid ident="QUES_42757160_42761250_LID" rcardinality="Single"><render_choice shuffle="no"><flow_label class="Block"><response_label ident="QUES_42757160_42761250_A130834013"><flow_mat><material><mattext texttype="text/html">&lt;span style="font-family:'Arial';"&gt;Is locallly linear&lt;/span&gt;</mattext></material></flow_mat></response_label></flow_label><flow_label class="Block"><response_label ident="QUES_42757160_42761250_A130834014"><flow_mat><material><mattext texttype="text/html">&lt;span style="font-family:'Arial';"&gt;isn't locally linear&lt;/span&gt;</mattext></material></flow_mat></response_label></flow_label></render_choice></response_lid></flow></presentation><resprocessing><respcondition title="Response Condition 1"><conditionvar><varequal respident="QUES_42757160_42761250_LID">QUES_42757160_42761250_A130834013</varequal></conditionvar><setvar action="Set">0.000000000</setvar><displayfeedback feedbacktype="Response" linkrefid="QUES_42757160_42761250_IF130834013" /></respcondition><respcondition title="Response Condition 2"><conditionvar><varequal respident="QUES_42757160_42761250_LID">QUES_42757160_42761250_A130834014</varequal></conditionvar><setvar action="Set">100.000000000</setvar><displayfeedback feedbacktype="Response" linkrefid="QUES_42757160_42761250_IF130834014" /></respcondition></resprocessing><itemfeedback ident="QUES_42757160_42761250_IF130834013"><material><mattext texttype="text/plain" /></material></itemfeedback><itemfeedback ident="QUES_42757160_42761250_IF130834014"><material><mattext texttype="text/plain" /></material></itemfeedback></item><item ident="OBJ_1652696" label="QUES_42757161_42761251" d2l_2p0:page="1" title="Problem 5"><itemmetadata><qtimetadata><qti_metadatafield><fieldlabel>qmd_computerscored</fieldlabel><fieldentry>yes</fieldentry></qti_metadatafield><qti_metadatafield><fieldlabel>qmd_questiontype</fieldlabel><fieldentry>Multiple Choice</fieldentry></qti_metadatafield><qti_metadatafield><fieldlabel>qmd_weighting</fieldlabel><fieldentry>1.000000000</fieldentry></qti_metadatafield><qti_metadatafield><fieldlabel>qmd_globalid</fieldlabel><fieldentry>7d945715-a9ed-467c-b03b-3d24333ab8d7</fieldentry></qti_metadatafield><qti_metadatafield><fieldlabel>qmd_displayid</fieldlabel><fieldentry>Sample Course-74331</fieldentry></qti_metadatafield></qtimetadata></itemmetadata><itemproc_extension><d2l_2p0:difficulty>1</d2l_2p0:difficulty><d2l_2p0:isbonus>no</d2l_2p0:isbonus><d2l_2p0:ismandatory>no</d2l_2p0:ismandatory></itemproc_extension><presentation><flow><material><mattext texttype="text/html">&lt;span style="font-family:'Arial';"&gt;Below is a graph of a function &lt;/span&gt;&lt;span style="font-family:'Arial'; color:#000000;"&gt;&lt;IMG src="Differentiability_and_Local_Linearity_Post_D2L/eq_2197d8aab.gif" alt="equation" border=0 style="vertical-align:text-bottom;" /&gt;&lt;/span&gt;&lt;span style="font-family:'Arial';"&gt;. For each of the input values labeled on the graph (A through I), indicate whether or not &lt;/span&gt;&lt;span style="font-family:'Arial'; color:#000000;"&gt;&lt;IMG src="Differentiability_and_Local_Linearity_Post_D2L/eq_2197f7aab.gif" alt="equation" border=0 style="vertical-align:text-bottom;" /&gt;&lt;/span&gt;&lt;span style="font-family:'Arial';"&gt; is locally linear for that value of &lt;/span&gt;&lt;span style="font-family:'Arial'; color:#000000;"&gt;&lt;IMG src="Differentiability_and_Local_Linearity_Post_D2L/eq_219802aab.gif" alt="equation" border=0 style="vertical-align:text-bottom;" /&gt;&lt;/span&gt;&lt;span style="font-family:'Arial';"&gt;.&lt;br&gt;
&lt;/span&gt;&lt;span style="font-family:'Arial'; color:#000000;"&gt;&lt;IMG src="Differentiability_and_Local_Linearity_Post_D2L/post_video_graph.png" alt="image" border=0 style="vertical-align:text-bottom;" /&gt;&lt;/span&gt;&lt;span style="font-family:'Arial';"&gt;&lt;br&gt;
Point E: &lt;/span&gt;</mattext></material><response_extension><d2l_2p0:display_style>2</d2l_2p0:display_style><d2l_2p0:enumeration>1</d2l_2p0:enumeration><d2l_2p0:grading_type>0</d2l_2p0:grading_type></response_extension><response_lid ident="QUES_42757161_42761251_LID" rcardinality="Single"><render_choice shuffle="no"><flow_label class="Block"><response_label ident="QUES_42757161_42761251_A130834015"><flow_mat><material><mattext texttype="text/html">&lt;span style="font-family:'Arial';"&gt;Is locallly linear&lt;/span&gt;</mattext></material></flow_mat></response_label></flow_label><flow_label class="Block"><response_label ident="QUES_42757161_42761251_A130834016"><flow_mat><material><mattext texttype="text/html">&lt;span style="font-family:'Arial';"&gt;isn't locally linear&lt;/span&gt;</mattext></material></flow_mat></response_label></flow_label></render_choice></response_lid></flow></presentation><resprocessing><respcondition title="Response Condition 1"><conditionvar><varequal respident="QUES_42757161_42761251_LID">QUES_42757161_42761251_A130834015</varequal></conditionvar><setvar action="Set">0.000000000</setvar><displayfeedback feedbacktype="Response" linkrefid="QUES_42757161_42761251_IF130834015" /></respcondition><respcondition title="Response Condition 2"><conditionvar><varequal respident="QUES_42757161_42761251_LID">QUES_42757161_42761251_A130834016</varequal></conditionvar><setvar action="Set">100.000000000</setvar><displayfeedback feedbacktype="Response" linkrefid="QUES_42757161_42761251_IF130834016" /></respcondition></resprocessing><itemfeedback ident="QUES_42757161_42761251_IF130834015"><material><mattext texttype="text/plain" /></material></itemfeedback><itemfeedback ident="QUES_42757161_42761251_IF130834016"><material><mattext texttype="text/plain" /></material></itemfeedback></item><item ident="OBJ_1652697" label="QUES_42757162_42761252" d2l_2p0:page="1" title="Problem 6"><itemmetadata><qtimetadata><qti_metadatafield><fieldlabel>qmd_computerscored</fieldlabel><fieldentry>yes</fieldentry></qti_metadatafield><qti_metadatafield><fieldlabel>qmd_questiontype</fieldlabel><fieldentry>Multiple Choice</fieldentry></qti_metadatafield><qti_metadatafield><fieldlabel>qmd_weighting</fieldlabel><fieldentry>1.000000000</fieldentry></qti_metadatafield><qti_metadatafield><fieldlabel>qmd_globalid</fieldlabel><fieldentry>d6eeea3f-d570-4788-8155-40b9457a2a14</fieldentry></qti_metadatafield><qti_metadatafield><fieldlabel>qmd_displayid</fieldlabel><fieldentry>Sample Course-74332</fieldentry></qti_metadatafield></qtimetadata></itemmetadata><itemproc_extension><d2l_2p0:difficulty>1</d2l_2p0:difficulty><d2l_2p0:isbonus>no</d2l_2p0:isbonus><d2l_2p0:ismandatory>no</d2l_2p0:ismandatory></itemproc_extension><presentation><flow><material><mattext texttype="text/html">&lt;span style="font-family:'Arial';"&gt;Below is a graph of a function &lt;/span&gt;&lt;span style="font-family:'Arial'; color:#000000;"&gt;&lt;IMG src="Differentiability_and_Local_Linearity_Post_D2L/eq_2197d8aaaa.gif" alt="equation" border=0 style="vertical-align:text-bottom;" /&gt;&lt;/span&gt;&lt;span style="font-family:'Arial';"&gt;. For each of the input values labeled on the graph (A through I), indicate whether or not &lt;/span&gt;&lt;span style="font-family:'Arial'; color:#000000;"&gt;&lt;IMG src="Differentiability_and_Local_Linearity_Post_D2L/eq_2197f7aaaa.gif" alt="equation" border=0 style="vertical-align:text-bottom;" /&gt;&lt;/span&gt;&lt;span style="font-family:'Arial';"&gt; is locally linear for that value of &lt;/span&gt;&lt;span style="font-family:'Arial'; color:#000000;"&gt;&lt;IMG src="Differentiability_and_Local_Linearity_Post_D2L/eq_219802aaaa.gif" alt="equation" border=0 style="vertical-align:text-bottom;" /&gt;&lt;/span&gt;&lt;span style="font-family:'Arial';"&gt;.&lt;br&gt;
&lt;/span&gt;&lt;span style="font-family:'Arial'; color:#000000;"&gt;&lt;IMG src="Differentiability_and_Local_Linearity_Post_D2L/post_video_graph.png" alt="image" border=0 style="vertical-align:text-bottom;" /&gt;&lt;/span&gt;&lt;span style="font-family:'Arial';"&gt;&lt;br&gt;
Point F: &lt;/span&gt;</mattext></material><response_extension><d2l_2p0:display_style>2</d2l_2p0:display_style><d2l_2p0:enumeration>1</d2l_2p0:enumeration><d2l_2p0:grading_type>0</d2l_2p0:grading_type></response_extension><response_lid ident="QUES_42757162_42761252_LID" rcardinality="Single"><render_choice shuffle="no"><flow_label class="Block"><response_label ident="QUES_42757162_42761252_A130834017"><flow_mat><material><mattext texttype="text/html">&lt;span style="font-family:'Arial';"&gt;Is locallly linear&lt;/span&gt;</mattext></material></flow_mat></response_label></flow_label><flow_label class="Block"><response_label ident="QUES_42757162_42761252_A130834018"><flow_mat><material><mattext texttype="text/html">&lt;span style="font-family:'Arial';"&gt;isn't locally linear&lt;/span&gt;</mattext></material></flow_mat></response_label></flow_label></render_choice></response_lid></flow></presentation><resprocessing><respcondition title="Response Condition 1"><conditionvar><varequal respident="QUES_42757162_42761252_LID">QUES_42757162_42761252_A130834017</varequal></conditionvar><setvar action="Set">0.000000000</setvar><displayfeedback feedbacktype="Response" linkrefid="QUES_42757162_42761252_IF130834017" /></respcondition><respcondition title="Response Condition 2"><conditionvar><varequal respident="QUES_42757162_42761252_LID">QUES_42757162_42761252_A130834018</varequal></conditionvar><setvar action="Set">100.000000000</setvar><displayfeedback feedbacktype="Response" linkrefid="QUES_42757162_42761252_IF130834018" /></respcondition></resprocessing><itemfeedback ident="QUES_42757162_42761252_IF130834017"><material><mattext texttype="text/plain" /></material></itemfeedback><itemfeedback ident="QUES_42757162_42761252_IF130834018"><material><mattext texttype="text/plain" /></material></itemfeedback></item><item ident="OBJ_1652698" label="QUES_42757163_42761253" d2l_2p0:page="1" title="Problem 7"><itemmetadata><qtimetadata><qti_metadatafield><fieldlabel>qmd_computerscored</fieldlabel><fieldentry>yes</fieldentry></qti_metadatafield><qti_metadatafield><fieldlabel>qmd_questiontype</fieldlabel><fieldentry>Multiple Choice</fieldentry></qti_metadatafield><qti_metadatafield><fieldlabel>qmd_weighting</fieldlabel><fieldentry>1.000000000</fieldentry></qti_metadatafield><qti_metadatafield><fieldlabel>qmd_globalid</fieldlabel><fieldentry>9ba51ad4-5ef5-49c1-861e-bf715413e3f1</fieldentry></qti_metadatafield><qti_metadatafield><fieldlabel>qmd_displayid</fieldlabel><fieldentry>Sample Course-74333</fieldentry></qti_metadatafield></qtimetadata></itemmetadata><itemproc_extension><d2l_2p0:difficulty>1</d2l_2p0:difficulty><d2l_2p0:isbonus>no</d2l_2p0:isbonus><d2l_2p0:ismandatory>no</d2l_2p0:ismandatory></itemproc_extension><presentation><flow><material><mattext texttype="text/html">&lt;span style="font-family:'Arial';"&gt;Below is a graph of a function &lt;/span&gt;&lt;span style="font-family:'Arial'; color:#000000;"&gt;&lt;IMG src="Differentiability_and_Local_Linearity_Post_D2L/eq_2197d8aaba.gif" alt="equation" border=0 style="vertical-align:text-bottom;" /&gt;&lt;/span&gt;&lt;span style="font-family:'Arial';"&gt;. For each of the input values labeled on the graph (A through I), indicate whether or not &lt;/span&gt;&lt;span style="font-family:'Arial'; color:#000000;"&gt;&lt;IMG src="Differentiability_and_Local_Linearity_Post_D2L/eq_2197f7aaba.gif" alt="equation" border=0 style="vertical-align:text-bottom;" /&gt;&lt;/span&gt;&lt;span style="font-family:'Arial';"&gt; is locally linear for that value of &lt;/span&gt;&lt;span style="font-family:'Arial'; color:#000000;"&gt;&lt;IMG src="Differentiability_and_Local_Linearity_Post_D2L/eq_219802aaba.gif" alt="equation" border=0 style="vertical-align:text-bottom;" /&gt;&lt;/span&gt;&lt;span style="font-family:'Arial';"&gt;.&lt;br&gt;
&lt;/span&gt;&lt;span style="font-family:'Arial'; color:#000000;"&gt;&lt;IMG src="Differentiability_and_Local_Linearity_Post_D2L/post_video_graph.png" alt="image" border=0 style="vertical-align:text-bottom;" /&gt;&lt;/span&gt;&lt;span style="font-family:'Arial';"&gt;&lt;br&gt;
Point G: &lt;/span&gt;</mattext></material><response_extension><d2l_2p0:display_style>2</d2l_2p0:display_style><d2l_2p0:enumeration>1</d2l_2p0:enumeration><d2l_2p0:grading_type>0</d2l_2p0:grading_type></response_extension><response_lid ident="QUES_42757163_42761253_LID" rcardinality="Single"><render_choice shuffle="no"><flow_label class="Block"><response_label ident="QUES_42757163_42761253_A130834019"><flow_mat><material><mattext texttype="text/html">&lt;span style="font-family:'Arial';"&gt;Is locallly linear&lt;/span&gt;</mattext></material></flow_mat></response_label></flow_label><flow_label class="Block"><response_label ident="QUES_42757163_42761253_A130834020"><flow_mat><material><mattext texttype="text/html">&lt;span style="font-family:'Arial';"&gt;isn't locally linear&lt;/span&gt;</mattext></material></flow_mat></response_label></flow_label></render_choice></response_lid></flow></presentation><resprocessing><respcondition title="Response Condition 1"><conditionvar><varequal respident="QUES_42757163_42761253_LID">QUES_42757163_42761253_A130834019</varequal></conditionvar><setvar action="Set">100.000000000</setvar><displayfeedback feedbacktype="Response" linkrefid="QUES_42757163_42761253_IF130834019" /></respcondition><respcondition title="Response Condition 2"><conditionvar><varequal respident="QUES_42757163_42761253_LID">QUES_42757163_42761253_A130834020</varequal></conditionvar><setvar action="Set">0.000000000</setvar><displayfeedback feedbacktype="Response" linkrefid="QUES_42757163_42761253_IF130834020" /></respcondition></resprocessing><itemfeedback ident="QUES_42757163_42761253_IF130834019"><material><mattext texttype="text/plain" /></material></itemfeedback><itemfeedback ident="QUES_42757163_42761253_IF130834020"><material><mattext texttype="text/plain" /></material></itemfeedback></item><item ident="OBJ_1652699" label="QUES_42757164_42761254" d2l_2p0:page="1" title="Problem 8"><itemmetadata><qtimetadata><qti_metadatafield><fieldlabel>qmd_computerscored</fieldlabel><fieldentry>yes</fieldentry></qti_metadatafield><qti_metadatafield><fieldlabel>qmd_questiontype</fieldlabel><fieldentry>Multiple Choice</fieldentry></qti_metadatafield><qti_metadatafield><fieldlabel>qmd_weighting</fieldlabel><fieldentry>1.000000000</fieldentry></qti_metadatafield><qti_metadatafield><fieldlabel>qmd_globalid</fieldlabel><fieldentry>78246945-749b-404b-b647-6e2f8744e338</fieldentry></qti_metadatafield><qti_metadatafield><fieldlabel>qmd_displayid</fieldlabel><fieldentry>Sample Course-74334</fieldentry></qti_metadatafield></qtimetadata></itemmetadata><itemproc_extension><d2l_2p0:difficulty>1</d2l_2p0:difficulty><d2l_2p0:isbonus>no</d2l_2p0:isbonus><d2l_2p0:ismandatory>no</d2l_2p0:ismandatory></itemproc_extension><presentation><flow><material><mattext texttype="text/html">&lt;span style="font-family:'Arial';"&gt;Below is a graph of a function &lt;/span&gt;&lt;span style="font-family:'Arial'; color:#000000;"&gt;&lt;IMG src="Differentiability_and_Local_Linearity_Post_D2L/eq_2197d8aaaaa.gif" alt="equation" border=0 style="vertical-align:text-bottom;" /&gt;&lt;/span&gt;&lt;span style="font-family:'Arial';"&gt;. For each of the input values labeled on the graph (A through I), indicate whether or not &lt;/span&gt;&lt;span style="font-family:'Arial'; color:#000000;"&gt;&lt;IMG src="Differentiability_and_Local_Linearity_Post_D2L/eq_2197f7aaaaa.gif" alt="equation" border=0 style="vertical-align:text-bottom;" /&gt;&lt;/span&gt;&lt;span style="font-family:'Arial';"&gt; is locally linear for that value of &lt;/span&gt;&lt;span style="font-family:'Arial'; color:#000000;"&gt;&lt;IMG src="Differentiability_and_Local_Linearity_Post_D2L/eq_219802aaaaa.gif" alt="equation" border=0 style="vertical-align:text-bottom;" /&gt;&lt;/span&gt;&lt;span style="font-family:'Arial';"&gt;.&lt;br&gt;
&lt;/span&gt;&lt;span style="font-family:'Arial'; color:#000000;"&gt;&lt;IMG src="Differentiability_and_Local_Linearity_Post_D2L/post_video_graph.png" alt="image" border=0 style="vertical-align:text-bottom;" /&gt;&lt;/span&gt;&lt;span style="font-family:'Arial';"&gt;&lt;br&gt;
Point H: &lt;/span&gt;</mattext></material><response_extension><d2l_2p0:display_style>2</d2l_2p0:display_style><d2l_2p0:enumeration>1</d2l_2p0:enumeration><d2l_2p0:grading_type>0</d2l_2p0:grading_type></response_extension><response_lid ident="QUES_42757164_42761254_LID" rcardinality="Single"><render_choice shuffle="no"><flow_label class="Block"><response_label ident="QUES_42757164_42761254_A130834021"><flow_mat><material><mattext texttype="text/html">&lt;span style="font-family:'Arial';"&gt;Is locallly linear&lt;/span&gt;</mattext></material></flow_mat></response_label></flow_label><flow_label class="Block"><response_label ident="QUES_42757164_42761254_A130834022"><flow_mat><material><mattext texttype="text/html">&lt;span style="font-family:'Arial';"&gt;isn't locally linear&lt;/span&gt;</mattext></material></flow_mat></response_label></flow_label></render_choice></response_lid></flow></presentation><resprocessing><respcondition title="Response Condition 1"><conditionvar><varequal respident="QUES_42757164_42761254_LID">QUES_42757164_42761254_A130834021</varequal></conditionvar><setvar action="Set">0.000000000</setvar><displayfeedback feedbacktype="Response" linkrefid="QUES_42757164_42761254_IF130834021" /></respcondition><respcondition title="Response Condition 2"><conditionvar><varequal respident="QUES_42757164_42761254_LID">QUES_42757164_42761254_A130834022</varequal></conditionvar><setvar action="Set">100.000000000</setvar><displayfeedback feedbacktype="Response" linkrefid="QUES_42757164_42761254_IF130834022" /></respcondition></resprocessing><itemfeedback ident="QUES_42757164_42761254_IF130834021"><material><mattext texttype="text/plain" /></material></itemfeedback><itemfeedback ident="QUES_42757164_42761254_IF130834022"><material><mattext texttype="text/plain" /></material></itemfeedback></item><item ident="OBJ_1652700" label="QUES_42757165_42761255" d2l_2p0:page="1" title="Problem 9"><itemmetadata><qtimetadata><qti_metadatafield><fieldlabel>qmd_computerscored</fieldlabel><fieldentry>yes</fieldentry></qti_metadatafield><qti_metadatafield><fieldlabel>qmd_questiontype</fieldlabel><fieldentry>Multiple Choice</fieldentry></qti_metadatafield><qti_metadatafield><fieldlabel>qmd_weighting</fieldlabel><fieldentry>1.000000000</fieldentry></qti_metadatafield><qti_metadatafield><fieldlabel>qmd_globalid</fieldlabel><fieldentry>d8c94513-3883-4157-8bb0-713c15f09c06</fieldentry></qti_metadatafield><qti_metadatafield><fieldlabel>qmd_displayid</fieldlabel><fieldentry>Sample Course-74335</fieldentry></qti_metadatafield></qtimetadata></itemmetadata><itemproc_extension><d2l_2p0:difficulty>1</d2l_2p0:difficulty><d2l_2p0:isbonus>no</d2l_2p0:isbonus><d2l_2p0:ismandatory>no</d2l_2p0:ismandatory></itemproc_extension><presentation><flow><material><mattext texttype="text/html">&lt;span style="font-family:'Arial';"&gt;Below is a graph of a function &lt;/span&gt;&lt;span style="font-family:'Arial'; color:#000000;"&gt;&lt;IMG src="Differentiability_and_Local_Linearity_Post_D2L/eq_2197d8aabaa.gif" alt="equation" border=0 style="vertical-align:text-bottom;" /&gt;&lt;/span&gt;&lt;span style="font-family:'Arial';"&gt;. For each of the input values labeled on the graph (A through I), indicate whether or not &lt;/span&gt;&lt;span style="font-family:'Arial'; color:#000000;"&gt;&lt;IMG src="Differentiability_and_Local_Linearity_Post_D2L/eq_2197f7aabaa.gif" alt="equation" border=0 style="vertical-align:text-bottom;" /&gt;&lt;/span&gt;&lt;span style="font-family:'Arial';"&gt; is locally linear for that value of &lt;/span&gt;&lt;span style="font-family:'Arial'; color:#000000;"&gt;&lt;IMG src="Differentiability_and_Local_Linearity_Post_D2L/eq_219802aabaa.gif" alt="equation" border=0 style="vertical-align:text-bottom;" /&gt;&lt;/span&gt;&lt;span style="font-family:'Arial';"&gt;.&lt;br&gt;
&lt;/span&gt;&lt;span style="font-family:'Arial'; color:#000000;"&gt;&lt;IMG src="Differentiability_and_Local_Linearity_Post_D2L/post_video_graph.png" alt="image" border=0 style="vertical-align:text-bottom;" /&gt;&lt;/span&gt;&lt;span style="font-family:'Arial';"&gt;&lt;br&gt;
Point I: &lt;/span&gt;</mattext></material><response_extension><d2l_2p0:display_style>2</d2l_2p0:display_style><d2l_2p0:enumeration>1</d2l_2p0:enumeration><d2l_2p0:grading_type>0</d2l_2p0:grading_type></response_extension><response_lid ident="QUES_42757165_42761255_LID" rcardinality="Single"><render_choice shuffle="no"><flow_label class="Block"><response_label ident="QUES_42757165_42761255_A130834023"><flow_mat><material><mattext texttype="text/html">&lt;span style="font-family:'Arial';"&gt;Is locallly linear&lt;/span&gt;</mattext></material></flow_mat></response_label></flow_label><flow_label class="Block"><response_label ident="QUES_42757165_42761255_A130834024"><flow_mat><material><mattext texttype="text/html">&lt;span style="font-family:'Arial';"&gt;isn't locally linear &lt;/span&gt;</mattext></material></flow_mat></response_label></flow_label></render_choice></response_lid></flow></presentation><resprocessing><respcondition title="Response Condition 1"><conditionvar><varequal respident="QUES_42757165_42761255_LID">QUES_42757165_42761255_A130834023</varequal></conditionvar><setvar action="Set">100.000000000</setvar><displayfeedback feedbacktype="Response" linkrefid="QUES_42757165_42761255_IF130834023" /></respcondition><respcondition title="Response Condition 2"><conditionvar><varequal respident="QUES_42757165_42761255_LID">QUES_42757165_42761255_A130834024</varequal></conditionvar><setvar action="Set">0.000000000</setvar><displayfeedback feedbacktype="Response" linkrefid="QUES_42757165_42761255_IF130834024" /></respcondition></resprocessing><itemfeedback ident="QUES_42757165_42761255_IF130834023"><material><mattext texttype="text/plain" /></material></itemfeedback><itemfeedback ident="QUES_42757165_42761255_IF130834024"><material><mattext texttype="text/plain" /></material></itemfeedback></item></section></assessment></questestinterop>