﻿<?xml version="1.0" encoding="UTF-8"?><questestinterop xmlns:d2l_2p0="http://desire2learn.com/xsd/d2lcp_v2p0"><assessment d2l_2p0:id="417" title="Constant Rate of Change PreVideo Questions" ident="res_quiz_122372" d2l_2p0:resource_code="ef9e56cc46d3486a98963923-97"><rubric><flow_mat><material><mattext d2l_2p0:isdisplayed="yes" texttype="text/html">&lt;p&gt;&lt;span style="color: #292b2c; font-family: 'Avenir Next', sans-serif; font-size: 16px; font-style: normal; font-variant-ligatures: normal; font-variant-caps: normal; font-weight: 400; letter-spacing: normal; orphans: 2; text-align: start; text-indent: 0px; text-transform: none; white-space: normal; widows: 2; word-spacing: 0px; -webkit-text-stroke-width: 0px; text-decoration-style: initial; text-decoration-color: initial; float: none; display: inline !important;"&gt;Answer each question as best as you can.&lt;/span&gt;&lt;span style="color: #292b2c; font-family: 'Avenir Next', sans-serif; font-size: 16px; font-style: normal; font-variant-ligatures: normal; font-variant-caps: normal; font-weight: 400; letter-spacing: normal; orphans: 2; text-align: start; text-indent: 0px; text-transform: none; white-space: normal; widows: 2; word-spacing: 0px; -webkit-text-stroke-width: 0px; background-color: #ffffff; text-decoration-style: initial; text-decoration-color: initial; display: inline !important; float: none;"&gt;&lt;br&gt;&lt;/span&gt;&lt;/p&gt;</mattext></material></flow_mat></rubric><assessmentcontrol hintswitch="no" solutionswitch="yes" feedbackswitch="no" /><presentation_material><flow_mat><material label="page header"><mattext d2l_2p0:isdisplayed="no" texttype="text/html" /></material><material label="page footer"><mattext d2l_2p0:isdisplayed="no" texttype="text/html" /></material></flow_mat></presentation_material><assess_procextension><d2l_2p0:intro_message d2l_2p0:isdisplayed="yes" texttype="text/html">&lt;p&gt;&lt;span style="color: #292b2c; font-size: 12pt; font-style: normal; font-weight: 400; font-family: 'Avenir Next', sans-serif;"&gt;PreVideo&amp;nbsp;Questions are intended to get you thinking about the concept. You are not expected to know all answers perfectly. You are expected to try. PreVideo&amp;nbsp;Q&lt;/span&gt;&lt;span style="color: #292b2c; font-size: 12pt; font-style: normal; font-weight: 400; font-family: 'Avenir Next', sans-serif;"&gt;uestions do NOT count for a grade.&lt;/span&gt;&lt;/p&gt;  &lt;p&gt;&lt;br&gt;&lt;/p&gt;  &lt;div style="position: absolute; left: -10000px;"&gt;  &lt;span class="MathJax" tabindex="0" data-mathml="&lt;math xmlns=&amp;quot;http://www.w3.org/1998/Math/MathML&amp;quot;&gt;&lt;mi&gt;x&lt;/mi&gt;&lt;/math&gt;" role="presentation" style="box-sizing: inherit; display: inline; font-style: normal; font-weight: 400; line-height: normal; font-size: 16px; text-indent: 0px; text-align: left; text-transform: none; letter-spacing: normal; word-spacing: 0px; overflow-wrap: normal; white-space: nowrap; float: none; direction: ltr; max-width: none; max-height: none; min-width: 0px; min-height: 0px; border: 0px; padding: 0px; margin: 0px; color: #292b2c; font-family: MJX_Main; font-variant-ligatures: normal; font-variant-caps: normal; orphans: 2; widows: 2; -webkit-text-stroke-width: 0px; text-decoration-style: initial; text-decoration-color: initial; position: relative;"&gt;    &lt;nobr aria-hidden="true" style="box-sizing: inherit; transition: none 0s ease 0s; border: 0px; padding: 0px; margin: 0px; max-width: none; max-height: none; min-width: 0px; min-height: 0px; vertical-align: 0px; line-height: normal; text-decoration: none; white-space: nowrap !important;"&gt;     &lt;span class="math" style="box-sizing: content-box; transition: none 0s ease 0s; display: inline-block; position: static; border: 0px; padding: 0px; margin: 0px; vertical-align: 0px; line-height: normal; text-decoration: none; width: 0.566em;"&gt;&lt;span style="box-sizing: content-box; transition: none 0s ease 0s; display: inline-block; position: relative; border: 0px; padding: 0px; margin: 0px; vertical-align: 0px; line-height: normal; text-decoration: none; width: 0.566em; height: 0px;"&gt;&lt;span style="box-sizing: content-box; transition: none 0s ease 0s; display: inline; position: absolute; border: 0px; padding: 0px; margin: 0px; vertical-align: 0px; line-height: normal; text-decoration: none; clip: rect(1.566em, 1000.5em, 2.378em, -999.997em); top: -2.184em; left: 0em;"&gt;&lt;span class="mrow" style="box-sizing: content-box; transition: none 0s ease 0s; display: inline; position: static; border: 0px; padding: 0px; margin: 0px; vertical-align: 0px; line-height: normal; text-decoration: none;"&gt;&lt;span class="mi" style="box-sizing: content-box; transition: none 0s ease 0s; display: inline; position: static; border: 0px; padding: 0px; margin: 0px; vertical-align: 0px; line-height: normal; text-decoration: none; font-family: MathJax_Math-italic;"&gt;x&lt;/span&gt;&lt;/span&gt;&lt;span style="box-sizing: content-box; transition: none 0s ease 0s; display: inline-block; position: static; border: 0px; padding: 0px; margin: 0px; vertical-align: 0px; line-height: normal; text-decoration: none; width: 0px; height: 2.191em;"&gt;&lt;/span&gt;&lt;/span&gt;&lt;/span&gt;&lt;span style="box-sizing: content-box; transition: none 0s ease 0s; display: inline-block; position: static; border-width: 0px; border-top-style: initial; border-right-style: initial; border-bottom-style: initial; border-left-style: solid; border-color: initial; border-image: initial; padding: 0px; margin: 0px; vertical-align: -0.059em; line-height: normal; text-decoration: none; overflow: hidden; width: 0px; height: 0.566em;"&gt;&lt;/span&gt;&lt;/span&gt;    &lt;/nobr&gt;&lt;span class="MJX_Assistive_MathML" role="presentation" style="box-sizing: content-box; top: 0px; left: 0px; clip: rect(1px, 1px, 1px, 1px); user-select: none; position: static; padding: 0px; border: 0px; height: 1px !important; width: 1px !important; overflow: hidden !important; display: inline; transition: none 0s ease 0s; margin: 0px; vertical-align: 0px; line-height: normal; text-decoration: none;"&gt;     &lt;math xmlns="http://www.w3.org/1998/Math/MathML"&gt;      &lt;mi&gt;       x      &lt;/mi&gt;     &lt;/math&gt;&lt;/span&gt;&lt;/span&gt;   &lt;span style="color: #292b2c; font-family: MJX_Main; font-size: 16px; font-style: normal; font-variant-ligatures: normal; font-variant-caps: normal; font-weight: 400; letter-spacing: normal; orphans: 2; text-align: start; text-indent: 0px; text-transform: none; white-space: normal; widows: 2; word-spacing: 0px; -webkit-text-stroke-width: 0px; background-color: #fdfdfd; text-decoration-style: initial; text-decoration-color: initial; display: inline !important; float: none;"&gt;&lt;span&gt;&amp;nbsp;&lt;/span&gt;since passing the state line, her distance&lt;span&gt;&amp;nbsp;&lt;/span&gt;&lt;/span&gt;   &lt;span class="MathJax" id="MathJax-Element-4-Frame" tabindex="0" data-mathml="&lt;math xmlns=&amp;quot;http://www.w3.org/1998/Math/MathML&amp;quot;&gt;&lt;mi&gt;y&lt;/mi&gt;&lt;/math&gt;" role="presentation" style="box-sizing: inherit; display: inline; font-style: normal; font-weight: 400; line-height: normal; font-size: 16px; text-indent: 0px; text-align: left; text-transform: none; letter-spacing: normal; word-spacing: 0px; overflow-wrap: normal; white-space: nowrap; float: none; direction: ltr; max-width: none; max-height: none; min-width: 0px; min-height: 0px; border: 0px; padding: 0px; margin: 0px; color: #292b2c; font-family: MJX_Main; font-variant-ligatures: normal; font-variant-caps: normal; orphans: 2; widows: 2; -webkit-text-stroke-width: 0px; text-decoration-style: initial; text-decoration-color: initial; position: relative;"&gt;    &lt;nobr aria-hidden="true" style="box-sizing: inherit; transition: none 0s ease 0s; border: 0px; padding: 0px; margin: 0px; max-width: none; max-height: none; min-width: 0px; min-height: 0px; vertical-align: 0px; line-height: normal; text-decoration: none; white-space: nowrap !important;"&gt;     &lt;span class="math" id="MathJax-Span-8" style="box-sizing: content-box; transition: none 0s ease 0s; display: inline-block; position: static; border: 0px; padding: 0px; margin: 0px; vertical-align: 0px; line-height: normal; text-decoration: none; width: 0.503em;"&gt;&lt;span style="box-sizing: content-box; transition: none 0s ease 0s; display: inline-block; position: relative; border: 0px; padding: 0px; margin: 0px; vertical-align: 0px; line-height: normal; text-decoration: none; width: 0.503em; height: 0px;"&gt;&lt;span style="box-sizing: content-box; transition: none 0s ease 0s; display: inline; position: absolute; border: 0px; padding: 0px; margin: 0px; vertical-align: 0px; line-height: normal; text-decoration: none; clip: rect(1.566em, 1000.5em, 2.566em, -999.997em); top: -2.184em; left: 0em;"&gt;&lt;span class="mrow" id="MathJax-Span-9" style="box-sizing: content-box; transition: none 0s ease 0s; display: inline; position: static; border: 0px; padding: 0px; margin: 0px; vertical-align: 0px; line-height: normal; text-decoration: none;"&gt;&lt;span class="mi" id="MathJax-Span-10" style="box-sizing: content-box; transition: none 0s ease 0s; display: inline; position: static; border: 0px; padding: 0px; margin: 0px; vertical-align: 0px; line-height: normal; text-decoration: none; font-family: MathJax_Math-italic;"&gt;y&lt;span style="box-sizing: content-box; transition: none 0s ease 0s; display: inline-block; position: static; border: 0px; padding: 0px; margin: 0px; vertical-align: 0px; line-height: normal; text-decoration: none; overflow: hidden; height: 1px; width: 0.003em;"&gt;&lt;/span&gt;&lt;/span&gt;&lt;/span&gt;&lt;span style="box-sizing: content-box; transition: none 0s ease 0s; display: inline-block; position: static; border: 0px; padding: 0px; margin: 0px; vertical-align: 0px; line-height: normal; text-decoration: none; width: 0px; height: 2.191em;"&gt;&lt;/span&gt;&lt;/span&gt;&lt;/span&gt;&lt;span style="box-sizing: content-box; transition: none 0s ease 0s; display: inline-block; position: static; border-width: 0px; border-top-style: initial; border-right-style: initial; border-bottom-style: initial; border-left-style: solid; border-color: initial; border-image: initial; padding: 0px; margin: 0px; vertical-align: -0.247em; line-height: normal; text-decoration: none; overflow: hidden; width: 0px; height: 0.753em;"&gt;&lt;/span&gt;&lt;/span&gt;    &lt;/nobr&gt;&lt;span class="MJX_Assistive_MathML" role="presentation" style="box-sizing: content-box; top: 0px; left: 0px; clip: rect(1px, 1px, 1px, 1px); user-select: none; position: static; padding: 0px; border: 0px; height: 1px !important; width: 1px !important; overflow: hidden !important; display: inline; transition: none 0s ease 0s; margin: 0px; vertical-align: 0px; line-height: normal; text-decoration: none;"&gt;     &lt;math xmlns="http://www.w3.org/1998/Math/MathML"&gt;      &lt;mi&gt;       y      &lt;/mi&gt;     &lt;/math&gt;&lt;/span&gt;&lt;/span&gt;   &lt;span style="color: #292b2c; font-family: MJX_Main; font-size: 16px; font-style: normal; font-variant-ligatures: normal; font-variant-caps: normal; font-weight: 400; letter-spacing: normal; orphans: 2; text-align: start; text-indent: 0px; text-transform: none; white-space: normal; widows: 2; word-spacing: 0px; -webkit-text-stroke-width: 0px; background-color: #fdfdfd; text-decoration-style: initial; text-decoration-color: initial; display: inline !important; float: none;"&gt;&lt;span&gt;&amp;nbsp;&lt;/span&gt;from Oklahoma City decreases by seven miles. Which of the following statements is definitely true? (Note:&lt;span&gt;&amp;nbsp;&lt;/span&gt;&lt;/span&gt;   &lt;span class="MathJax" id="MathJax-Element-5-Frame" tabindex="0" data-mathml="&lt;math xmlns=&amp;quot;http://www.w3.org/1998/Math/MathML&amp;quot;&gt;&lt;mi mathvariant=&amp;quot;normal&amp;quot;&gt;Δ&lt;/mi&gt;&lt;mi&gt;y&lt;/mi&gt;&lt;/math&gt;" role="presentation" style="box-sizing: inherit; display: inline; font-style: normal; font-weight: 400; line-height: normal; font-size: 16px; text-indent: 0px; text-align: left; text-transform: none; letter-spacing: normal; word-spacing: 0px; overflow-wrap: normal; white-space: nowrap; float: none; direction: ltr; max-width: none; max-height: none; min-width: 0px; min-height: 0px; border: 0px; padding: 0px; margin: 0px; color: #292b2c; font-family: MJX_Main; font-variant-ligatures: normal; font-variant-caps: normal; orphans: 2; widows: 2; -webkit-text-stroke-width: 0px; text-decoration-style: initial; text-decoration-color: initial; position: relative;"&gt;    &lt;nobr aria-hidden="true" style="box-sizing: inherit; transition: none 0s ease 0s; border: 0px; padding: 0px; margin: 0px; max-width: none; max-height: none; min-width: 0px; min-height: 0px; vertical-align: 0px; line-height: normal; text-decoration: none; white-space: nowrap !important;"&gt;     &lt;span class="math" id="MathJax-Span-11" style="box-sizing: content-box; transition: none 0s ease 0s; display: inline-block; position: static; border: 0px; padding: 0px; margin: 0px; vertical-align: 0px; line-height: normal; text-decoration: none; width: 1.316em;"&gt;&lt;span style="box-sizing: content-box; transition: none 0s ease 0s; display: inline-block; position: relative; border: 0px; padding: 0px; margin: 0px; vertical-align: 0px; line-height: normal; text-decoration: none; width: 1.316em; height: 0px;"&gt;&lt;span style="box-sizing: content-box; transition: none 0s ease 0s; display: inline; position: absolute; border: 0px; padding: 0px; margin: 0px; vertical-align: 0px; line-height: normal; text-decoration: none; clip: rect(1.316em, 1001.32em, 2.566em, -999.997em); top: -2.184em; left: 0em;"&gt;&lt;span class="mrow" id="MathJax-Span-12" style="box-sizing: content-box; transition: none 0s ease 0s; display: inline; position: static; border: 0px; padding: 0px; margin: 0px; vertical-align: 0px; line-height: normal; text-decoration: none;"&gt;&lt;span class="mi" id="MathJax-Span-13" style="box-sizing: content-box; transition: none 0s ease 0s; display: inline; position: static; border: 0px; padding: 0px; margin: 0px; vertical-align: 0px; line-height: normal; text-decoration: none; font-family: MathJax_Main;"&gt;Δ&lt;/span&gt;&lt;span class="mi" id="MathJax-Span-14" style="box-sizing: content-box; transition: none 0s ease 0s; display: inline; position: static; border: 0px; padding: 0px; margin: 0px; vertical-align: 0px; line-height: normal; text-decoration: none; font-family: MathJax_Math-italic;"&gt;y&lt;span style="box-sizing: content-box; transition: none 0s ease 0s; display: inline-block; position: static; border: 0px; padding: 0px; margin: 0px; vertical-align: 0px; line-height: normal; text-decoration: none; overflow: hidden; height: 1px; width: 0.003em;"&gt;&lt;/span&gt;&lt;/span&gt;&lt;/span&gt;&lt;span style="box-sizing: content-box; transition: none 0s ease 0s; display: inline-block; position: static; border: 0px; padding: 0px; margin: 0px; vertical-align: 0px; line-height: normal; text-decoration: none; width: 0px; height: 2.191em;"&gt;&lt;/span&gt;&lt;/span&gt;&lt;/span&gt;&lt;span style="box-sizing: content-box; transition: none 0s ease 0s; display: inline-block; position: static; border-width: 0px; border-top-style: initial; border-right-style: initial; border-bottom-style: initial; border-left-style: solid; border-color: initial; border-image: initial; padding: 0px; margin: 0px; vertical-align: -0.247em; line-height: normal; text-decoration: none; overflow: hidden; width: 0px; height: 1.066em;"&gt;&lt;/span&gt;&lt;/span&gt;    &lt;/nobr&gt;&lt;span class="MJX_Assistive_MathML" role="presentation" style="box-sizing: content-box; top: 0px; left: 0px; clip: rect(1px, 1px, 1px, 1px); user-select: none; position: static; padding: 0px; border: 0px; height: 1px !important; width: 1px !important; overflow: hidden !important; display: inline; transition: none 0s ease 0s; margin: 0px; vertical-align: 0px; line-height: normal; text-decoration: none;"&gt;     &lt;math xmlns="http://www.w3.org/1998/Math/MathML"&gt;      &lt;mi mathvariant="normal"&gt;       Δ      &lt;/mi&gt;      &lt;mi&gt;       y      &lt;/mi&gt;     &lt;/math&gt;&lt;/span&gt;&lt;/span&gt;   &lt;span style="color: #292b2c; font-family: MJX_Main; font-size: 16px; font-style: normal; font-variant-ligatures: normal; font-variant-caps: normal; font-weight: 400; letter-spacing: normal; orphans: 2; text-align: start; text-indent: 0px; text-transform: none; white-space: normal; widows: 2; word-spacing: 0px; -webkit-text-stroke-width: 0px; background-color: #fdfdfd; text-decoration-style: initial; text-decoration-color: initial; display: inline !important; float: none;"&gt;&lt;span&gt;&amp;nbsp;&lt;/span&gt;can be read as "change in&lt;span&gt;&amp;nbsp;&lt;/span&gt;&lt;/span&gt;   &lt;span class="MathJax" id="MathJax-Element-6-Frame" tabindex="0" data-mathml="&lt;math xmlns=&amp;quot;http://www.w3.org/1998/Math/MathML&amp;quot;&gt;&lt;mi&gt;y&lt;/mi&gt;&lt;/math&gt;" role="presentation" style="box-sizing: inherit; display: inline; font-style: normal; font-weight: 400; line-height: normal; font-size: 16px; text-indent: 0px; text-align: left; text-transform: none; letter-spacing: normal; word-spacing: 0px; overflow-wrap: normal; white-space: nowrap; float: none; direction: ltr; max-width: none; max-height: none; min-width: 0px; min-height: 0px; border: 0px; padding: 0px; margin: 0px; color: #292b2c; font-family: MJX_Main; font-variant-ligatures: normal; font-variant-caps: normal; orphans: 2; widows: 2; -webkit-text-stroke-width: 0px; text-decoration-style: initial; text-decoration-color: initial; position: relative;"&gt;    &lt;nobr aria-hidden="true" style="box-sizing: inherit; transition: none 0s ease 0s; border: 0px; padding: 0px; margin: 0px; max-width: none; max-height: none; min-width: 0px; min-height: 0px; vertical-align: 0px; line-height: normal; text-decoration: none; white-space: nowrap !important;"&gt;     &lt;span class="math" id="MathJax-Span-15" style="box-sizing: content-box; transition: none 0s ease 0s; display: inline-block; position: static; border: 0px; padding: 0px; margin: 0px; vertical-align: 0px; line-height: normal; text-decoration: none; width: 0.503em;"&gt;&lt;span style="box-sizing: content-box; transition: none 0s ease 0s; display: inline-block; position: relative; border: 0px; padding: 0px; margin: 0px; vertical-align: 0px; line-height: normal; text-decoration: none; width: 0.503em; height: 0px;"&gt;&lt;span style="box-sizing: content-box; transition: none 0s ease 0s; display: inline; position: absolute; border: 0px; padding: 0px; margin: 0px; vertical-align: 0px; line-height: normal; text-decoration: none; clip: rect(1.566em, 1000.5em, 2.566em, -999.997em); top: -2.184em; left: 0em;"&gt;&lt;span class="mrow" id="MathJax-Span-16" style="box-sizing: content-box; transition: none 0s ease 0s; display: inline; position: static; border: 0px; padding: 0px; margin: 0px; vertical-align: 0px; line-height: normal; text-decoration: none;"&gt;&lt;span class="mi" id="MathJax-Span-17" style="box-sizing: content-box; transition: none 0s ease 0s; display: inline; position: static; border: 0px; padding: 0px; margin: 0px; vertical-align: 0px; line-height: normal; text-decoration: none; font-family: MathJax_Math-italic;"&gt;y&lt;span style="box-sizing: content-box; transition: none 0s ease 0s; display: inline-block; position: static; border: 0px; padding: 0px; margin: 0px; vertical-align: 0px; line-height: normal; text-decoration: none; overflow: hidden; height: 1px; width: 0.003em;"&gt;&lt;/span&gt;&lt;/span&gt;&lt;/span&gt;&lt;span style="box-sizing: content-box; transition: none 0s ease 0s; display: inline-block; position: static; border: 0px; padding: 0px; margin: 0px; vertical-align: 0px; line-height: normal; text-decoration: none; width: 0px; height: 2.191em;"&gt;&lt;/span&gt;&lt;/span&gt;&lt;/span&gt;&lt;span style="box-sizing: content-box; transition: none 0s ease 0s; display: inline-block; position: static; border-width: 0px; border-top-style: initial; border-right-style: initial; border-bottom-style: initial; border-left-style: solid; border-color: initial; border-image: initial; padding: 0px; margin: 0px; vertical-align: -0.247em; line-height: normal; text-decoration: none; overflow: hidden; width: 0px; height: 0.753em;"&gt;&lt;/span&gt;&lt;/span&gt;    &lt;/nobr&gt;&lt;span class="MJX_Assistive_MathML" role="presentation" style="box-sizing: content-box; top: 0px; left: 0px; clip: rect(1px, 1px, 1px, 1px); user-select: none; position: static; padding: 0px; border: 0px; height: 1px !important; width: 1px !important; overflow: hidden !important; display: inline; transition: none 0s ease 0s; margin: 0px; vertical-align: 0px; line-height: normal; text-decoration: none;"&gt;     &lt;math xmlns="http://www.w3.org/1998/Math/MathML"&gt;      &lt;mi&gt;       y      &lt;/mi&gt;     &lt;/math&gt;&lt;/span&gt;&lt;/span&gt;   &lt;span style="color: #292b2c; font-family: MJX_Main; font-size: 16px; font-style: normal; font-variant-ligatures: normal; font-variant-caps: normal; font-weight: 400; letter-spacing: normal; orphans: 2; text-align: start; text-indent: 0px; text-transform: none; white-space: normal; widows: 2; word-spacing: 0px; -webkit-text-stroke-width: 0px; background-color: #fdfdfd; text-decoration-style: initial; text-decoration-color: initial; display: inline !important; float: none;"&gt;" and&lt;span&gt;&amp;nbsp;&lt;/span&gt;&lt;/span&gt;   &lt;span class="MathJax" id="MathJax-Element-7-Frame" tabindex="0" data-mathml="&lt;math xmlns=&amp;quot;http://www.w3.org/1998/Math/MathML&amp;quot;&gt;&lt;mi mathvariant=&amp;quot;normal&amp;quot;&gt;Δ&lt;/mi&gt;&lt;mi&gt;x&lt;/mi&gt;&lt;/math&gt;" role="presentation" style="box-sizing: inherit; display: inline; font-style: normal; font-weight: 400; line-height: normal; font-size: 16px; text-indent: 0px; text-align: left; text-transform: none; letter-spacing: normal; word-spacing: 0px; overflow-wrap: normal; white-space: nowrap; float: none; direction: ltr; max-width: none; max-height: none; min-width: 0px; min-height: 0px; border: 0px; padding: 0px; margin: 0px; color: #292b2c; font-family: MJX_Main; font-variant-ligatures: normal; font-variant-caps: normal; orphans: 2; widows: 2; -webkit-text-stroke-width: 0px; text-decoration-style: initial; text-decoration-color: initial; position: relative;"&gt;    &lt;nobr aria-hidden="true" style="box-sizing: inherit; transition: none 0s ease 0s; border: 0px; padding: 0px; margin: 0px; max-width: none; max-height: none; min-width: 0px; min-height: 0px; vertical-align: 0px; line-height: normal; text-decoration: none; white-space: nowrap !important;"&gt;     &lt;span class="math" id="MathJax-Span-18" style="box-sizing: content-box; transition: none 0s ease 0s; display: inline-block; position: static; border: 0px; padding: 0px; margin: 0px; vertical-align: 0px; line-height: normal; text-decoration: none; width: 1.441em;"&gt;&lt;span style="box-sizing: content-box; transition: none 0s ease 0s; display: inline-block; position: relative; border: 0px; padding: 0px; margin: 0px; vertical-align: 0px; line-height: normal; text-decoration: none; width: 1.441em; height: 0px;"&gt;&lt;span style="box-sizing: content-box; transition: none 0s ease 0s; display: inline; position: absolute; border: 0px; padding: 0px; margin: 0px; vertical-align: 0px; line-height: normal; text-decoration: none; clip: rect(1.316em, 1001.38em, 2.378em, -999.997em); top: -2.184em; left: 0em;"&gt;&lt;span class="mrow" id="MathJax-Span-19" style="box-sizing: content-box; transition: none 0s ease 0s; display: inline; position: static; border: 0px; padding: 0px; margin: 0px; vertical-align: 0px; line-height: normal; text-decoration: none;"&gt;&lt;span class="mi" id="MathJax-Span-20" style="box-sizing: content-box; transition: none 0s ease 0s; display: inline; position: static; border: 0px; padding: 0px; margin: 0px; vertical-align: 0px; line-height: normal; text-decoration: none; font-family: MathJax_Main;"&gt;Δ&lt;/span&gt;&lt;span class="mi" id="MathJax-Span-21" style="box-sizing: content-box; transition: none 0s ease 0s; display: inline; position: static; border: 0px; padding: 0px; margin: 0px; vertical-align: 0px; line-height: normal; text-decoration: none; font-family: MathJax_Math-italic;"&gt;x&lt;/span&gt;&lt;/span&gt;&lt;span style="box-sizing: content-box; transition: none 0s ease 0s; display: inline-block; position: static; border: 0px; padding: 0px; margin: 0px; vertical-align: 0px; line-height: normal; text-decoration: none; width: 0px; height: 2.191em;"&gt;&lt;/span&gt;&lt;/span&gt;&lt;/span&gt;&lt;span style="box-sizing: content-box; transition: none 0s ease 0s; display: inline-block; position: static; border-width: 0px; border-top-style: initial; border-right-style: initial; border-bottom-style: initial; border-left-style: solid; border-color: initial; border-image: initial; padding: 0px; margin: 0px; vertical-align: -0.059em; line-height: normal; text-decoration: none; overflow: hidden; width: 0px; height: 0.878em;"&gt;&lt;/span&gt;&lt;/span&gt;    &lt;/nobr&gt;&lt;span class="MJX_Assistive_MathML" role="presentation" style="box-sizing: content-box; top: 0px; left: 0px; clip: rect(1px, 1px, 1px, 1px); user-select: none; position: static; padding: 0px; border: 0px; height: 1px !important; width: 1px !important; overflow: hidden !important; display: inline; transition: none 0s ease 0s; margin: 0px; vertical-align: 0px; line-height: normal; text-decoration: none;"&gt;     &lt;math xmlns="http://www.w3.org/1998/Math/MathML"&gt;      &lt;mi mathvariant="normal"&gt;       Δ      &lt;/mi&gt;      &lt;mi&gt;       x      &lt;/mi&gt;     &lt;/math&gt;&lt;/span&gt;&lt;/span&gt;   &lt;span style="color: #292b2c; font-family: MJX_Main; font-size: 16px; font-style: normal; font-variant-ligatures: normal; font-variant-caps: normal; font-weight: 400; letter-spacing: normal; orphans: 2; text-align: start; text-indent: 0px; text-transform: none; white-space: normal; widows: 2; word-spacing: 0px; -webkit-text-stroke-width: 0px; background-color: #fdfdfd; text-decoration-style: initial; text-decoration-color: initial; display: inline !important; float: none;"&gt;&lt;span&gt;&amp;nbsp;&lt;/span&gt;as "change in&lt;span&gt;&amp;nbsp;&lt;/span&gt;&lt;/span&gt;   &lt;span class="MathJax" id="MathJax-Element-8-Frame" tabindex="0" data-mathml="&lt;math xmlns=&amp;quot;http://www.w3.org/1998/Math/MathML&amp;quot;&gt;&lt;mi&gt;x&lt;/mi&gt;&lt;/math&gt;" role="presentation" style="box-sizing: inherit; display: inline; font-style: normal; font-weight: 400; line-height: normal; font-size: 16px; text-indent: 0px; text-align: left; text-transform: none; letter-spacing: normal; word-spacing: 0px; overflow-wrap: normal; white-space: nowrap; float: none; direction: ltr; max-width: none; max-height: none; min-width: 0px; min-height: 0px; border: 0px; padding: 0px; margin: 0px; color: #292b2c; font-family: MJX_Main; font-variant-ligatures: normal; font-variant-caps: normal; orphans: 2; widows: 2; -webkit-text-stroke-width: 0px; text-decoration-style: initial; text-decoration-color: initial; position: relative;"&gt;    &lt;nobr aria-hidden="true" style="box-sizing: inherit; transition: none 0s ease 0s; border: 0px; padding: 0px; margin: 0px; max-width: none; max-height: none; min-width: 0px; min-height: 0px; vertical-align: 0px; line-height: normal; text-decoration: none; white-space: nowrap !important;"&gt;     &lt;span class="math" id="MathJax-Span-22" style="box-sizing: content-box; transition: none 0s ease 0s; display: inline-block; position: static; border: 0px; padding: 0px; margin: 0px; vertical-align: 0px; line-height: normal; text-decoration: none; width: 0.566em;"&gt;&lt;span style="box-sizing: content-box; transition: none 0s ease 0s; display: inline-block; position: relative; border: 0px; padding: 0px; margin: 0px; vertical-align: 0px; line-height: normal; text-decoration: none; width: 0.566em; height: 0px;"&gt;&lt;span style="box-sizing: content-box; transition: none 0s ease 0s; display: inline; position: absolute; border: 0px; padding: 0px; margin: 0px; vertical-align: 0px; line-height: normal; text-decoration: none; clip: rect(1.566em, 1000.5em, 2.378em, -999.997em); top: -2.184em; left: 0em;"&gt;&lt;span class="mrow" id="MathJax-Span-23" style="box-sizing: content-box; transition: none 0s ease 0s; display: inline; position: static; border: 0px; padding: 0px; margin: 0px; vertical-align: 0px; line-height: normal; text-decoration: none;"&gt;&lt;span class="mi" id="MathJax-Span-24" style="box-sizing: content-box; transition: none 0s ease 0s; display: inline; position: static; border: 0px; padding: 0px; margin: 0px; vertical-align: 0px; line-height: normal; text-decoration: none; font-family: MathJax_Math-italic;"&gt;x&lt;/span&gt;&lt;/span&gt;&lt;span style="box-sizing: content-box; transition: none 0s ease 0s; display: inline-block; position: static; border: 0px; padding: 0px; margin: 0px; vertical-align: 0px; line-height: normal; text-decoration: none; width: 0px; height: 2.191em;"&gt;&lt;/span&gt;&lt;/span&gt;&lt;/span&gt;&lt;span style="box-sizing: content-box; transition: none 0s ease 0s; display: inline-block; position: static; border-width: 0px; border-top-style: initial; border-right-style: initial; border-bottom-style: initial; border-left-style: solid; border-color: initial; border-image: initial; padding: 0px; margin: 0px; vertical-align: -0.059em; line-height: normal; text-decoration: none; overflow: hidden; width: 0px; height: 0.566em;"&gt;&lt;/span&gt;&lt;/span&gt;    &lt;/nobr&gt;&lt;span class="MJX_Assistive_MathML" role="presentation" style="box-sizing: content-box; top: 0px; left: 0px; clip: rect(1px, 1px, 1px, 1px); user-select: none; position: static; padding: 0px; border: 0px; height: 1px !important; width: 1px !important; overflow: hidden !important; display: inline; transition: none 0s ease 0s; margin: 0px; vertical-align: 0px; line-height: normal; text-decoration: none;"&gt;     &lt;math xmlns="http://www.w3.org/1998/Math/MathML"&gt;      &lt;mi&gt;       x      &lt;/mi&gt;     &lt;/math&gt;&lt;/span&gt;&lt;/span&gt;   &lt;span style="color: #292b2c; font-family: MJX_Main; font-size: 16px; font-style: normal; font-variant-ligatures: normal; font-variant-caps: normal; font-weight: 400; letter-spacing: normal; orphans: 2; text-align: start; text-indent: 0px; text-transform: none; white-space: normal; widows: 2; word-spacing: 0px; -webkit-text-stroke-width: 0px; background-color: #fdfdfd; text-decoration-style: initial; text-decoration-color: initial; display: inline !important; float: none;"&gt;.")&lt;/span&gt; &lt;/div&gt;  &lt;div style="position: absolute; left: -10000px;"&gt;  &lt;meta charset="utf-8"&gt;  &lt;span style="color: #292b2c; font-family: MJX_Main; font-size: 16px; font-style: normal; font-variant-ligatures: normal; font-variant-caps: normal; font-weight: 400; letter-spacing: normal; orphans: 2; text-align: start; text-indent: 0px; text-transform: none; white-space: normal; widows: 2; word-spacing: 0px; -webkit-text-stroke-width: 0px; background-color: #fdfdfd; text-decoration-style: initial; text-decoration-color: initial; display: inline !important; float: none;"&gt;Melissa is driving along a straight road from Dallas, Texas to Oklahoma City, Oklahoma at a constant velocity. Every increase of ten minutes in the number of minutes&lt;span&gt;&amp;nbsp;&lt;/span&gt;&lt;/span&gt;   &lt;span class="MathJax" tabindex="0" data-mathml="&lt;math xmlns=&amp;quot;http://www.w3.org/1998/Math/MathML&amp;quot;&gt;&lt;mi&gt;x&lt;/mi&gt;&lt;/math&gt;" role="presentation" style="box-sizing: inherit; display: inline; font-style: normal; font-weight: 400; line-height: normal; font-size: 16px; text-indent: 0px; text-align: left; text-transform: none; letter-spacing: normal; word-spacing: 0px; overflow-wrap: normal; white-space: nowrap; float: none; direction: ltr; max-width: none; max-height: none; min-width: 0px; min-height: 0px; border: 0px; padding: 0px; margin: 0px; color: #292b2c; font-family: MJX_Main; font-variant-ligatures: normal; font-variant-caps: normal; orphans: 2; widows: 2; -webkit-text-stroke-width: 0px; text-decoration-style: initial; text-decoration-color: initial; position: relative;"&gt;    &lt;nobr aria-hidden="true" style="box-sizing: inherit; transition: none 0s ease 0s; border: 0px; padding: 0px; margin: 0px; max-width: none; max-height: none; min-width: 0px; min-height: 0px; vertical-align: 0px; line-height: normal; text-decoration: none; white-space: nowrap !important;"&gt;     &lt;span class="math" style="box-sizing: content-box; transition: none 0s ease 0s; display: inline-block; position: static; border: 0px; padding: 0px; margin: 0px; vertical-align: 0px; line-height: normal; text-decoration: none; width: 0.566em;"&gt;&lt;span style="box-sizing: content-box; transition: none 0s ease 0s; display: inline-block; position: relative; border: 0px; padding: 0px; margin: 0px; vertical-align: 0px; line-height: normal; text-decoration: none; width: 0.566em; height: 0px;"&gt;&lt;span style="box-sizing: content-box; transition: none 0s ease 0s; display: inline; position: absolute; border: 0px; padding: 0px; margin: 0px; vertical-align: 0px; line-height: normal; text-decoration: none; clip: rect(1.566em, 1000.5em, 2.378em, -999.997em); top: -2.184em; left: 0em;"&gt;&lt;span class="mrow" style="box-sizing: content-box; transition: none 0s ease 0s; display: inline; position: static; border: 0px; padding: 0px; margin: 0px; vertical-align: 0px; line-height: normal; text-decoration: none;"&gt;&lt;span class="mi" style="box-sizing: content-box; transition: none 0s ease 0s; display: inline; position: static; border: 0px; padding: 0px; margin: 0px; vertical-align: 0px; line-height: normal; text-decoration: none; font-family: MathJax_Math-italic;"&gt;x&lt;/span&gt;&lt;/span&gt;&lt;span style="box-sizing: content-box; transition: none 0s ease 0s; display: inline-block; position: static; border: 0px; padding: 0px; margin: 0px; vertical-align: 0px; line-height: normal; text-decoration: none; width: 0px; height: 2.191em;"&gt;&lt;/span&gt;&lt;/span&gt;&lt;/span&gt;&lt;span style="box-sizing: content-box; transition: none 0s ease 0s; display: inline-block; position: static; border-width: 0px; border-top-style: initial; border-right-style: initial; border-bottom-style: initial; border-left-style: solid; border-color: initial; border-image: initial; padding: 0px; margin: 0px; vertical-align: -0.059em; line-height: normal; text-decoration: none; overflow: hidden; width: 0px; height: 0.566em;"&gt;&lt;/span&gt;&lt;/span&gt;    &lt;/nobr&gt;&lt;span class="MJX_Assistive_MathML" role="presentation" style="box-sizing: content-box; top: 0px; left: 0px; clip: rect(1px, 1px, 1px, 1px); user-select: none; position: static; padding: 0px; border: 0px; height: 1px !important; width: 1px !important; overflow: hidden !important; display: inline; transition: none 0s ease 0s; margin: 0px; vertical-align: 0px; line-height: normal; text-decoration: none;"&gt;     &lt;math xmlns="http://www.w3.org/1998/Math/MathML"&gt;      &lt;mi&gt;       x      &lt;/mi&gt;     &lt;/math&gt;&lt;/span&gt;&lt;/span&gt;   &lt;span style="color: #292b2c; font-family: MJX_Main; font-size: 16px; font-style: normal; font-variant-ligatures: normal; font-variant-caps: normal; font-weight: 400; letter-spacing: normal; orphans: 2; text-align: start; text-indent: 0px; text-transform: none; white-space: normal; widows: 2; word-spacing: 0px; -webkit-text-stroke-width: 0px; background-color: #fdfdfd; text-decoration-style: initial; text-decoration-color: initial; display: inline !important; float: none;"&gt;&lt;span&gt;&amp;nbsp;&lt;/span&gt;since passing the state line, her distance&lt;span&gt;&amp;nbsp;&lt;/span&gt;&lt;/span&gt;   &lt;span class="MathJax" id="MathJax-Element-4-Frame" tabindex="0" data-mathml="&lt;math xmlns=&amp;quot;http://www.w3.org/1998/Math/MathML&amp;quot;&gt;&lt;mi&gt;y&lt;/mi&gt;&lt;/math&gt;" role="presentation" style="box-sizing: inherit; display: inline; font-style: normal; font-weight: 400; line-height: normal; font-size: 16px; text-indent: 0px; text-align: left; text-transform: none; letter-spacing: normal; word-spacing: 0px; overflow-wrap: normal; white-space: nowrap; float: none; direction: ltr; max-width: none; max-height: none; min-width: 0px; min-height: 0px; border: 0px; padding: 0px; margin: 0px; color: #292b2c; font-family: MJX_Main; font-variant-ligatures: normal; font-variant-caps: normal; orphans: 2; widows: 2; -webkit-text-stroke-width: 0px; text-decoration-style: initial; text-decoration-color: initial; position: relative;"&gt;    &lt;nobr aria-hidden="true" style="box-sizing: inherit; transition: none 0s ease 0s; border: 0px; padding: 0px; margin: 0px; max-width: none; max-height: none; min-width: 0px; min-height: 0px; vertical-align: 0px; line-height: normal; text-decoration: none; white-space: nowrap !important;"&gt;     &lt;span class="math" id="MathJax-Span-8" style="box-sizing: content-box; transition: none 0s ease 0s; display: inline-block; position: static; border: 0px; padding: 0px; margin: 0px; vertical-align: 0px; line-height: normal; text-decoration: none; width: 0.503em;"&gt;&lt;span style="box-sizing: content-box; transition: none 0s ease 0s; display: inline-block; position: relative; border: 0px; padding: 0px; margin: 0px; vertical-align: 0px; line-height: normal; text-decoration: none; width: 0.503em; height: 0px;"&gt;&lt;span style="box-sizing: content-box; transition: none 0s ease 0s; display: inline; position: absolute; border: 0px; padding: 0px; margin: 0px; vertical-align: 0px; line-height: normal; text-decoration: none; clip: rect(1.566em, 1000.5em, 2.566em, -999.997em); top: -2.184em; left: 0em;"&gt;&lt;span class="mrow" id="MathJax-Span-9" style="box-sizing: content-box; transition: none 0s ease 0s; display: inline; position: static; border: 0px; padding: 0px; margin: 0px; vertical-align: 0px; line-height: normal; text-decoration: none;"&gt;&lt;span class="mi" id="MathJax-Span-10" style="box-sizing: content-box; transition: none 0s ease 0s; display: inline; position: static; border: 0px; padding: 0px; margin: 0px; vertical-align: 0px; line-height: normal; text-decoration: none; font-family: MathJax_Math-italic;"&gt;y&lt;span style="box-sizing: content-box; transition: none 0s ease 0s; display: inline-block; position: static; border: 0px; padding: 0px; margin: 0px; vertical-align: 0px; line-height: normal; text-decoration: none; overflow: hidden; height: 1px; width: 0.003em;"&gt;&lt;/span&gt;&lt;/span&gt;&lt;/span&gt;&lt;span style="box-sizing: content-box; transition: none 0s ease 0s; display: inline-block; position: static; border: 0px; padding: 0px; margin: 0px; vertical-align: 0px; line-height: normal; text-decoration: none; width: 0px; height: 2.191em;"&gt;&lt;/span&gt;&lt;/span&gt;&lt;/span&gt;&lt;span style="box-sizing: content-box; transition: none 0s ease 0s; display: inline-block; position: static; border-width: 0px; border-top-style: initial; border-right-style: initial; border-bottom-style: initial; border-left-style: solid; border-color: initial; border-image: initial; padding: 0px; margin: 0px; vertical-align: -0.247em; line-height: normal; text-decoration: none; overflow: hidden; width: 0px; height: 0.753em;"&gt;&lt;/span&gt;&lt;/span&gt;    &lt;/nobr&gt;&lt;span class="MJX_Assistive_MathML" role="presentation" style="box-sizing: content-box; top: 0px; left: 0px; clip: rect(1px, 1px, 1px, 1px); user-select: none; position: static; padding: 0px; border: 0px; height: 1px !important; width: 1px !important; overflow: hidden !important; display: inline; transition: none 0s ease 0s; margin: 0px; vertical-align: 0px; line-height: normal; text-decoration: none;"&gt;     &lt;math xmlns="http://www.w3.org/1998/Math/MathML"&gt;      &lt;mi&gt;       y      &lt;/mi&gt;     &lt;/math&gt;&lt;/span&gt;&lt;/span&gt;   &lt;span style="color: #292b2c; font-family: MJX_Main; font-size: 16px; font-style: normal; font-variant-ligatures: normal; font-variant-caps: normal; font-weight: 400; letter-spacing: normal; orphans: 2; text-align: start; text-indent: 0px; text-transform: none; white-space: normal; widows: 2; word-spacing: 0px; -webkit-text-stroke-width: 0px; background-color: #fdfdfd; text-decoration-style: initial; text-decoration-color: initial; display: inline !important; float: none;"&gt;&lt;span&gt;&amp;nbsp;&lt;/span&gt;from Oklahoma City decreases by seven miles. Which of the following statements is definitely true? (Note:&lt;span&gt;&amp;nbsp;&lt;/span&gt;&lt;/span&gt;   &lt;span class="MathJax" id="MathJax-Element-5-Frame" tabindex="0" data-mathml="&lt;math xmlns=&amp;quot;http://www.w3.org/1998/Math/MathML&amp;quot;&gt;&lt;mi mathvariant=&amp;quot;normal&amp;quot;&gt;Δ&lt;/mi&gt;&lt;mi&gt;y&lt;/mi&gt;&lt;/math&gt;" role="presentation" style="box-sizing: inherit; display: inline; font-style: normal; font-weight: 400; line-height: normal; font-size: 16px; text-indent: 0px; text-align: left; text-transform: none; letter-spacing: normal; word-spacing: 0px; overflow-wrap: normal; white-space: nowrap; float: none; direction: ltr; max-width: none; max-height: none; min-width: 0px; min-height: 0px; border: 0px; padding: 0px; margin: 0px; color: #292b2c; font-family: MJX_Main; font-variant-ligatures: normal; font-variant-caps: normal; orphans: 2; widows: 2; -webkit-text-stroke-width: 0px; text-decoration-style: initial; text-decoration-color: initial; position: relative;"&gt;    &lt;nobr aria-hidden="true" style="box-sizing: inherit; transition: none 0s ease 0s; border: 0px; padding: 0px; margin: 0px; max-width: none; max-height: none; min-width: 0px; min-height: 0px; vertical-align: 0px; line-height: normal; text-decoration: none; white-space: nowrap !important;"&gt;     &lt;span class="math" id="MathJax-Span-11" style="box-sizing: content-box; transition: none 0s ease 0s; display: inline-block; position: static; border: 0px; padding: 0px; margin: 0px; vertical-align: 0px; line-height: normal; text-decoration: none; width: 1.316em;"&gt;&lt;span style="box-sizing: content-box; transition: none 0s ease 0s; display: inline-block; position: relative; border: 0px; padding: 0px; margin: 0px; vertical-align: 0px; line-height: normal; text-decoration: none; width: 1.316em; height: 0px;"&gt;&lt;span style="box-sizing: content-box; transition: none 0s ease 0s; display: inline; position: absolute; border: 0px; padding: 0px; margin: 0px; vertical-align: 0px; line-height: normal; text-decoration: none; clip: rect(1.316em, 1001.32em, 2.566em, -999.997em); top: -2.184em; left: 0em;"&gt;&lt;span class="mrow" id="MathJax-Span-12" style="box-sizing: content-box; transition: none 0s ease 0s; display: inline; position: static; border: 0px; padding: 0px; margin: 0px; vertical-align: 0px; line-height: normal; text-decoration: none;"&gt;&lt;span class="mi" id="MathJax-Span-13" style="box-sizing: content-box; transition: none 0s ease 0s; display: inline; position: static; border: 0px; padding: 0px; margin: 0px; vertical-align: 0px; line-height: normal; text-decoration: none; font-family: MathJax_Main;"&gt;Δ&lt;/span&gt;&lt;span class="mi" id="MathJax-Span-14" style="box-sizing: content-box; transition: none 0s ease 0s; display: inline; position: static; border: 0px; padding: 0px; margin: 0px; vertical-align: 0px; line-height: normal; text-decoration: none; font-family: MathJax_Math-italic;"&gt;y&lt;span style="box-sizing: content-box; transition: none 0s ease 0s; display: inline-block; position: static; border: 0px; padding: 0px; margin: 0px; vertical-align: 0px; line-height: normal; text-decoration: none; overflow: hidden; height: 1px; width: 0.003em;"&gt;&lt;/span&gt;&lt;/span&gt;&lt;/span&gt;&lt;span style="box-sizing: content-box; transition: none 0s ease 0s; display: inline-block; position: static; border: 0px; padding: 0px; margin: 0px; vertical-align: 0px; line-height: normal; text-decoration: none; width: 0px; height: 2.191em;"&gt;&lt;/span&gt;&lt;/span&gt;&lt;/span&gt;&lt;span style="box-sizing: content-box; transition: none 0s ease 0s; display: inline-block; position: static; border-width: 0px; border-top-style: initial; border-right-style: initial; border-bottom-style: initial; border-left-style: solid; border-color: initial; border-image: initial; padding: 0px; margin: 0px; vertical-align: -0.247em; line-height: normal; text-decoration: none; overflow: hidden; width: 0px; height: 1.066em;"&gt;&lt;/span&gt;&lt;/span&gt;    &lt;/nobr&gt;&lt;span class="MJX_Assistive_MathML" role="presentation" style="box-sizing: content-box; top: 0px; left: 0px; clip: rect(1px, 1px, 1px, 1px); user-select: none; position: static; padding: 0px; border: 0px; height: 1px !important; width: 1px !important; overflow: hidden !important; display: inline; transition: none 0s ease 0s; margin: 0px; vertical-align: 0px; line-height: normal; text-decoration: none;"&gt;     &lt;math xmlns="http://www.w3.org/1998/Math/MathML"&gt;      &lt;mi mathvariant="normal"&gt;       Δ      &lt;/mi&gt;      &lt;mi&gt;       y      &lt;/mi&gt;     &lt;/math&gt;&lt;/span&gt;&lt;/span&gt;   &lt;span style="color: #292b2c; font-family: MJX_Main; font-size: 16px; font-style: normal; font-variant-ligatures: normal; font-variant-caps: normal; font-weight: 400; letter-spacing: normal; orphans: 2; text-align: start; text-indent: 0px; text-transform: none; white-space: normal; widows: 2; word-spacing: 0px; -webkit-text-stroke-width: 0px; background-color: #fdfdfd; text-decoration-style: initial; text-decoration-color: initial; display: inline !important; float: none;"&gt;&lt;span&gt;&amp;nbsp;&lt;/span&gt;can be read as "change in&lt;span&gt;&amp;nbsp;&lt;/span&gt;&lt;/span&gt;   &lt;span class="MathJax" id="MathJax-Element-6-Frame" tabindex="0" data-mathml="&lt;math xmlns=&amp;quot;http://www.w3.org/1998/Math/MathML&amp;quot;&gt;&lt;mi&gt;y&lt;/mi&gt;&lt;/math&gt;" role="presentation" style="box-sizing: inherit; display: inline; font-style: normal; font-weight: 400; line-height: normal; font-size: 16px; text-indent: 0px; text-align: left; text-transform: none; letter-spacing: normal; word-spacing: 0px; overflow-wrap: normal; white-space: nowrap; float: none; direction: ltr; max-width: none; max-height: none; min-width: 0px; min-height: 0px; border: 0px; padding: 0px; margin: 0px; color: #292b2c; font-family: MJX_Main; font-variant-ligatures: normal; font-variant-caps: normal; orphans: 2; widows: 2; -webkit-text-stroke-width: 0px; text-decoration-style: initial; text-decoration-color: initial; position: relative;"&gt;    &lt;nobr aria-hidden="true" style="box-sizing: inherit; transition: none 0s ease 0s; border: 0px; padding: 0px; margin: 0px; max-width: none; max-height: none; min-width: 0px; min-height: 0px; vertical-align: 0px; line-height: normal; text-decoration: none; white-space: nowrap !important;"&gt;     &lt;span class="math" id="MathJax-Span-15" style="box-sizing: content-box; transition: none 0s ease 0s; display: inline-block; position: static; border: 0px; padding: 0px; margin: 0px; vertical-align: 0px; line-height: normal; text-decoration: none; width: 0.503em;"&gt;&lt;span style="box-sizing: content-box; transition: none 0s ease 0s; display: inline-block; position: relative; border: 0px; padding: 0px; margin: 0px; vertical-align: 0px; line-height: normal; text-decoration: none; width: 0.503em; height: 0px;"&gt;&lt;span style="box-sizing: content-box; transition: none 0s ease 0s; display: inline; position: absolute; border: 0px; padding: 0px; margin: 0px; vertical-align: 0px; line-height: normal; text-decoration: none; clip: rect(1.566em, 1000.5em, 2.566em, -999.997em); top: -2.184em; left: 0em;"&gt;&lt;span class="mrow" id="MathJax-Span-16" style="box-sizing: content-box; transition: none 0s ease 0s; display: inline; position: static; border: 0px; padding: 0px; margin: 0px; vertical-align: 0px; line-height: normal; text-decoration: none;"&gt;&lt;span class="mi" id="MathJax-Span-17" style="box-sizing: content-box; transition: none 0s ease 0s; display: inline; position: static; border: 0px; padding: 0px; margin: 0px; vertical-align: 0px; line-height: normal; text-decoration: none; font-family: MathJax_Math-italic;"&gt;y&lt;span style="box-sizing: content-box; transition: none 0s ease 0s; display: inline-block; position: static; border: 0px; padding: 0px; margin: 0px; vertical-align: 0px; line-height: normal; text-decoration: none; overflow: hidden; height: 1px; width: 0.003em;"&gt;&lt;/span&gt;&lt;/span&gt;&lt;/span&gt;&lt;span style="box-sizing: content-box; transition: none 0s ease 0s; display: inline-block; position: static; border: 0px; padding: 0px; margin: 0px; vertical-align: 0px; line-height: normal; text-decoration: none; width: 0px; height: 2.191em;"&gt;&lt;/span&gt;&lt;/span&gt;&lt;/span&gt;&lt;span style="box-sizing: content-box; transition: none 0s ease 0s; display: inline-block; position: static; border-width: 0px; border-top-style: initial; border-right-style: initial; border-bottom-style: initial; border-left-style: solid; border-color: initial; border-image: initial; padding: 0px; margin: 0px; vertical-align: -0.247em; line-height: normal; text-decoration: none; overflow: hidden; width: 0px; height: 0.753em;"&gt;&lt;/span&gt;&lt;/span&gt;    &lt;/nobr&gt;&lt;span class="MJX_Assistive_MathML" role="presentation" style="box-sizing: content-box; top: 0px; left: 0px; clip: rect(1px, 1px, 1px, 1px); user-select: none; position: static; padding: 0px; border: 0px; height: 1px !important; width: 1px !important; overflow: hidden !important; display: inline; transition: none 0s ease 0s; margin: 0px; vertical-align: 0px; line-height: normal; text-decoration: none;"&gt;     &lt;math xmlns="http://www.w3.org/1998/Math/MathML"&gt;      &lt;mi&gt;       y      &lt;/mi&gt;     &lt;/math&gt;&lt;/span&gt;&lt;/span&gt;   &lt;span style="color: #292b2c; font-family: MJX_Main; font-size: 16px; font-style: normal; font-variant-ligatures: normal; font-variant-caps: normal; font-weight: 400; letter-spacing: normal; orphans: 2; text-align: start; text-indent: 0px; text-transform: none; white-space: normal; widows: 2; word-spacing: 0px; -webkit-text-stroke-width: 0px; background-color: #fdfdfd; text-decoration-style: initial; text-decoration-color: initial; display: inline !important; float: none;"&gt;" and&lt;span&gt;&amp;nbsp;&lt;/span&gt;&lt;/span&gt;   &lt;span class="MathJax" id="MathJax-Element-7-Frame" tabindex="0" data-mathml="&lt;math xmlns=&amp;quot;http://www.w3.org/1998/Math/MathML&amp;quot;&gt;&lt;mi mathvariant=&amp;quot;normal&amp;quot;&gt;Δ&lt;/mi&gt;&lt;mi&gt;x&lt;/mi&gt;&lt;/math&gt;" role="presentation" style="box-sizing: inherit; display: inline; font-style: normal; font-weight: 400; line-height: normal; font-size: 16px; text-indent: 0px; text-align: left; text-transform: none; letter-spacing: normal; word-spacing: 0px; overflow-wrap: normal; white-space: nowrap; float: none; direction: ltr; max-width: none; max-height: none; min-width: 0px; min-height: 0px; border: 0px; padding: 0px; margin: 0px; color: #292b2c; font-family: MJX_Main; font-variant-ligatures: normal; font-variant-caps: normal; orphans: 2; widows: 2; -webkit-text-stroke-width: 0px; text-decoration-style: initial; text-decoration-color: initial; position: relative;"&gt;    &lt;nobr aria-hidden="true" style="box-sizing: inherit; transition: none 0s ease 0s; border: 0px; padding: 0px; margin: 0px; max-width: none; max-height: none; min-width: 0px; min-height: 0px; vertical-align: 0px; line-height: normal; text-decoration: none; white-space: nowrap !important;"&gt;     &lt;span class="math" id="MathJax-Span-18" style="box-sizing: content-box; transition: none 0s ease 0s; display: inline-block; position: static; border: 0px; padding: 0px; margin: 0px; vertical-align: 0px; line-height: normal; text-decoration: none; width: 1.441em;"&gt;&lt;span style="box-sizing: content-box; transition: none 0s ease 0s; display: inline-block; position: relative; border: 0px; padding: 0px; margin: 0px; vertical-align: 0px; line-height: normal; text-decoration: none; width: 1.441em; height: 0px;"&gt;&lt;span style="box-sizing: content-box; transition: none 0s ease 0s; display: inline; position: absolute; border: 0px; padding: 0px; margin: 0px; vertical-align: 0px; line-height: normal; text-decoration: none; clip: rect(1.316em, 1001.38em, 2.378em, -999.997em); top: -2.184em; left: 0em;"&gt;&lt;span class="mrow" id="MathJax-Span-19" style="box-sizing: content-box; transition: none 0s ease 0s; display: inline; position: static; border: 0px; padding: 0px; margin: 0px; vertical-align: 0px; line-height: normal; text-decoration: none;"&gt;&lt;span class="mi" id="MathJax-Span-20" style="box-sizing: content-box; transition: none 0s ease 0s; display: inline; position: static; border: 0px; padding: 0px; margin: 0px; vertical-align: 0px; line-height: normal; text-decoration: none; font-family: MathJax_Main;"&gt;Δ&lt;/span&gt;&lt;span class="mi" id="MathJax-Span-21" style="box-sizing: content-box; transition: none 0s ease 0s; display: inline; position: static; border: 0px; padding: 0px; margin: 0px; vertical-align: 0px; line-height: normal; text-decoration: none; font-family: MathJax_Math-italic;"&gt;x&lt;/span&gt;&lt;/span&gt;&lt;span style="box-sizing: content-box; transition: none 0s ease 0s; display: inline-block; position: static; border: 0px; padding: 0px; margin: 0px; vertical-align: 0px; line-height: normal; text-decoration: none; width: 0px; height: 2.191em;"&gt;&lt;/span&gt;&lt;/span&gt;&lt;/span&gt;&lt;span style="box-sizing: content-box; transition: none 0s ease 0s; display: inline-block; position: static; border-width: 0px; border-top-style: initial; border-right-style: initial; border-bottom-style: initial; border-left-style: solid; border-color: initial; border-image: initial; padding: 0px; margin: 0px; vertical-align: -0.059em; line-height: normal; text-decoration: none; overflow: hidden; width: 0px; height: 0.878em;"&gt;&lt;/span&gt;&lt;/span&gt;    &lt;/nobr&gt;&lt;span class="MJX_Assistive_MathML" role="presentation" style="box-sizing: content-box; top: 0px; left: 0px; clip: rect(1px, 1px, 1px, 1px); user-select: none; position: static; padding: 0px; border: 0px; height: 1px !important; width: 1px !important; overflow: hidden !important; display: inline; transition: none 0s ease 0s; margin: 0px; vertical-align: 0px; line-height: normal; text-decoration: none;"&gt;     &lt;math xmlns="http://www.w3.org/1998/Math/MathML"&gt;      &lt;mi mathvariant="normal"&gt;       Δ      &lt;/mi&gt;      &lt;mi&gt;       x      &lt;/mi&gt;     &lt;/math&gt;&lt;/span&gt;&lt;/span&gt;   &lt;span style="color: #292b2c; font-family: MJX_Main; font-size: 16px; font-style: normal; font-variant-ligatures: normal; font-variant-caps: normal; font-weight: 400; letter-spacing: normal; orphans: 2; text-align: start; text-indent: 0px; text-transform: none; white-space: normal; widows: 2; word-spacing: 0px; -webkit-text-stroke-width: 0px; background-color: #fdfdfd; text-decoration-style: initial; text-decoration-color: initial; display: inline !important; float: none;"&gt;&lt;span&gt;&amp;nbsp;&lt;/span&gt;as "change in&lt;span&gt;&amp;nbsp;&lt;/span&gt;&lt;/span&gt;   &lt;span class="MathJax" id="MathJax-Element-8-Frame" tabindex="0" data-mathml="&lt;math xmlns=&amp;quot;http://www.w3.org/1998/Math/MathML&amp;quot;&gt;&lt;mi&gt;x&lt;/mi&gt;&lt;/math&gt;" role="presentation" style="box-sizing: inherit; display: inline; font-style: normal; font-weight: 400; line-height: normal; font-size: 16px; text-indent: 0px; text-align: left; text-transform: none; letter-spacing: normal; word-spacing: 0px; overflow-wrap: normal; white-space: nowrap; float: none; direction: ltr; max-width: none; max-height: none; min-width: 0px; min-height: 0px; border: 0px; padding: 0px; margin: 0px; color: #292b2c; font-family: MJX_Main; font-variant-ligatures: normal; font-variant-caps: normal; orphans: 2; widows: 2; -webkit-text-stroke-width: 0px; text-decoration-style: initial; text-decoration-color: initial; position: relative;"&gt;    &lt;nobr aria-hidden="true" style="box-sizing: inherit; transition: none 0s ease 0s; border: 0px; padding: 0px; margin: 0px; max-width: none; max-height: none; min-width: 0px; min-height: 0px; vertical-align: 0px; line-height: normal; text-decoration: none; white-space: nowrap !important;"&gt;     &lt;span class="math" id="MathJax-Span-22" style="box-sizing: content-box; transition: none 0s ease 0s; display: inline-block; position: static; border: 0px; padding: 0px; margin: 0px; vertical-align: 0px; line-height: normal; text-decoration: none; width: 0.566em;"&gt;&lt;span style="box-sizing: content-box; transition: none 0s ease 0s; display: inline-block; position: relative; border: 0px; padding: 0px; margin: 0px; vertical-align: 0px; line-height: normal; text-decoration: none; width: 0.566em; height: 0px;"&gt;&lt;span style="box-sizing: content-box; transition: none 0s ease 0s; display: inline; position: absolute; border: 0px; padding: 0px; margin: 0px; vertical-align: 0px; line-height: normal; text-decoration: none; clip: rect(1.566em, 1000.5em, 2.378em, -999.997em); top: -2.184em; left: 0em;"&gt;&lt;span class="mrow" id="MathJax-Span-23" style="box-sizing: content-box; transition: none 0s ease 0s; display: inline; position: static; border: 0px; padding: 0px; margin: 0px; vertical-align: 0px; line-height: normal; text-decoration: none;"&gt;&lt;span class="mi" id="MathJax-Span-24" style="box-sizing: content-box; transition: none 0s ease 0s; display: inline; position: static; border: 0px; padding: 0px; margin: 0px; vertical-align: 0px; line-height: normal; text-decoration: none; font-family: MathJax_Math-italic;"&gt;x&lt;/span&gt;&lt;/span&gt;&lt;span style="box-sizing: content-box; transition: none 0s ease 0s; display: inline-block; position: static; border: 0px; padding: 0px; margin: 0px; vertical-align: 0px; line-height: normal; text-decoration: none; width: 0px; height: 2.191em;"&gt;&lt;/span&gt;&lt;/span&gt;&lt;/span&gt;&lt;span style="box-sizing: content-box; transition: none 0s ease 0s; display: inline-block; position: static; border-width: 0px; border-top-style: initial; border-right-style: initial; border-bottom-style: initial; border-left-style: solid; border-color: initial; border-image: initial; padding: 0px; margin: 0px; vertical-align: -0.059em; line-height: normal; text-decoration: none; overflow: hidden; width: 0px; height: 0.566em;"&gt;&lt;/span&gt;&lt;/span&gt;    &lt;/nobr&gt;&lt;span class="MJX_Assistive_MathML" role="presentation" style="box-sizing: content-box; top: 0px; left: 0px; clip: rect(1px, 1px, 1px, 1px); user-select: none; position: static; padding: 0px; border: 0px; height: 1px !important; width: 1px !important; overflow: hidden !important; display: inline; transition: none 0s ease 0s; margin: 0px; vertical-align: 0px; line-height: normal; text-decoration: none;"&gt;     &lt;math xmlns="http://www.w3.org/1998/Math/MathML"&gt;      &lt;mi&gt;       x      &lt;/mi&gt;     &lt;/math&gt;&lt;/span&gt;&lt;/span&gt;   &lt;span style="color: #292b2c; font-family: MJX_Main; font-size: 16px; font-style: normal; font-variant-ligatures: normal; font-variant-caps: normal; font-weight: 400; letter-spacing: normal; orphans: 2; text-align: start; text-indent: 0px; text-transform: none; white-space: normal; widows: 2; word-spacing: 0px; -webkit-text-stroke-width: 0px; background-color: #fdfdfd; text-decoration-style: initial; text-decoration-color: initial; display: inline !important; float: none;"&gt;.")&lt;/span&gt; &lt;/div&gt;  &lt;div style="position: absolute; left: -10000px;"&gt;&lt;/div&gt;</d2l_2p0:intro_message><d2l_2p0:disable_right_click>no</d2l_2p0:disable_right_click><d2l_2p0:disable_pager_access>no</d2l_2p0:disable_pager_access><is_active>yes</is_active><d2l_2p0:date_start /><d2l_2p0:date_end /><d2l_2p0:date_due /><d2l_2p0:has_schedule_event>no</d2l_2p0:has_schedule_event><d2l_2p0:is_attempt_Rldb>no</d2l_2p0:is_attempt_Rldb><d2l_2p0:is_subview_Rldb>no</d2l_2p0:is_subview_Rldb><d2l_2p0:time_limit>120</d2l_2p0:time_limit><d2l_2p0:show_clock>yes</d2l_2p0:show_clock><d2l_2p0:enforce_time_limit>yes</d2l_2p0:enforce_time_limit><d2l_2p0:grace_period>5</d2l_2p0:grace_period><d2l_2p0:late_limit>0</d2l_2p0:late_limit><d2l_2p0:attempts_allowed>3</d2l_2p0:attempts_allowed><d2l_2p0:attempt_restrictions /><d2l_2p0:mark_calculation_type>1</d2l_2p0:mark_calculation_type><d2l_2p0:is_forward_only>no</d2l_2p0:is_forward_only></assess_procextension><assessfeedback title=""><rubric><flow_mat><material><mattext texttype="yes">Your quiz has been submitted successfully.</mattext></material></flow_mat></rubric><d2l_2p0:duration>0</d2l_2p0:duration><d2l_2p0:response_display_type_id>1</d2l_2p0:response_display_type_id><d2l_2p0:show_correct_answers>no</d2l_2p0:show_correct_answers><d2l_2p0:submission_restrictip>no</d2l_2p0:submission_restrictip><d2l_2p0:show_class_average>no</d2l_2p0:show_class_average><d2l_2p0:show_score_distribution>no</d2l_2p0:show_score_distribution></assessfeedback><section ident="CONTAINER_SECTION"><item ident="OBJ_1651083" label="QUES_42756890_42760971" d2l_2p0:page="1"><itemmetadata><qtimetadata><qti_metadatafield><fieldlabel>qmd_computerscored</fieldlabel><fieldentry>yes</fieldentry></qti_metadatafield><qti_metadatafield><fieldlabel>qmd_questiontype</fieldlabel><fieldentry>Multiple Choice</fieldentry></qti_metadatafield><qti_metadatafield><fieldlabel>qmd_weighting</fieldlabel><fieldentry>1.000000000</fieldentry></qti_metadatafield><qti_metadatafield><fieldlabel>qmd_globalid</fieldlabel><fieldentry>226ba542-9554-4d2a-a803-b2c34245b429</fieldentry></qti_metadatafield><qti_metadatafield><fieldlabel>qmd_displayid</fieldlabel><fieldentry>Sample Course-74089</fieldentry></qti_metadatafield></qtimetadata></itemmetadata><itemproc_extension><d2l_2p0:difficulty>3</d2l_2p0:difficulty><d2l_2p0:isbonus>no</d2l_2p0:isbonus><d2l_2p0:ismandatory>yes</d2l_2p0:ismandatory></itemproc_extension><presentation><flow><material><mattext texttype="text/html">&lt;p&gt;&lt;span style="font-size: medium;"&gt;&lt;span style="font-family: 'Avenir Next', sans-serif; color: #292b2c; background-image: initial; background-position: initial; background-size: initial; background-repeat: initial; background-attachment: initial; background-origin: initial; background-clip: initial;"&gt;Melissa is driving along a straight road from Dallas, Texas to Oklahoma City, Oklahoma at a constant velocity. Every increase of ten minutes in the number of minutes&amp;nbsp;&lt;/span&gt;&lt;i&gt;&lt;span style="font-family: 'Avenir Next', sans-serif; color: #292b2c; border-width: 1pt; border-style: none; border-color: windowtext; padding: 0in;"&gt;x&lt;/span&gt;&lt;/i&gt;&lt;span style="font-family: 'Avenir Next', sans-serif; color: #292b2c; background-image: initial; background-position: initial; background-size: initial; background-repeat: initial; background-attachment: initial; background-origin: initial; background-clip: initial;"&gt;&amp;nbsp;since passing the state line, her distance&amp;nbsp;&lt;/span&gt;&lt;i&gt;&lt;span style="font-family: 'Avenir Next', sans-serif; color: #292b2c; border-width: 1pt; border-style: none; border-color: windowtext; padding: 0in;"&gt;y&lt;/span&gt;&lt;/i&gt;&lt;span style="font-family: 'Avenir Next', sans-serif; color: #292b2c; background-image: initial; background-position: initial; background-size: initial; background-repeat: initial; background-attachment: initial; background-origin: initial; background-clip: initial;"&gt;&amp;nbsp;from Oklahoma City decreases by seven miles.&lt;/span&gt;&lt;/span&gt;&lt;/p&gt;  &lt;p&gt;&lt;span style="font-family: 'Avenir Next', sans-serif; color: #292b2c; background-image: initial; background-position: initial; background-size: initial; background-repeat: initial; background-attachment: initial; background-origin: initial; background-clip: initial; font-size: medium;"&gt;&lt;img src="csfiles/home_dir/JMartinBb/Screen Shot 2020-05-05 at 11.26.12 AM.png" width="1820" height="274" alt="Car traveling to OKC"&gt;&lt;/span&gt;&lt;/p&gt;  &lt;p&gt;&lt;span style="font-size: medium;"&gt;&lt;span style="font-family: 'Avenir Next', sans-serif; color: #292b2c; background-image: initial; background-position: initial; background-size: initial; background-repeat: initial; background-attachment: initial; background-origin: initial; background-clip: initial;"&gt;Which of the following statements is definitely true? (Note:&amp;nbsp;&lt;/span&gt;&lt;span style="font-family: 'Avenir Next',sans-serif; color: #292b2c; border: none windowtext 1.0pt; padding: 0in;"&gt;Δ&lt;i&gt;y&lt;/i&gt;&lt;/span&gt;&lt;span style="font-family: 'Avenir Next', sans-serif; color: #292b2c; background-image: initial; background-position: initial; background-size: initial; background-repeat: initial; background-attachment: initial; background-origin: initial; background-clip: initial;"&gt;&amp;nbsp;can be read as "change in&amp;nbsp;&lt;/span&gt;&lt;i&gt;&lt;span style="font-family: 'Avenir Next',sans-serif; color: #292b2c; border: none windowtext 1.0pt; padding: 0in;"&gt;y&lt;/span&gt;&lt;/i&gt;&lt;span style="font-family: 'Avenir Next', sans-serif; color: #292b2c; background-image: initial; background-position: initial; background-size: initial; background-repeat: initial; background-attachment: initial; background-origin: initial; background-clip: initial;"&gt;" and&amp;nbsp;&lt;/span&gt;&lt;span style="font-family: 'Avenir Next',sans-serif; color: #292b2c; border: none windowtext 1.0pt; padding: 0in;"&gt;Δ&lt;i&gt;x&lt;/i&gt;&lt;/span&gt;&lt;span style="font-family: 'Avenir Next', sans-serif; color: #292b2c; background-image: initial; background-position: initial; background-size: initial; background-repeat: initial; background-attachment: initial; background-origin: initial; background-clip: initial;"&gt;&amp;nbsp;as "change in&amp;nbsp;&lt;/span&gt;&lt;i&gt;&lt;span style="font-family: 'Avenir Next',sans-serif; color: #292b2c; border: none windowtext 1.0pt; padding: 0in;"&gt;x&lt;/span&gt;&lt;/i&gt;&lt;span style="font-family: 'Avenir Next', sans-serif; color: #292b2c; background-image: initial; background-position: initial; background-size: initial; background-repeat: initial; background-attachment: initial; background-origin: initial; background-clip: initial;"&gt;."&lt;/span&gt;&lt;/span&gt;&lt;/p&gt;  &lt;p&gt;&lt;br&gt;&lt;/p&gt;</mattext></material><response_extension><d2l_2p0:display_style>2</d2l_2p0:display_style><d2l_2p0:enumeration>4</d2l_2p0:enumeration><d2l_2p0:grading_type>0</d2l_2p0:grading_type></response_extension><response_lid ident="QUES_42756890_42760971_LID" rcardinality="Single"><render_choice shuffle="no"><flow_label class="Block"><response_label ident="QUES_42756890_42760971_A130832638"><flow_mat><material><mattext texttype="text/html">&lt;p&gt;&lt;span style="font-size: medium; font-family: 'Times New Roman', serif;"&gt;∆&lt;i&gt;y&lt;/i&gt; = –0.7∆&lt;i&gt;x&lt;/i&gt;&lt;/span&gt;&lt;/p&gt;</mattext></material></flow_mat></response_label></flow_label><flow_label class="Block"><response_label ident="QUES_42756890_42760971_A130832639"><flow_mat><material><mattext texttype="text/html">&lt;p&gt;&lt;i&gt;&lt;span style="font-size: 12.0pt; font-family: 'Times New Roman',serif;"&gt;y&lt;/span&gt;&lt;/i&gt;&lt;span style="font-size: 12.0pt; font-family: 'Times New Roman',serif;"&gt; = –0.7&lt;i&gt;x&lt;/i&gt;&lt;/span&gt;&lt;/p&gt;</mattext></material></flow_mat></response_label></flow_label><flow_label class="Block"><response_label ident="QUES_42756890_42760971_A130832640"><flow_mat><material><mattext texttype="text/html">&lt;p&gt;&lt;i&gt;&lt;span style="font-size: 12.0pt; font-family: 'Times New Roman',serif;"&gt;x&lt;/span&gt;&lt;/i&gt;&lt;span style="font-size: 12.0pt; font-family: 'Times New Roman',serif;"&gt; = –0.7&lt;i&gt;y&lt;/i&gt;&lt;/span&gt;&lt;/p&gt;</mattext></material></flow_mat></response_label></flow_label><flow_label class="Block"><response_label ident="QUES_42756890_42760971_A130832641"><flow_mat><material><mattext texttype="text/html">&lt;p&gt;&lt;span style="font-size: 12.0pt; font-family: 'Times New Roman',serif;"&gt;∆&lt;i&gt;x&lt;/i&gt; = –0.7∆&lt;i&gt;y&lt;/i&gt;&lt;/span&gt;&lt;/p&gt;</mattext></material></flow_mat></response_label></flow_label><flow_label class="Block"><response_label ident="QUES_42756890_42760971_A130832642"><flow_mat><material><mattext texttype="text/html">&lt;p&gt;&lt;span style="font-size: 12.0pt; font-family: 'Avenir Next',sans-serif;"&gt;Only statements (a) and (b) are definitely true.&lt;/span&gt;&lt;/p&gt;</mattext></material></flow_mat></response_label></flow_label><flow_label class="Block"><response_label ident="QUES_42756890_42760971_A130832643"><flow_mat><material><mattext texttype="text/html">&lt;p&gt;&lt;span style="font-size: 12.0pt; font-family: 'Avenir Next',sans-serif;"&gt;Only statements (c) and (d) are definitely true.&lt;/span&gt;&lt;/p&gt;</mattext></material></flow_mat></response_label></flow_label></render_choice></response_lid></flow></presentation><resprocessing><respcondition title="Response Condition 1"><conditionvar><varequal respident="QUES_42756890_42760971_LID">QUES_42756890_42760971_A130832638</varequal></conditionvar><setvar action="Set">100.000000000</setvar><displayfeedback feedbacktype="Response" linkrefid="QUES_42756890_42760971_IF130832638" /></respcondition><respcondition title="Response Condition 2"><conditionvar><varequal respident="QUES_42756890_42760971_LID">QUES_42756890_42760971_A130832639</varequal></conditionvar><setvar action="Set">0.000000000</setvar><displayfeedback feedbacktype="Response" linkrefid="QUES_42756890_42760971_IF130832639" /></respcondition><respcondition title="Response Condition 3"><conditionvar><varequal respident="QUES_42756890_42760971_LID">QUES_42756890_42760971_A130832640</varequal></conditionvar><setvar action="Set">0.000000000</setvar><displayfeedback feedbacktype="Response" linkrefid="QUES_42756890_42760971_IF130832640" /></respcondition><respcondition title="Response Condition 4"><conditionvar><varequal respident="QUES_42756890_42760971_LID">QUES_42756890_42760971_A130832641</varequal></conditionvar><setvar action="Set">0.000000000</setvar><displayfeedback feedbacktype="Response" linkrefid="QUES_42756890_42760971_IF130832641" /></respcondition><respcondition title="Response Condition 5"><conditionvar><varequal respident="QUES_42756890_42760971_LID">QUES_42756890_42760971_A130832642</varequal></conditionvar><setvar action="Set">0.000000000</setvar><displayfeedback feedbacktype="Response" linkrefid="QUES_42756890_42760971_IF130832642" /></respcondition><respcondition title="Response Condition 6"><conditionvar><varequal respident="QUES_42756890_42760971_LID">QUES_42756890_42760971_A130832643</varequal></conditionvar><setvar action="Set">0.000000000</setvar><displayfeedback feedbacktype="Response" linkrefid="QUES_42756890_42760971_IF130832643" /></respcondition></resprocessing><itemfeedback ident="QUES_42756890_42760971_IF130832638"><material><mattext texttype="text/plain" /></material></itemfeedback><itemfeedback ident="QUES_42756890_42760971_IF130832639"><material><mattext texttype="text/plain" /></material></itemfeedback><itemfeedback ident="QUES_42756890_42760971_IF130832640"><material><mattext texttype="text/plain" /></material></itemfeedback><itemfeedback ident="QUES_42756890_42760971_IF130832641"><material><mattext texttype="text/plain" /></material></itemfeedback><itemfeedback ident="QUES_42756890_42760971_IF130832642"><material><mattext texttype="text/plain" /></material></itemfeedback><itemfeedback ident="QUES_42756890_42760971_IF130832643"><material><mattext texttype="text/plain" /></material></itemfeedback></item><item ident="OBJ_1651084" label="QUES_42756891_42760972" d2l_2p0:page="1"><itemmetadata><qtimetadata><qti_metadatafield><fieldlabel>qmd_computerscored</fieldlabel><fieldentry>yes</fieldentry></qti_metadatafield><qti_metadatafield><fieldlabel>qmd_questiontype</fieldlabel><fieldentry>Multiple Choice</fieldentry></qti_metadatafield><qti_metadatafield><fieldlabel>qmd_weighting</fieldlabel><fieldentry>1.000000000</fieldentry></qti_metadatafield><qti_metadatafield><fieldlabel>qmd_globalid</fieldlabel><fieldentry>05224541-f0c2-4081-86f0-6bcf48b5038a</fieldentry></qti_metadatafield><qti_metadatafield><fieldlabel>qmd_displayid</fieldlabel><fieldentry>Sample Course-74090</fieldentry></qti_metadatafield></qtimetadata></itemmetadata><itemproc_extension><d2l_2p0:difficulty>3</d2l_2p0:difficulty><d2l_2p0:isbonus>no</d2l_2p0:isbonus><d2l_2p0:ismandatory>yes</d2l_2p0:ismandatory></itemproc_extension><presentation><flow><material><mattext texttype="text/html">&lt;p&gt;&lt;span style="font-family: 'Avenir Next', sans-serif; color: #292b2c; background-image: initial; background-position: initial; background-size: initial; background-repeat: initial; background-attachment: initial; background-origin: initial; background-clip: initial; font-size: medium;"&gt;A candle has been burning at a constant rate of change of 1.25 inches per hour. The candle has been burning for 4 hours and is 5.5 inches tall. What was the length of the candle before it was lit?&lt;/span&gt;&lt;/p&gt;</mattext></material><response_extension><d2l_2p0:display_style>2</d2l_2p0:display_style><d2l_2p0:enumeration>6</d2l_2p0:enumeration><d2l_2p0:grading_type>0</d2l_2p0:grading_type></response_extension><response_lid ident="QUES_42756891_42760972_LID" rcardinality="Single"><render_choice shuffle="no"><flow_label class="Block"><response_label ident="QUES_42756891_42760972_A130832644"><flow_mat><material><mattext texttype="text/html">&lt;p&gt;&lt;span style="font-size: 12.0pt; font-family: 'Avenir Next',sans-serif;"&gt;5 inches&lt;/span&gt;&lt;/p&gt;</mattext></material></flow_mat></response_label></flow_label><flow_label class="Block"><response_label ident="QUES_42756891_42760972_A130832645"><flow_mat><material><mattext texttype="text/html">&lt;p&gt;&lt;span style="font-size: 12.0pt; font-family: 'Avenir Next',sans-serif;"&gt;5.5 inches&lt;/span&gt;&lt;/p&gt;</mattext></material></flow_mat></response_label></flow_label><flow_label class="Block"><response_label ident="QUES_42756891_42760972_A130832646"><flow_mat><material><mattext texttype="text/html">&lt;p&gt;&lt;span style="font-size: 12.0pt; font-family: 'Avenir Next',sans-serif;"&gt;6.75 inches&lt;/span&gt;&lt;/p&gt;</mattext></material></flow_mat></response_label></flow_label><flow_label class="Block"><response_label ident="QUES_42756891_42760972_A130832647"><flow_mat><material><mattext texttype="text/html">&lt;p&gt;&lt;span style="font-family: 'Avenir Next', sans-serif; text-shadow: none !important; letter-spacing: normal; margin: 0px; padding: 0px; border: 0px; outline: 0px; font-weight: 400; font-style: normal; font-size: 12pt; color: #000000; font-variant-ligatures: normal; font-variant-caps: normal; orphans: 2; text-align: start; text-indent: 0px; text-transform: none; white-space: normal; widows: 2; word-spacing: 0px; -webkit-text-stroke-width: 0px; background-color: #ffffff; text-decoration-style: initial; text-decoration-color: initial;"&gt;&lt;/span&gt; &lt;span style="font-size: 12.0pt; font-family: 'Avenir Next',sans-serif;"&gt;10.5 inches&lt;/span&gt; &lt;span style="color: #000000; font-family: 'Open Sans', sans-serif; font-size: 13px; font-style: normal; font-variant-ligatures: normal; font-variant-caps: normal; font-weight: 400; letter-spacing: normal; orphans: 2; text-align: start; text-indent: 0px; text-transform: none; white-space: normal; widows: 2; word-spacing: 0px; -webkit-text-stroke-width: 0px; background-color: #ffffff; text-decoration-style: initial; text-decoration-color: initial; display: inline !important; float: none;"&gt;&lt;/span&gt;&lt;/p&gt;</mattext></material></flow_mat></response_label></flow_label><flow_label class="Block"><response_label ident="QUES_42756891_42760972_A130832648"><flow_mat><material><mattext texttype="text/html">&lt;p&gt;&lt;span style="font-size: 12.0pt; font-family: 'Avenir Next',sans-serif;"&gt;23.25 inches&lt;/span&gt;&lt;/p&gt;</mattext></material></flow_mat></response_label></flow_label></render_choice></response_lid></flow></presentation><resprocessing><respcondition title="Response Condition 1"><conditionvar><varequal respident="QUES_42756891_42760972_LID">QUES_42756891_42760972_A130832644</varequal></conditionvar><setvar action="Set">0.000000000</setvar><displayfeedback feedbacktype="Response" linkrefid="QUES_42756891_42760972_IF130832644" /></respcondition><respcondition title="Response Condition 2"><conditionvar><varequal respident="QUES_42756891_42760972_LID">QUES_42756891_42760972_A130832645</varequal></conditionvar><setvar action="Set">0.000000000</setvar><displayfeedback feedbacktype="Response" linkrefid="QUES_42756891_42760972_IF130832645" /></respcondition><respcondition title="Response Condition 3"><conditionvar><varequal respident="QUES_42756891_42760972_LID">QUES_42756891_42760972_A130832646</varequal></conditionvar><setvar action="Set">0.000000000</setvar><displayfeedback feedbacktype="Response" linkrefid="QUES_42756891_42760972_IF130832646" /></respcondition><respcondition title="Response Condition 4"><conditionvar><varequal respident="QUES_42756891_42760972_LID">QUES_42756891_42760972_A130832647</varequal></conditionvar><setvar action="Set">100.000000000</setvar><displayfeedback feedbacktype="Response" linkrefid="QUES_42756891_42760972_IF130832647" /></respcondition><respcondition title="Response Condition 5"><conditionvar><varequal respident="QUES_42756891_42760972_LID">QUES_42756891_42760972_A130832648</varequal></conditionvar><setvar action="Set">0.000000000</setvar><displayfeedback feedbacktype="Response" linkrefid="QUES_42756891_42760972_IF130832648" /></respcondition></resprocessing><itemfeedback ident="QUES_42756891_42760972_IF130832644"><material><mattext texttype="text/plain" /></material></itemfeedback><itemfeedback ident="QUES_42756891_42760972_IF130832645"><material><mattext texttype="text/plain" /></material></itemfeedback><itemfeedback ident="QUES_42756891_42760972_IF130832646"><material><mattext texttype="text/plain" /></material></itemfeedback><itemfeedback ident="QUES_42756891_42760972_IF130832647"><material><mattext texttype="text/plain" /></material></itemfeedback><itemfeedback ident="QUES_42756891_42760972_IF130832648"><material><mattext texttype="text/plain" /></material></itemfeedback></item></section></assessment></questestinterop>