﻿<?xml version="1.0" encoding="UTF-8"?><questestinterop xmlns:d2l_2p0="http://desire2learn.com/xsd/d2lcp_v2p0"><assessment d2l_2p0:id="423" title="The Definition of the Derivative PreVideo Questions" ident="res_quiz_122378" d2l_2p0:resource_code="ef9e56cc46d3486a98963923-103"><rubric><flow_mat><material><mattext d2l_2p0:isdisplayed="yes" texttype="text/html">&lt;p&gt;&lt;span style="color: #292b2c; font-family: 'Avenir Next', sans-serif; font-size: medium; font-style: normal; font-variant-ligatures: normal; font-variant-caps: normal; font-weight: 400; letter-spacing: normal; orphans: 2; text-align: start; text-indent: 0px; text-transform: none; white-space: normal; widows: 2; word-spacing: 0px; -webkit-text-stroke-width: 0px; text-decoration-style: initial; text-decoration-color: initial; float: none; display: inline !important;"&gt;Answer each question as best as you can.&lt;/span&gt;&lt;/p&gt;</mattext></material></flow_mat></rubric><assessmentcontrol hintswitch="no" solutionswitch="yes" feedbackswitch="no" /><presentation_material><flow_mat><material label="page header"><mattext d2l_2p0:isdisplayed="no" texttype="text/html" /></material><material label="page footer"><mattext d2l_2p0:isdisplayed="no" texttype="text/html" /></material></flow_mat></presentation_material><assess_procextension><d2l_2p0:intro_message d2l_2p0:isdisplayed="yes" texttype="text/html">&lt;p&gt;&lt;span style="color: #292b2c; font-family: 'Avenir Next', sans-serif; font-size: medium; font-style: normal; font-variant-ligatures: normal; font-variant-caps: normal; font-weight: 400; letter-spacing: normal; orphans: 2; text-align: start; text-indent: 0px; text-transform: none; white-space: normal; widows: 2; word-spacing: 0px; -webkit-text-stroke-width: 0px; text-decoration-style: initial; text-decoration-color: initial; float: none; display: inline !important;"&gt;&lt;span style="font-family: 'Avenir Next', sans-serif; letter-spacing: normal; margin: 0px; padding: 0px; border: 0px; outline: 0px; font-weight: 400; font-style: normal; font-size: medium; font-variant-ligatures: normal; font-variant-caps: normal; orphans: 2; text-indent: 0px; text-transform: none; white-space: normal; widows: 2; word-spacing: 0px; -webkit-text-stroke-width: 0px; text-decoration-style: initial; text-decoration-color: initial; text-align: left; color: #292b2c; text-shadow: none !important;"&gt;PreVideo&amp;nbsp;Questions are intended to get you thinking about the concept. You are not expected to know all answers perfectly. You are expected to try. PreVideo&amp;nbsp;Q&lt;/span&gt;&lt;span style="font-family: 'Avenir Next', sans-serif; letter-spacing: normal; margin: 0px; padding: 0px; border: 0px; outline: 0px; font-weight: 400; font-style: normal; font-size: medium; font-variant-ligatures: normal; font-variant-caps: normal; orphans: 2; text-indent: 0px; text-transform: none; white-space: normal; widows: 2; word-spacing: 0px; -webkit-text-stroke-width: 0px; text-decoration-style: initial; text-decoration-color: initial; text-align: left; color: #292b2c; text-shadow: none !important;"&gt;uestions do NOT count for a grade.&lt;/span&gt;&lt;/span&gt;&lt;/p&gt;</d2l_2p0:intro_message><d2l_2p0:disable_right_click>no</d2l_2p0:disable_right_click><d2l_2p0:disable_pager_access>no</d2l_2p0:disable_pager_access><is_active>yes</is_active><d2l_2p0:date_start /><d2l_2p0:date_end /><d2l_2p0:date_due /><d2l_2p0:has_schedule_event>no</d2l_2p0:has_schedule_event><d2l_2p0:is_attempt_Rldb>no</d2l_2p0:is_attempt_Rldb><d2l_2p0:is_subview_Rldb>no</d2l_2p0:is_subview_Rldb><d2l_2p0:time_limit>120</d2l_2p0:time_limit><d2l_2p0:show_clock>yes</d2l_2p0:show_clock><d2l_2p0:enforce_time_limit>yes</d2l_2p0:enforce_time_limit><d2l_2p0:grace_period>5</d2l_2p0:grace_period><d2l_2p0:late_limit>0</d2l_2p0:late_limit><d2l_2p0:attempts_allowed>3</d2l_2p0:attempts_allowed><d2l_2p0:attempt_restrictions /><d2l_2p0:mark_calculation_type>1</d2l_2p0:mark_calculation_type><d2l_2p0:is_forward_only>no</d2l_2p0:is_forward_only></assess_procextension><assessfeedback title=""><rubric><flow_mat><material><mattext texttype="yes">Your quiz has been submitted successfully.</mattext></material></flow_mat></rubric><d2l_2p0:duration>0</d2l_2p0:duration><d2l_2p0:response_display_type_id>1</d2l_2p0:response_display_type_id><d2l_2p0:show_correct_answers>no</d2l_2p0:show_correct_answers><d2l_2p0:submission_restrictip>no</d2l_2p0:submission_restrictip><d2l_2p0:show_class_average>no</d2l_2p0:show_class_average><d2l_2p0:show_score_distribution>no</d2l_2p0:show_score_distribution></assessfeedback><section ident="CONTAINER_SECTION"><item ident="OBJ_1651098" label="QUES_42756905_42760986" d2l_2p0:page="1"><itemmetadata><qtimetadata><qti_metadatafield><fieldlabel>qmd_computerscored</fieldlabel><fieldentry>yes</fieldentry></qti_metadatafield><qti_metadatafield><fieldlabel>qmd_questiontype</fieldlabel><fieldentry>Multiple Choice</fieldentry></qti_metadatafield><qti_metadatafield><fieldlabel>qmd_weighting</fieldlabel><fieldentry>1.000000000</fieldentry></qti_metadatafield><qti_metadatafield><fieldlabel>qmd_globalid</fieldlabel><fieldentry>3514504f-a0d6-4d50-9ea0-0b788630f2dd</fieldentry></qti_metadatafield><qti_metadatafield><fieldlabel>qmd_displayid</fieldlabel><fieldentry>Sample Course-74104</fieldentry></qti_metadatafield></qtimetadata></itemmetadata><itemproc_extension><d2l_2p0:difficulty>3</d2l_2p0:difficulty><d2l_2p0:isbonus>no</d2l_2p0:isbonus><d2l_2p0:ismandatory>yes</d2l_2p0:ismandatory></itemproc_extension><presentation><flow><material><mattext texttype="text/html">&lt;p&gt;&lt;span style="font-size: 14pt; font-family: 'Avenir Next', sans-serif; color: #292b2c; background-image: initial; background-position: initial; background-size: initial; background-repeat: initial; background-attachment: initial; background-origin: initial; background-clip: initial;"&gt;If&amp;nbsp;&lt;img align="middle" alt="f" class="Wirisformula" data-mathml="«math xmlns=¨http://www.w3.org/1998/Math/MathML¨»«mi»f«/mi»«/math»" src="csfiles/home_dir/JMartinBb_ImportedContent_20200715080913__xid-14753984_1/Math Images__xid-14753985_1/e74677a41edb7b76a823e253378fbc2e__xid-14754010_1.png"&gt;&amp;nbsp;is a differentiable function and&amp;nbsp;&lt;img align="middle" alt="a" class="Wirisformula" data-mathml="«math xmlns=¨http://www.w3.org/1998/Math/MathML¨»«mi»a«/mi»«/math»" src="csfiles/home_dir/JMartinBb_ImportedContent_20200715080913__xid-14753984_1/Math Images__xid-14753985_1/90a2959d9d1df07f59b5798d66c253d8__xid-14753989_1.png"&gt;&amp;nbsp;is in the domain of&amp;nbsp;&lt;img align="middle" alt="f" class="Wirisformula" data-mathml="«math xmlns=¨http://www.w3.org/1998/Math/MathML¨»«mi»f«/mi»«/math»" src="csfiles/home_dir/JMartinBb_ImportedContent_20200715080913__xid-14753984_1/Math Images__xid-14753985_1/e74677a41edb7b76a823e253378fbc2e(1)__xid-14754009_1.png"&gt;, then&amp;nbsp;&lt;img align="middle" alt="f apostrophe open parentheses a close parentheses" class="Wirisformula" data-mathml="«math xmlns=¨http://www.w3.org/1998/Math/MathML¨»«mi»f«/mi»«mo»`«/mo»«mfenced»«mi»a«/mi»«/mfenced»«/math»" src="csfiles/home_dir/JMartinBb_ImportedContent_20200715080913__xid-14753984_1/Math Images__xid-14753985_1/390fe706cd2e3b5ea80bba0edb5308bb__xid-14754004_1.png"&gt;&amp;nbsp;is given by which of the following expressions?&lt;/span&gt;&lt;/p&gt;  &lt;ol style="list-style-type: upper-roman;"&gt;   &lt;li&gt;&lt;img align="middle" alt="limit as h rightwards arrow 0 of fraction numerator f open parentheses a plus h close parentheses minus f open parentheses a close parentheses over denominator h end fraction" class="Wirisformula" data-mathml="«math xmlns=¨http://www.w3.org/1998/Math/MathML¨»«munder»«mi»lim«/mi»«mrow»«mi»h«/mi»«mo»§#8594;«/mo»«mn»0«/mn»«/mrow»«/munder»«mfrac»«mrow»«mi»f«/mi»«mfenced»«mrow»«mi»a«/mi»«mo»+«/mo»«mi»h«/mi»«/mrow»«/mfenced»«mo»-«/mo»«mi»f«/mi»«mfenced»«mi»a«/mi»«/mfenced»«/mrow»«mi»h«/mi»«/mfrac»«/math»" src="csfiles/home_dir/JMartinBb_ImportedContent_20200715080913__xid-14753984_1/Math Images__xid-14753985_1/81215c5c8df88fa097c02801e38c729f__xid-14753996_1.png"&gt;&lt;/li&gt;   &lt;li&gt;&lt;span style="font-size: 14pt; font-family: 'Avenir Next', sans-serif; color: #292b2c; background-image: initial; background-position: initial; background-size: initial; background-repeat: initial; background-attachment: initial; background-origin: initial; background-clip: initial;"&gt;&lt;img align="middle" alt="limit as x rightwards arrow a of fraction numerator f open parentheses x close parentheses minus f open parentheses a close parentheses over denominator x minus a end fraction" class="Wirisformula" data-mathml="«math xmlns=¨http://www.w3.org/1998/Math/MathML¨»«munder»«mi»lim«/mi»«mrow»«mi»x«/mi»«mo»§#8594;«/mo»«mi»a«/mi»«/mrow»«/munder»«mfrac»«mrow»«mi»f«/mi»«mfenced»«mi»x«/mi»«/mfenced»«mo»-«/mo»«mi»f«/mi»«mfenced»«mi»a«/mi»«/mfenced»«/mrow»«mrow»«mi»x«/mi»«mo»-«/mo»«mi»a«/mi»«/mrow»«/mfrac»«/math»" src="csfiles/home_dir/JMartinBb_ImportedContent_20200715080913__xid-14753984_1/Math Images__xid-14753985_1/85ad81e585e640417bd6224d9ab33777__xid-14754007_1.png"&gt;&lt;/span&gt;&lt;/li&gt;   &lt;li&gt;&lt;span style="font-size: 14pt; font-family: 'Avenir Next', sans-serif; color: #292b2c; background-image: initial; background-position: initial; background-size: initial; background-repeat: initial; background-attachment: initial; background-origin: initial; background-clip: initial;"&gt;&lt;img align="middle" alt="limit as h rightwards arrow 0 of fraction numerator f open parentheses x plus h close parentheses minus f open parentheses x close parentheses over denominator x minus h end fraction" class="Wirisformula" data-mathml="«math xmlns=¨http://www.w3.org/1998/Math/MathML¨»«munder»«mi»lim«/mi»«mrow»«mi»h«/mi»«mo»§#8594;«/mo»«mn»0«/mn»«/mrow»«/munder»«mfrac»«mrow»«mi»f«/mi»«mfenced»«mrow»«mi»x«/mi»«mo»+«/mo»«mi»h«/mi»«/mrow»«/mfenced»«mo»-«/mo»«mi»f«/mi»«mfenced»«mi»x«/mi»«/mfenced»«/mrow»«mrow»«mi»x«/mi»«mo»-«/mo»«mi»h«/mi»«/mrow»«/mfrac»«/math»" src="csfiles/home_dir/JMartinBb_ImportedContent_20200715080913__xid-14753984_1/Math Images__xid-14753985_1/e195784e3a11da7412e52508e97c563d__xid-14753997_1.png"&gt;&lt;/span&gt;&lt;span style="font-size: 14pt; font-family: 'Avenir Next', sans-serif; color: #292b2c; background-image: initial; background-position: initial; background-size: initial; background-repeat: initial; background-attachment: initial; background-origin: initial; background-clip: initial;"&gt;&lt;/span&gt;&lt;/li&gt;  &lt;/ol&gt;</mattext></material><response_extension><d2l_2p0:display_style>2</d2l_2p0:display_style><d2l_2p0:enumeration>6</d2l_2p0:enumeration><d2l_2p0:grading_type>0</d2l_2p0:grading_type></response_extension><response_lid ident="QUES_42756905_42760986_LID" rcardinality="Single"><render_choice shuffle="no"><flow_label class="Block"><response_label ident="QUES_42756905_42760986_A130832710"><flow_mat><material><mattext texttype="text/html">&lt;p&gt;&lt;span style="font-size: 14.0pt; font-family: 'Avenir Next',sans-serif;"&gt;I. only&lt;/span&gt;&lt;/p&gt;</mattext></material></flow_mat></response_label></flow_label><flow_label class="Block"><response_label ident="QUES_42756905_42760986_A130832711"><flow_mat><material><mattext texttype="text/html">&lt;p&gt;&lt;span style="font-size: 14.0pt; font-family: 'Avenir Next',sans-serif;"&gt;II.&amp;nbsp;only&lt;/span&gt;&lt;/p&gt;</mattext></material></flow_mat></response_label></flow_label><flow_label class="Block"><response_label ident="QUES_42756905_42760986_A130832712"><flow_mat><material><mattext texttype="text/html">&lt;p&gt;&lt;span style="font-size: 14.0pt; font-family: 'Avenir Next',sans-serif;"&gt;III.&amp;nbsp;only&lt;/span&gt;&lt;/p&gt;</mattext></material></flow_mat></response_label></flow_label><flow_label class="Block"><response_label ident="QUES_42756905_42760986_A130832713"><flow_mat><material><mattext texttype="text/html">&lt;p&gt;&lt;span style="font-size: 14pt; font-family: 'Avenir Next', sans-serif;"&gt;I. and II.&amp;nbsp;only&lt;/span&gt;&lt;/p&gt;</mattext></material></flow_mat></response_label></flow_label><flow_label class="Block"><response_label ident="QUES_42756905_42760986_A130832714"><flow_mat><material><mattext texttype="text/html">&lt;p&gt;&lt;span style="font-size: 14.0pt; font-family: 'Avenir Next',sans-serif;"&gt;I. and III.&amp;nbsp;only&lt;/span&gt;&lt;/p&gt;</mattext></material></flow_mat></response_label></flow_label><flow_label class="Block"><response_label ident="QUES_42756905_42760986_A130832715"><flow_mat><material><mattext texttype="text/html">&lt;p&gt;&lt;span style="font-size: medium;"&gt;I.,&amp;nbsp;II.,&amp;nbsp;and III.&lt;/span&gt;&lt;/p&gt;</mattext></material></flow_mat></response_label></flow_label></render_choice></response_lid></flow></presentation><resprocessing><respcondition title="Response Condition 1"><conditionvar><varequal respident="QUES_42756905_42760986_LID">QUES_42756905_42760986_A130832710</varequal></conditionvar><setvar action="Set">0.000000000</setvar><displayfeedback feedbacktype="Response" linkrefid="QUES_42756905_42760986_IF130832710" /></respcondition><respcondition title="Response Condition 2"><conditionvar><varequal respident="QUES_42756905_42760986_LID">QUES_42756905_42760986_A130832711</varequal></conditionvar><setvar action="Set">0.000000000</setvar><displayfeedback feedbacktype="Response" linkrefid="QUES_42756905_42760986_IF130832711" /></respcondition><respcondition title="Response Condition 3"><conditionvar><varequal respident="QUES_42756905_42760986_LID">QUES_42756905_42760986_A130832712</varequal></conditionvar><setvar action="Set">0.000000000</setvar><displayfeedback feedbacktype="Response" linkrefid="QUES_42756905_42760986_IF130832712" /></respcondition><respcondition title="Response Condition 4"><conditionvar><varequal respident="QUES_42756905_42760986_LID">QUES_42756905_42760986_A130832713</varequal></conditionvar><setvar action="Set">100.000000000</setvar><displayfeedback feedbacktype="Response" linkrefid="QUES_42756905_42760986_IF130832713" /></respcondition><respcondition title="Response Condition 5"><conditionvar><varequal respident="QUES_42756905_42760986_LID">QUES_42756905_42760986_A130832714</varequal></conditionvar><setvar action="Set">0.000000000</setvar><displayfeedback feedbacktype="Response" linkrefid="QUES_42756905_42760986_IF130832714" /></respcondition><respcondition title="Response Condition 6"><conditionvar><varequal respident="QUES_42756905_42760986_LID">QUES_42756905_42760986_A130832715</varequal></conditionvar><setvar action="Set">0.000000000</setvar><displayfeedback feedbacktype="Response" linkrefid="QUES_42756905_42760986_IF130832715" /></respcondition></resprocessing><itemfeedback ident="QUES_42756905_42760986_IF130832710"><material><mattext texttype="text/plain" /></material></itemfeedback><itemfeedback ident="QUES_42756905_42760986_IF130832711"><material><mattext texttype="text/plain" /></material></itemfeedback><itemfeedback ident="QUES_42756905_42760986_IF130832712"><material><mattext texttype="text/plain" /></material></itemfeedback><itemfeedback ident="QUES_42756905_42760986_IF130832713"><material><mattext texttype="text/plain" /></material></itemfeedback><itemfeedback ident="QUES_42756905_42760986_IF130832714"><material><mattext texttype="text/plain" /></material></itemfeedback><itemfeedback ident="QUES_42756905_42760986_IF130832715"><material><mattext texttype="text/plain" /></material></itemfeedback></item><item ident="OBJ_1651099" label="QUES_42756906_42760987" d2l_2p0:page="1"><itemmetadata><qtimetadata><qti_metadatafield><fieldlabel>qmd_computerscored</fieldlabel><fieldentry>yes</fieldentry></qti_metadatafield><qti_metadatafield><fieldlabel>qmd_questiontype</fieldlabel><fieldentry>Multiple Choice</fieldentry></qti_metadatafield><qti_metadatafield><fieldlabel>qmd_weighting</fieldlabel><fieldentry>1.000000000</fieldentry></qti_metadatafield><qti_metadatafield><fieldlabel>qmd_globalid</fieldlabel><fieldentry>d4154128-b8c4-4292-8988-a1458e7b5bfb</fieldentry></qti_metadatafield><qti_metadatafield><fieldlabel>qmd_displayid</fieldlabel><fieldentry>Sample Course-74105</fieldentry></qti_metadatafield></qtimetadata></itemmetadata><itemproc_extension><d2l_2p0:difficulty>3</d2l_2p0:difficulty><d2l_2p0:isbonus>no</d2l_2p0:isbonus><d2l_2p0:ismandatory>yes</d2l_2p0:ismandatory></itemproc_extension><presentation><flow><material><mattext texttype="text/html">&lt;p&gt;&lt;span style="color: #000000; font-family: 'Avenir Next', sans-serif; font-size: 18.6667px; font-style: normal; font-variant-ligatures: normal; font-variant-caps: normal; font-weight: 400; letter-spacing: normal; orphans: 2; text-align: start; text-indent: 0px; text-transform: none; white-space: normal; widows: 2; word-spacing: 0px; -webkit-text-stroke-width: 0px; text-decoration-style: initial; text-decoration-color: initial; float: none; display: inline !important;"&gt;The expression&lt;/span&gt;&amp;nbsp;&lt;img align="middle" alt="limit as h rightwards arrow 0 of fraction numerator 2 open parentheses x plus h close parentheses to the power of 7 minus 5 open parentheses x plus h close parentheses plus 8 minus open parentheses 2 x to the power of 7 minus 5 x plus 8 close parentheses over denominator h end fraction" class="Wirisformula" data-mathml="«math xmlns=¨http://www.w3.org/1998/Math/MathML¨»«munder»«mi»lim«/mi»«mrow»«mi»h«/mi»«mo»§#8594;«/mo»«mn»0«/mn»«/mrow»«/munder»«mfrac»«mrow»«mn»2«/mn»«msup»«mfenced»«mrow»«mi»x«/mi»«mo»+«/mo»«mi»h«/mi»«/mrow»«/mfenced»«mn»7«/mn»«/msup»«mo»-«/mo»«mn»5«/mn»«mfenced»«mrow»«mi»x«/mi»«mo»+«/mo»«mi»h«/mi»«/mrow»«/mfenced»«mo»+«/mo»«mn»8«/mn»«mo»-«/mo»«mfenced»«mrow»«mn»2«/mn»«msup»«mi»x«/mi»«mn»7«/mn»«/msup»«mo»-«/mo»«mn»5«/mn»«mi»x«/mi»«mo»+«/mo»«mn»8«/mn»«/mrow»«/mfenced»«/mrow»«mi»h«/mi»«/mfrac»«/math»" src="csfiles/home_dir/JMartinBb/Math Images/58ec85710a5005422a6560c9fa060338.png"&gt;&amp;nbsp;&lt;span style="font-family: 'Avenir Next', sans-serif; letter-spacing: normal; margin: 0px; padding: 0px; border: 0px; outline: 0px; font-weight: 400; font-style: normal; font-size: 14pt; color: #000000; font-variant-ligatures: normal; font-variant-caps: normal; orphans: 2; text-align: start; text-indent: 0px; text-transform: none; white-space: normal; widows: 2; word-spacing: 0px; -webkit-text-stroke-width: 0px; text-decoration-style: initial; text-decoration-color: initial; text-shadow: none !important;"&gt;is the derivative of what function?&lt;/span&gt;&lt;span style="font-family: 'Courier New'; letter-spacing: normal; margin: 0px; padding: 0px; border: 0px; outline: 0px; font-weight: 400; font-style: normal; font-size: 14pt; color: #000000; font-variant-ligatures: normal; font-variant-caps: normal; orphans: 2; text-align: start; text-indent: 0px; text-transform: none; white-space: normal; widows: 2; word-spacing: 0px; -webkit-text-stroke-width: 0px; text-decoration-style: initial; text-decoration-color: initial; text-shadow: none !important;"&gt;&lt;/span&gt;&lt;/p&gt;  &lt;p&gt;&lt;br&gt;&lt;/p&gt;</mattext></material><response_extension><d2l_2p0:display_style>2</d2l_2p0:display_style><d2l_2p0:enumeration>6</d2l_2p0:enumeration><d2l_2p0:grading_type>0</d2l_2p0:grading_type></response_extension><response_lid ident="QUES_42756906_42760987_LID" rcardinality="Single"><render_choice shuffle="no"><flow_label class="Block"><response_label ident="QUES_42756906_42760987_A130832716"><flow_mat><material><mattext texttype="text/html">&lt;p&gt;&lt;img align="middle" alt="f open parentheses x close parentheses equals 2 open parentheses x plus h close parentheses to the power of 7 minus 5 open parentheses x plus h close parentheses plus 8" class="Wirisformula" data-mathml="«math xmlns=¨http://www.w3.org/1998/Math/MathML¨»«mi»f«/mi»«mfenced»«mi»x«/mi»«/mfenced»«mo»=«/mo»«mn»2«/mn»«msup»«mfenced»«mrow»«mi»x«/mi»«mo»+«/mo»«mi»h«/mi»«/mrow»«/mfenced»«mn»7«/mn»«/msup»«mo»-«/mo»«mn»5«/mn»«mfenced»«mrow»«mi»x«/mi»«mo»+«/mo»«mi»h«/mi»«/mrow»«/mfenced»«mo»+«/mo»«mn»8«/mn»«/math»" src="csfiles/home_dir/JMartinBb/Math Images/d3f0b22ce3457637850f8a6af2813d13.png"&gt;&lt;/p&gt;</mattext></material></flow_mat></response_label></flow_label><flow_label class="Block"><response_label ident="QUES_42756906_42760987_A130832717"><flow_mat><material><mattext texttype="text/html">&lt;p&gt;&lt;img align="middle" alt="f open parentheses x close parentheses equals 2 open parentheses x plus h close parentheses to the power of 7 minus 5 open parentheses x plus h close parentheses plus 8 minus open parentheses 2 x to the power of 7 minus 5 x plus 8 close parentheses" class="Wirisformula" data-mathml="«math xmlns=¨http://www.w3.org/1998/Math/MathML¨»«mi»f«/mi»«mfenced»«mi»x«/mi»«/mfenced»«mo»=«/mo»«mn»2«/mn»«msup»«mfenced»«mrow»«mi»x«/mi»«mo»+«/mo»«mi»h«/mi»«/mrow»«/mfenced»«mn»7«/mn»«/msup»«mo»-«/mo»«mn»5«/mn»«mfenced»«mrow»«mi»x«/mi»«mo»+«/mo»«mi»h«/mi»«/mrow»«/mfenced»«mo»+«/mo»«mn»8«/mn»«mo»-«/mo»«mfenced»«mrow»«mn»2«/mn»«msup»«mi»x«/mi»«mn»7«/mn»«/msup»«mo»-«/mo»«mn»5«/mn»«mi»x«/mi»«mo»+«/mo»«mn»8«/mn»«/mrow»«/mfenced»«/math»" src="csfiles/home_dir/JMartinBb/Math Images/833909b45b5b6c29b04abf82a202e686.png"&gt;&lt;/p&gt;</mattext></material></flow_mat></response_label></flow_label><flow_label class="Block"><response_label ident="QUES_42756906_42760987_A130832718"><flow_mat><material><mattext texttype="text/html">&lt;p&gt;&lt;img align="middle" alt="f open parentheses x close parentheses equals 14 x to the power of 7 minus 5" class="Wirisformula" data-mathml="«math xmlns=¨http://www.w3.org/1998/Math/MathML¨»«mi»f«/mi»«mfenced»«mi»x«/mi»«/mfenced»«mo»=«/mo»«mn»14«/mn»«msup»«mi»x«/mi»«mn»7«/mn»«/msup»«mo»-«/mo»«mn»5«/mn»«/math»" src="csfiles/home_dir/JMartinBb/Math Images/a752a4571406aeeff03880f51c48acb8.png"&gt;&lt;/p&gt;</mattext></material></flow_mat></response_label></flow_label><flow_label class="Block"><response_label ident="QUES_42756906_42760987_A130832719"><flow_mat><material><mattext texttype="text/html">&lt;p&gt;&lt;img align="middle" alt="f open parentheses x close parentheses equals 2 x to the power of 7 minus 5 x plus 8" class="Wirisformula" data-mathml="«math xmlns=¨http://www.w3.org/1998/Math/MathML¨»«mi»f«/mi»«mfenced»«mi»x«/mi»«/mfenced»«mo»=«/mo»«mn»2«/mn»«msup»«mi»x«/mi»«mn»7«/mn»«/msup»«mo»-«/mo»«mn»5«/mn»«mi»x«/mi»«mo»+«/mo»«mn»8«/mn»«/math»" src="csfiles/home_dir/JMartinBb/Math Images/280123a8b87193457d9728ebe15f0e0c.png"&gt;&lt;/p&gt;</mattext></material></flow_mat></response_label></flow_label><flow_label class="Block"><response_label ident="QUES_42756906_42760987_A130832720"><flow_mat><material><mattext texttype="text/html">&lt;p&gt;&lt;img align="middle" alt="f open parentheses x close parentheses equals fraction numerator 2 open parentheses x plus h close parentheses to the power of 7 minus 5 open parentheses x plus h close parentheses plus 8 minus open parentheses 2 x to the power of 7 minus 5 x plus 8 close parentheses over denominator h end fraction" class="Wirisformula" data-mathml="«math xmlns=¨http://www.w3.org/1998/Math/MathML¨»«mi»f«/mi»«mfenced»«mi»x«/mi»«/mfenced»«mo»=«/mo»«mfrac»«mrow»«mn»2«/mn»«msup»«mfenced»«mrow»«mi»x«/mi»«mo»+«/mo»«mi»h«/mi»«/mrow»«/mfenced»«mn»7«/mn»«/msup»«mo»-«/mo»«mn»5«/mn»«mfenced»«mrow»«mi»x«/mi»«mo»+«/mo»«mi»h«/mi»«/mrow»«/mfenced»«mo»+«/mo»«mn»8«/mn»«mo»-«/mo»«mfenced»«mrow»«mn»2«/mn»«msup»«mi»x«/mi»«mn»7«/mn»«/msup»«mo»-«/mo»«mn»5«/mn»«mi»x«/mi»«mo»+«/mo»«mn»8«/mn»«/mrow»«/mfenced»«/mrow»«mi»h«/mi»«/mfrac»«/math»" src="csfiles/home_dir/JMartinBb/Math Images/281d8abcb8c55d106d6e2d8935162af5.png"&gt;&lt;/p&gt;</mattext></material></flow_mat></response_label></flow_label></render_choice></response_lid></flow></presentation><resprocessing><respcondition title="Response Condition 1"><conditionvar><varequal respident="QUES_42756906_42760987_LID">QUES_42756906_42760987_A130832716</varequal></conditionvar><setvar action="Set">0.000000000</setvar><displayfeedback feedbacktype="Response" linkrefid="QUES_42756906_42760987_IF130832716" /></respcondition><respcondition title="Response Condition 2"><conditionvar><varequal respident="QUES_42756906_42760987_LID">QUES_42756906_42760987_A130832717</varequal></conditionvar><setvar action="Set">0.000000000</setvar><displayfeedback feedbacktype="Response" linkrefid="QUES_42756906_42760987_IF130832717" /></respcondition><respcondition title="Response Condition 3"><conditionvar><varequal respident="QUES_42756906_42760987_LID">QUES_42756906_42760987_A130832718</varequal></conditionvar><setvar action="Set">0.000000000</setvar><displayfeedback feedbacktype="Response" linkrefid="QUES_42756906_42760987_IF130832718" /></respcondition><respcondition title="Response Condition 4"><conditionvar><varequal respident="QUES_42756906_42760987_LID">QUES_42756906_42760987_A130832719</varequal></conditionvar><setvar action="Set">100.000000000</setvar><displayfeedback feedbacktype="Response" linkrefid="QUES_42756906_42760987_IF130832719" /></respcondition><respcondition title="Response Condition 5"><conditionvar><varequal respident="QUES_42756906_42760987_LID">QUES_42756906_42760987_A130832720</varequal></conditionvar><setvar action="Set">0.000000000</setvar><displayfeedback feedbacktype="Response" linkrefid="QUES_42756906_42760987_IF130832720" /></respcondition></resprocessing><itemfeedback ident="QUES_42756906_42760987_IF130832716"><material><mattext texttype="text/plain" /></material></itemfeedback><itemfeedback ident="QUES_42756906_42760987_IF130832717"><material><mattext texttype="text/plain" /></material></itemfeedback><itemfeedback ident="QUES_42756906_42760987_IF130832718"><material><mattext texttype="text/plain" /></material></itemfeedback><itemfeedback ident="QUES_42756906_42760987_IF130832719"><material><mattext texttype="text/plain" /></material></itemfeedback><itemfeedback ident="QUES_42756906_42760987_IF130832720"><material><mattext texttype="text/plain" /></material></itemfeedback></item><item ident="OBJ_1651100" label="QUES_42756907_42760988" d2l_2p0:page="1"><itemmetadata><qtimetadata><qti_metadatafield><fieldlabel>qmd_computerscored</fieldlabel><fieldentry>yes</fieldentry></qti_metadatafield><qti_metadatafield><fieldlabel>qmd_questiontype</fieldlabel><fieldentry>Multiple Choice</fieldentry></qti_metadatafield><qti_metadatafield><fieldlabel>qmd_weighting</fieldlabel><fieldentry>1.000000000</fieldentry></qti_metadatafield><qti_metadatafield><fieldlabel>qmd_globalid</fieldlabel><fieldentry>1977c25a-5981-480c-a3a5-c4807445e780</fieldentry></qti_metadatafield><qti_metadatafield><fieldlabel>qmd_displayid</fieldlabel><fieldentry>Sample Course-74106</fieldentry></qti_metadatafield></qtimetadata></itemmetadata><itemproc_extension><d2l_2p0:difficulty>3</d2l_2p0:difficulty><d2l_2p0:isbonus>no</d2l_2p0:isbonus><d2l_2p0:ismandatory>yes</d2l_2p0:ismandatory></itemproc_extension><presentation><flow><material><mattext texttype="text/html">&lt;p&gt;&lt;span style="font-size: 14pt; font-family: 'Avenir Next', sans-serif; color: #292b2c; background-image: initial; background-position: initial; background-size: initial; background-repeat: initial; background-attachment: initial; background-origin: initial; background-clip: initial;"&gt;Which of the following statements represent the meaning of&amp;nbsp;&lt;img align="middle" alt="f apostrophe open parentheses 4.2 close parentheses equals 1.7" class="Wirisformula" data-mathml="«math xmlns=¨http://www.w3.org/1998/Math/MathML¨»«mi»f«/mi»«mo»`«/mo»«mfenced»«mrow»«mn»4«/mn»«mo».«/mo»«mn»2«/mn»«/mrow»«/mfenced»«mo»=«/mo»«mn»1«/mn»«mo».«/mo»«mn»7«/mn»«/math»" src="csfiles/home_dir/JMartinBb_ImportedContent_20200715080913__xid-14753984_1/Math Images__xid-14753985_1/0ff9fe9e06cb5984e22c1b781f6f159a__xid-14753988_1.png"&gt;?&lt;/span&gt;&lt;/p&gt;  &lt;ol style="list-style-type: upper-roman;"&gt;   &lt;li&gt;&lt;span style="font-size: 14pt; font-family: 'Avenir Next', sans-serif; color: #292b2c; background-image: initial; background-position: initial; background-size: initial; background-repeat: initial; background-attachment: initial; background-origin: initial; background-clip: initial;"&gt;The slope of the line tangent to the graph of&amp;nbsp;&lt;img align="middle" alt="y equals f open parentheses x close parentheses" class="Wirisformula" data-mathml="«math xmlns=¨http://www.w3.org/1998/Math/MathML¨»«mi»y«/mi»«mo»=«/mo»«mi»f«/mi»«mfenced»«mi»x«/mi»«/mfenced»«/math»" src="csfiles/home_dir/JMartinBb_ImportedContent_20200715080913__xid-14753984_1/Math Images__xid-14753985_1/0b9e38f36202288ad6a6ba18e99a69b5__xid-14754001_1.png"&gt;&amp;nbsp;at&amp;nbsp;&lt;img align="middle" alt="x equals 4.2" class="Wirisformula" data-mathml="«math xmlns=¨http://www.w3.org/1998/Math/MathML¨»«mi»x«/mi»«mo»=«/mo»«mn»4«/mn»«mo».«/mo»«mn»2«/mn»«/math»" src="csfiles/home_dir/JMartinBb_ImportedContent_20200715080913__xid-14753984_1/Math Images__xid-14753985_1/4e646617e768bc567ee23ba6a2218559__xid-14754003_1.png"&gt;&amp;nbsp;is&amp;nbsp;&lt;img align="middle" alt="1.7" class="Wirisformula" data-mathml="«math xmlns=¨http://www.w3.org/1998/Math/MathML¨»«mn»1«/mn»«mo».«/mo»«mn»7«/mn»«/math»" src="csfiles/home_dir/JMartinBb_ImportedContent_20200715080913__xid-14753984_1/Math Images__xid-14753985_1/fc74ed30e4bc0b88fcb3befedb50132f__xid-14754005_1.png"&gt;.&lt;/span&gt;&lt;/li&gt;   &lt;li&gt;&lt;span style="font-size: 14pt; font-family: 'Avenir Next', sans-serif; color: #292b2c; background-image: initial; background-position: initial; background-size: initial; background-repeat: initial; background-attachment: initial; background-origin: initial; background-clip: initial;"&gt;As&amp;nbsp;&lt;img align="middle" alt="x" class="Wirisformula" data-mathml="«math xmlns=¨http://www.w3.org/1998/Math/MathML¨»«mi»x«/mi»«/math»" src="csfiles/home_dir/JMartinBb_ImportedContent_20200715080913__xid-14753984_1/Math Images__xid-14753985_1/0906011f3a5875232c2aad39e52caca7__xid-14753995_1.png"&gt;&amp;nbsp;increases by&amp;nbsp;&lt;img align="middle" alt="1" class="Wirisformula" data-mathml="«math xmlns=¨http://www.w3.org/1998/Math/MathML¨»«mn»1«/mn»«/math»" src="csfiles/home_dir/JMartinBb_ImportedContent_20200715080913__xid-14753984_1/Math Images__xid-14753985_1/a420e81229899f17233e24ae04243330__xid-14753994_1.png"&gt;&amp;nbsp;from&amp;nbsp;&lt;img align="middle" alt="x equals 4.2" class="Wirisformula" data-mathml="«math xmlns=¨http://www.w3.org/1998/Math/MathML¨»«mi»x«/mi»«mo»=«/mo»«mn»4«/mn»«mo».«/mo»«mn»2«/mn»«/math»" src="csfiles/home_dir/JMartinBb_ImportedContent_20200715080913__xid-14753984_1/Math Images__xid-14753985_1/4e646617e768bc567ee23ba6a2218559(1)__xid-14753998_1.png"&gt;,&amp;nbsp;&lt;img align="middle" alt="f open parentheses x close parentheses" class="Wirisformula" data-mathml="«math xmlns=¨http://www.w3.org/1998/Math/MathML¨»«mi»f«/mi»«mfenced»«mi»x«/mi»«/mfenced»«/math»" src="csfiles/home_dir/JMartinBb_ImportedContent_20200715080913__xid-14753984_1/Math Images__xid-14753985_1/93bb48e8b5c04a99f18c2495008c0552__xid-14754006_1.png"&gt;&amp;nbsp;increases by&amp;nbsp;&lt;img align="middle" alt="1.7" class="Wirisformula" data-mathml="«math xmlns=¨http://www.w3.org/1998/Math/MathML¨»«mn»1«/mn»«mo».«/mo»«mn»7«/mn»«/math»" src="csfiles/home_dir/JMartinBb_ImportedContent_20200715080913__xid-14753984_1/Math Images__xid-14753985_1/fc74ed30e4bc0b88fcb3befedb50132f(3)__xid-14753993_1.png"&gt;.&lt;/span&gt;&lt;/li&gt;   &lt;li&gt;&lt;span style="font-size: 14pt; font-family: 'Avenir Next', sans-serif; color: #292b2c; background-image: initial; background-position: initial; background-size: initial; background-repeat: initial; background-attachment: initial; background-origin: initial; background-clip: initial;"&gt;&lt;/span&gt;&lt;span style="font-size: 14pt; font-family: 'Avenir Next', sans-serif; color: #292b2c; background-image: initial; background-position: initial; background-size: initial; background-repeat: initial; background-attachment: initial; background-origin: initial; background-clip: initial;"&gt;The limiting value of the average rate of change of &lt;img align="middle" alt="f" class="Wirisformula" data-mathml="«math xmlns=¨http://www.w3.org/1998/Math/MathML¨»«mi»f«/mi»«/math»" src="csfiles/home_dir/JMartinBb_ImportedContent_20200715080913__xid-14753984_1/Math Images__xid-14753985_1/e74677a41edb7b76a823e253378fbc2e(2)__xid-14753986_1.png"&gt;&amp;nbsp;over the interval&amp;nbsp;&lt;img align="middle" alt="open square brackets 4.2 comma space 4.2 plus increment x close square brackets" class="Wirisformula" data-mathml="«math xmlns=¨http://www.w3.org/1998/Math/MathML¨»«mfenced open=¨[¨ close=¨]¨»«mrow»«mn»4«/mn»«mo».«/mo»«mn»2«/mn»«mo»,«/mo»«mo»§#160;«/mo»«mn»4«/mn»«mo».«/mo»«mn»2«/mn»«mo»+«/mo»«mo»§#8710;«/mo»«mi»x«/mi»«/mrow»«/mfenced»«/math»" src="csfiles/home_dir/JMartinBb_ImportedContent_20200715080913__xid-14753984_1/Math Images__xid-14753985_1/8b832080650c9253dc9b9566d2a60f27__xid-14753992_1.png"&gt;&amp;nbsp;as&amp;nbsp;&lt;img align="middle" alt="increment x" class="Wirisformula" data-mathml="«math xmlns=¨http://www.w3.org/1998/Math/MathML¨»«mo»§#8710;«/mo»«mi»x«/mi»«/math»" src="csfiles/home_dir/JMartinBb_ImportedContent_20200715080913__xid-14753984_1/Math Images__xid-14753985_1/d3f91027daf414934927554564cce60c__xid-14754002_1.png"&gt;&amp;nbsp;approaches zero is&amp;nbsp;&lt;img align="middle" alt="1.7" class="Wirisformula" data-mathml="«math xmlns=¨http://www.w3.org/1998/Math/MathML¨»«mn»1«/mn»«mo».«/mo»«mn»7«/mn»«/math»" src="csfiles/home_dir/JMartinBb/Math Images/fc74ed30e4bc0b88fcb3befedb50132f(3).png"&gt;.&lt;span style="color: #292b2c; font-family: 'Avenir Next', sans-serif; font-size: 18.6667px; font-style: normal; font-variant-ligatures: normal; font-variant-caps: normal; font-weight: 400; letter-spacing: normal; orphans: 2; text-align: left; text-indent: 0px; text-transform: none; white-space: normal; widows: 2; word-spacing: 0px; -webkit-text-stroke-width: 0px; background-color: #ffffff; text-decoration-style: initial; text-decoration-color: initial; display: inline !important; float: none;"&gt;&lt;br&gt;&lt;/span&gt;&lt;/span&gt;&lt;/li&gt;  &lt;/ol&gt;</mattext></material><response_extension><d2l_2p0:display_style>2</d2l_2p0:display_style><d2l_2p0:enumeration>6</d2l_2p0:enumeration><d2l_2p0:grading_type>0</d2l_2p0:grading_type></response_extension><response_lid ident="QUES_42756907_42760988_LID" rcardinality="Single"><render_choice shuffle="no"><flow_label class="Block"><response_label ident="QUES_42756907_42760988_A130832721"><flow_mat><material><mattext texttype="text/html">&lt;p&gt;&lt;span style="font-size: 14.0pt; font-family: 'Avenir Next',sans-serif;"&gt;I.&amp;nbsp;only&lt;/span&gt;&lt;/p&gt;</mattext></material></flow_mat></response_label></flow_label><flow_label class="Block"><response_label ident="QUES_42756907_42760988_A130832722"><flow_mat><material><mattext texttype="text/html">&lt;p&gt;&lt;span style="font-size: 14.0pt; font-family: 'Avenir Next',sans-serif;"&gt;II.&amp;nbsp;only&lt;/span&gt;&lt;/p&gt;</mattext></material></flow_mat></response_label></flow_label><flow_label class="Block"><response_label ident="QUES_42756907_42760988_A130832723"><flow_mat><material><mattext texttype="text/html">&lt;p&gt;&lt;span style="font-size: 14.0pt; font-family: 'Avenir Next',sans-serif;"&gt;III. only&lt;/span&gt;&lt;/p&gt;</mattext></material></flow_mat></response_label></flow_label><flow_label class="Block"><response_label ident="QUES_42756907_42760988_A130832724"><flow_mat><material><mattext texttype="text/html">&lt;p&gt;&lt;span style="font-size: 14.0pt; font-family: 'Avenir Next',sans-serif;"&gt;I.&amp;nbsp;and II.&amp;nbsp;only&lt;/span&gt;&lt;/p&gt;</mattext></material></flow_mat></response_label></flow_label><flow_label class="Block"><response_label ident="QUES_42756907_42760988_A130832725"><flow_mat><material><mattext texttype="text/html">&lt;p&gt;&lt;span style="font-size: 14.0pt; font-family: 'Avenir Next',sans-serif;"&gt;I. and III. only&lt;/span&gt;&lt;/p&gt;</mattext></material></flow_mat></response_label></flow_label><flow_label class="Block"><response_label ident="QUES_42756907_42760988_A130832726"><flow_mat><material><mattext texttype="text/html">&lt;p&gt;&lt;span style="color: #000000; font-family: 'Avenir Next', sans-serif; font-size: 18.6667px; font-style: normal; font-variant-ligatures: normal; font-variant-caps: normal; font-weight: 400; letter-spacing: normal; orphans: 2; text-align: start; text-indent: 0px; text-transform: none; white-space: normal; widows: 2; word-spacing: 0px; -webkit-text-stroke-width: 0px; text-decoration-style: initial; text-decoration-color: initial; float: none; display: inline !important;"&gt;I.,&amp;nbsp;II.,&amp;nbsp;and III.&lt;/span&gt;&lt;span style="color: #000000; font-family: 'Avenir Next', sans-serif; font-size: 18.6667px; font-style: normal; font-variant-ligatures: normal; font-variant-caps: normal; font-weight: 400; letter-spacing: normal; orphans: 2; text-align: start; text-indent: 0px; text-transform: none; white-space: normal; widows: 2; word-spacing: 0px; -webkit-text-stroke-width: 0px; background-color: #ffffff; text-decoration-style: initial; text-decoration-color: initial; display: inline !important; float: none;"&gt;&lt;br&gt;&lt;/span&gt;&lt;/p&gt;</mattext></material></flow_mat></response_label></flow_label></render_choice></response_lid></flow></presentation><resprocessing><respcondition title="Response Condition 1"><conditionvar><varequal respident="QUES_42756907_42760988_LID">QUES_42756907_42760988_A130832721</varequal></conditionvar><setvar action="Set">0.000000000</setvar><displayfeedback feedbacktype="Response" linkrefid="QUES_42756907_42760988_IF130832721" /></respcondition><respcondition title="Response Condition 2"><conditionvar><varequal respident="QUES_42756907_42760988_LID">QUES_42756907_42760988_A130832722</varequal></conditionvar><setvar action="Set">0.000000000</setvar><displayfeedback feedbacktype="Response" linkrefid="QUES_42756907_42760988_IF130832722" /></respcondition><respcondition title="Response Condition 3"><conditionvar><varequal respident="QUES_42756907_42760988_LID">QUES_42756907_42760988_A130832723</varequal></conditionvar><setvar action="Set">0.000000000</setvar><displayfeedback feedbacktype="Response" linkrefid="QUES_42756907_42760988_IF130832723" /></respcondition><respcondition title="Response Condition 4"><conditionvar><varequal respident="QUES_42756907_42760988_LID">QUES_42756907_42760988_A130832724</varequal></conditionvar><setvar action="Set">0.000000000</setvar><displayfeedback feedbacktype="Response" linkrefid="QUES_42756907_42760988_IF130832724" /></respcondition><respcondition title="Response Condition 5"><conditionvar><varequal respident="QUES_42756907_42760988_LID">QUES_42756907_42760988_A130832725</varequal></conditionvar><setvar action="Set">100.000000000</setvar><displayfeedback feedbacktype="Response" linkrefid="QUES_42756907_42760988_IF130832725" /></respcondition><respcondition title="Response Condition 6"><conditionvar><varequal respident="QUES_42756907_42760988_LID">QUES_42756907_42760988_A130832726</varequal></conditionvar><setvar action="Set">0.000000000</setvar><displayfeedback feedbacktype="Response" linkrefid="QUES_42756907_42760988_IF130832726" /></respcondition></resprocessing><itemfeedback ident="QUES_42756907_42760988_IF130832721"><material><mattext texttype="text/plain" /></material></itemfeedback><itemfeedback ident="QUES_42756907_42760988_IF130832722"><material><mattext texttype="text/plain" /></material></itemfeedback><itemfeedback ident="QUES_42756907_42760988_IF130832723"><material><mattext texttype="text/plain" /></material></itemfeedback><itemfeedback ident="QUES_42756907_42760988_IF130832724"><material><mattext texttype="text/plain" /></material></itemfeedback><itemfeedback ident="QUES_42756907_42760988_IF130832725"><material><mattext texttype="text/plain" /></material></itemfeedback><itemfeedback ident="QUES_42756907_42760988_IF130832726"><material><mattext texttype="text/plain" /></material></itemfeedback></item></section></assessment></questestinterop>