﻿<?xml version="1.0" encoding="UTF-8"?><questestinterop xmlns:d2l_2p0="http://desire2learn.com/xsd/d2lcp_v2p0"><assessment d2l_2p0:id="433" title="Average Rate of Change PostVideo Questions" ident="res_quiz_122388" d2l_2p0:resource_code="ef9e56cc46d3486a98963923-113"><rubric><flow_mat><material><mattext d2l_2p0:isdisplayed="no" texttype="text/html" /></material></flow_mat></rubric><assessmentcontrol hintswitch="no" solutionswitch="yes" feedbackswitch="no" /><presentation_material><flow_mat><material label="page header"><mattext d2l_2p0:isdisplayed="no" texttype="text/html" /></material><material label="page footer"><mattext d2l_2p0:isdisplayed="no" texttype="text/html" /></material></flow_mat></presentation_material><assess_procextension><d2l_2p0:intro_message d2l_2p0:isdisplayed="yes" texttype="text/html">Respondus</d2l_2p0:intro_message><d2l_2p0:disable_right_click>no</d2l_2p0:disable_right_click><d2l_2p0:disable_pager_access>no</d2l_2p0:disable_pager_access><is_active>yes</is_active><d2l_2p0:date_start /><d2l_2p0:date_end /><d2l_2p0:date_due /><d2l_2p0:has_schedule_event>no</d2l_2p0:has_schedule_event><d2l_2p0:is_attempt_Rldb>no</d2l_2p0:is_attempt_Rldb><d2l_2p0:is_subview_Rldb>no</d2l_2p0:is_subview_Rldb><d2l_2p0:time_limit>120</d2l_2p0:time_limit><d2l_2p0:show_clock>yes</d2l_2p0:show_clock><d2l_2p0:enforce_time_limit>yes</d2l_2p0:enforce_time_limit><d2l_2p0:grace_period>5</d2l_2p0:grace_period><d2l_2p0:late_limit>0</d2l_2p0:late_limit><d2l_2p0:attempts_allowed>3</d2l_2p0:attempts_allowed><d2l_2p0:attempt_restrictions /><d2l_2p0:mark_calculation_type>1</d2l_2p0:mark_calculation_type><d2l_2p0:is_forward_only>no</d2l_2p0:is_forward_only></assess_procextension><assessfeedback title=""><rubric><flow_mat><material><mattext texttype="yes">Your quiz has been submitted successfully.</mattext></material></flow_mat></rubric><d2l_2p0:duration>0</d2l_2p0:duration><d2l_2p0:response_display_type_id>1</d2l_2p0:response_display_type_id><d2l_2p0:show_correct_answers>no</d2l_2p0:show_correct_answers><d2l_2p0:submission_restrictip>no</d2l_2p0:submission_restrictip><d2l_2p0:show_class_average>no</d2l_2p0:show_class_average><d2l_2p0:show_score_distribution>no</d2l_2p0:show_score_distribution></assessfeedback><section ident="CONTAINER_SECTION"><item ident="OBJ_1651126" label="QUES_42756933_42761014" d2l_2p0:page="1"><itemmetadata><qtimetadata><qti_metadatafield><fieldlabel>qmd_computerscored</fieldlabel><fieldentry>yes</fieldentry></qti_metadatafield><qti_metadatafield><fieldlabel>qmd_questiontype</fieldlabel><fieldentry>Multiple Choice</fieldentry></qti_metadatafield><qti_metadatafield><fieldlabel>qmd_weighting</fieldlabel><fieldentry>1.000000000</fieldentry></qti_metadatafield><qti_metadatafield><fieldlabel>qmd_globalid</fieldlabel><fieldentry>2f595fec-70e9-46f5-beee-b5fecc2e53ec</fieldentry></qti_metadatafield><qti_metadatafield><fieldlabel>qmd_displayid</fieldlabel><fieldentry>Sample Course-74132</fieldentry></qti_metadatafield></qtimetadata></itemmetadata><itemproc_extension><d2l_2p0:difficulty>3</d2l_2p0:difficulty><d2l_2p0:isbonus>no</d2l_2p0:isbonus><d2l_2p0:ismandatory>yes</d2l_2p0:ismandatory></itemproc_extension><presentation><flow><material><mattext texttype="text/html">&lt;!--RsQ_001--&gt;&lt;span style="font-family:'Arial'; color:#000000;"&gt;&lt;span style="font-size: 14.0pt; font-family: 'Avenir Next',sans-serif;"&gt;&lt;/span&gt;&lt;span style="font-family:'Arial';"&gt;An object is moving forward along a straight line. The distance the object travels (in meters) from its starting position &lt;/span&gt;&lt;span style="font-family:'Arial';"&gt;&lt;i&gt;t &lt;/i&gt;&lt;/span&gt;&lt;span style="font-family:'Arial';"&gt;seconds after it started moving is given by &lt;/span&gt;&lt;span style="font-family:'Arial'; color:#000000;"&gt;&lt;IMG src="ppg/respondus/Avg_Rate_of_Change_Post_BB_Test/83f17b8c2a451ca43bd4f3de451e80b6__xid14753684_1.png" alt="" align="bottom" border=0&gt;&lt;/span&gt;&lt;span style="font-family:'Arial';"&gt;. Determine the average velocity of the object over the interval from &lt;/span&gt;&lt;span style="font-family:'Arial';"&gt;&lt;i&gt;t&lt;/i&gt;&lt;/span&gt;&lt;span style="font-family:'Arial';"&gt;=4 to &lt;/span&gt;&lt;span style="font-family:'Arial';"&gt;&lt;i&gt;t&lt;/i&gt;&lt;/span&gt;&lt;span style="font-family:'Arial';"&gt;=9. &lt;/span&gt;</mattext></material><response_extension><d2l_2p0:display_style>2</d2l_2p0:display_style><d2l_2p0:enumeration>6</d2l_2p0:enumeration><d2l_2p0:grading_type>0</d2l_2p0:grading_type></response_extension><response_lid ident="QUES_42756933_42761014_LID" rcardinality="Single"><render_choice shuffle="no"><flow_label class="Block"><response_label ident="QUES_42756933_42761014_A130832873"><flow_mat><material><mattext texttype="text/html">&lt;p&gt;&lt;span style="font-size: medium;"&gt;0 m/s&lt;/span&gt;&lt;/p&gt;</mattext></material></flow_mat></response_label></flow_label><flow_label class="Block"><response_label ident="QUES_42756933_42761014_A130832874"><flow_mat><material><mattext texttype="text/html">&lt;p&gt;&lt;span style="font-size: medium;"&gt;4 m/s&lt;br&gt;&lt;/span&gt;&lt;/p&gt;</mattext></material></flow_mat></response_label></flow_label><flow_label class="Block"><response_label ident="QUES_42756933_42761014_A130832875"><flow_mat><material><mattext texttype="text/html">&lt;p&gt;&lt;span style="font-size: medium;"&gt;6 m/s&lt;/span&gt;&lt;/p&gt;</mattext></material></flow_mat></response_label></flow_label><flow_label class="Block"><response_label ident="QUES_42756933_42761014_A130832876"><flow_mat><material><mattext texttype="text/html">&lt;p&gt;&lt;span style="font-size: medium;"&gt;&lt;IMG src="ppg/respondus/Avg_Rate_of_Change_Post_BB_Test/aea66fd92b393fdb050e107923b26eb0__xid14753681_1.png" alt="" align="bottom" border=0&gt;&amp;nbsp;m/s&lt;/span&gt;&lt;/p&gt;</mattext></material></flow_mat></response_label></flow_label><flow_label class="Block"><response_label ident="QUES_42756933_42761014_A130832877"><flow_mat><material><mattext texttype="text/html">&lt;p&gt;&lt;span style="color: #000000; font-family: 'Open Sans', sans-serif; font-size: medium; font-style: normal; font-variant-ligatures: normal; font-variant-caps: normal; font-weight: 400; letter-spacing: normal; orphans: 2; text-align: start; text-indent: 0px; text-transform: none; white-space: normal; widows: 2; word-spacing: 0px; -webkit-text-stroke-width: 0px; text-decoration-style: initial; text-decoration-color: initial; float: none; display: inline !important;"&gt;&lt;IMG src="ppg/respondus/Avg_Rate_of_Change_Post_BB_Test/4ccfd4355d9fd1ad167d6f1872fdb5e3__xid14753685_1.png" alt="" align="bottom" border=0&gt;&amp;nbsp;m/s&lt;/span&gt;&lt;/p&gt;</mattext></material></flow_mat></response_label></flow_label><flow_label class="Block"><response_label ident="QUES_42756933_42761014_A130832878"><flow_mat><material><mattext texttype="text/html">&lt;p&gt;&lt;span style="color: #000000; font-family: 'Open Sans', sans-serif; font-size: medium; font-style: normal; font-variant-ligatures: normal; font-variant-caps: normal; font-weight: 400; letter-spacing: normal; orphans: 2; text-align: start; text-indent: 0px; text-transform: none; white-space: normal; widows: 2; word-spacing: 0px; -webkit-text-stroke-width: 0px; text-decoration-style: initial; text-decoration-color: initial; float: none; display: inline !important;"&gt;&lt;IMG src="ppg/respondus/Avg_Rate_of_Change_Post_BB_Test/87ab5626a3c710a6bf86bc611aa7d458__xid14753683_1.png" alt="" align="bottom" border=0&gt;&amp;nbsp;m/s&lt;/span&gt;&lt;/p&gt;</mattext></material></flow_mat></response_label></flow_label><flow_label class="Block"><response_label ident="QUES_42756933_42761014_A130832879"><flow_mat><material><mattext texttype="text/html">&lt;p&gt;&lt;span style="color: #000000; font-family: 'Open Sans', sans-serif; font-size: medium; font-style: normal; font-variant-ligatures: normal; font-variant-caps: normal; font-weight: 400; letter-spacing: normal; orphans: 2; text-align: start; text-indent: 0px; text-transform: none; white-space: normal; widows: 2; word-spacing: 0px; -webkit-text-stroke-width: 0px; text-decoration-style: initial; text-decoration-color: initial; float: none; display: inline !important;"&gt;&lt;IMG src="ppg/respondus/Avg_Rate_of_Change_Post_BB_Test/e669a6d8dd8fa8d72bdcb2032d96f023__xid14753682_1.png" alt="" align="bottom" border=0&gt;&amp;nbsp;m/s&lt;/span&gt;&lt;/p&gt;</mattext></material></flow_mat></response_label></flow_label><flow_label class="Block"><response_label ident="QUES_42756933_42761014_A130832880"><flow_mat><material><mattext texttype="text/html">&lt;span style="font-family:'Arial';"&gt;1 m/s&lt;/span&gt;</mattext></material></flow_mat></response_label></flow_label></render_choice></response_lid></flow></presentation><resprocessing><respcondition title="Response Condition 1"><conditionvar><varequal respident="QUES_42756933_42761014_LID">QUES_42756933_42761014_A130832873</varequal></conditionvar><setvar action="Set">0.000000000</setvar><displayfeedback feedbacktype="Response" linkrefid="QUES_42756933_42761014_IF130832873" /></respcondition><respcondition title="Response Condition 2"><conditionvar><varequal respident="QUES_42756933_42761014_LID">QUES_42756933_42761014_A130832874</varequal></conditionvar><setvar action="Set">0.000000000</setvar><displayfeedback feedbacktype="Response" linkrefid="QUES_42756933_42761014_IF130832874" /></respcondition><respcondition title="Response Condition 3"><conditionvar><varequal respident="QUES_42756933_42761014_LID">QUES_42756933_42761014_A130832875</varequal></conditionvar><setvar action="Set">0.000000000</setvar><displayfeedback feedbacktype="Response" linkrefid="QUES_42756933_42761014_IF130832875" /></respcondition><respcondition title="Response Condition 4"><conditionvar><varequal respident="QUES_42756933_42761014_LID">QUES_42756933_42761014_A130832876</varequal></conditionvar><setvar action="Set">100.000000000</setvar><displayfeedback feedbacktype="Response" linkrefid="QUES_42756933_42761014_IF130832876" /></respcondition><respcondition title="Response Condition 5"><conditionvar><varequal respident="QUES_42756933_42761014_LID">QUES_42756933_42761014_A130832877</varequal></conditionvar><setvar action="Set">0.000000000</setvar><displayfeedback feedbacktype="Response" linkrefid="QUES_42756933_42761014_IF130832877" /></respcondition><respcondition title="Response Condition 6"><conditionvar><varequal respident="QUES_42756933_42761014_LID">QUES_42756933_42761014_A130832878</varequal></conditionvar><setvar action="Set">0.000000000</setvar><displayfeedback feedbacktype="Response" linkrefid="QUES_42756933_42761014_IF130832878" /></respcondition><respcondition title="Response Condition 7"><conditionvar><varequal respident="QUES_42756933_42761014_LID">QUES_42756933_42761014_A130832879</varequal></conditionvar><setvar action="Set">0.000000000</setvar><displayfeedback feedbacktype="Response" linkrefid="QUES_42756933_42761014_IF130832879" /></respcondition><respcondition title="Response Condition 8"><conditionvar><varequal respident="QUES_42756933_42761014_LID">QUES_42756933_42761014_A130832880</varequal></conditionvar><setvar action="Set">0.000000000</setvar><displayfeedback feedbacktype="Response" linkrefid="QUES_42756933_42761014_IF130832880" /></respcondition></resprocessing><itemfeedback ident="QUES_42756933_42761014_IF130832873"><material><mattext texttype="text/plain" /></material></itemfeedback><itemfeedback ident="QUES_42756933_42761014_IF130832874"><material><mattext texttype="text/plain" /></material></itemfeedback><itemfeedback ident="QUES_42756933_42761014_IF130832875"><material><mattext texttype="text/plain" /></material></itemfeedback><itemfeedback ident="QUES_42756933_42761014_IF130832876"><material><mattext texttype="text/plain" /></material></itemfeedback><itemfeedback ident="QUES_42756933_42761014_IF130832877"><material><mattext texttype="text/plain" /></material></itemfeedback><itemfeedback ident="QUES_42756933_42761014_IF130832878"><material><mattext texttype="text/plain" /></material></itemfeedback><itemfeedback ident="QUES_42756933_42761014_IF130832879"><material><mattext texttype="text/plain" /></material></itemfeedback><itemfeedback ident="QUES_42756933_42761014_IF130832880"><material><mattext texttype="text/plain" /></material></itemfeedback></item><item ident="OBJ_1651127" label="QUES_42756934_42761015" d2l_2p0:page="1"><itemmetadata><qtimetadata><qti_metadatafield><fieldlabel>qmd_computerscored</fieldlabel><fieldentry>yes</fieldentry></qti_metadatafield><qti_metadatafield><fieldlabel>qmd_questiontype</fieldlabel><fieldentry>Multiple Choice</fieldentry></qti_metadatafield><qti_metadatafield><fieldlabel>qmd_weighting</fieldlabel><fieldentry>1.000000000</fieldentry></qti_metadatafield><qti_metadatafield><fieldlabel>qmd_globalid</fieldlabel><fieldentry>115caceb-e37e-4c32-a03d-31534445f858</fieldentry></qti_metadatafield><qti_metadatafield><fieldlabel>qmd_displayid</fieldlabel><fieldentry>Sample Course-74133</fieldentry></qti_metadatafield></qtimetadata></itemmetadata><itemproc_extension><d2l_2p0:difficulty>3</d2l_2p0:difficulty><d2l_2p0:isbonus>no</d2l_2p0:isbonus><d2l_2p0:ismandatory>yes</d2l_2p0:ismandatory></itemproc_extension><presentation><flow><material><mattext texttype="text/html">&lt;!--RsQ_002--&gt;&lt;p&gt;&lt;span style="font-size: medium; font-family: 'Avenir Next', sans-serif; color: #292b2c; background-image: initial; background-position: initial; background-size: initial; background-repeat: initial; background-attachment: initial; background-origin: initial; background-clip: initial;"&gt;Compare the average rates of change of the function&amp;nbsp;&lt;em&gt;f&lt;/em&gt;, &lt;em&gt;g&lt;/em&gt;, and&amp;nbsp;&lt;em&gt;h&lt;/em&gt; over the interval [2,10].&lt;br&gt;&lt;/span&gt;&lt;/p&gt;  &lt;p&gt;&lt;span style="font-size: medium; font-family: 'Avenir Next', sans-serif; color: #292b2c; background-image: initial; background-position: initial; background-size: initial; background-repeat: initial; background-attachment: initial; background-origin: initial; background-clip: initial;"&gt;&lt;IMG src="ppg/respondus/Avg_Rate_of_Change_Post_BB_Test/screenshot20200506at7.20.47pm__xid14753686_1.png" alt="" align="bottom" border=0&gt;&lt;/span&gt;&lt;/p&gt;</mattext></material><response_extension><d2l_2p0:display_style>2</d2l_2p0:display_style><d2l_2p0:enumeration>6</d2l_2p0:enumeration><d2l_2p0:grading_type>0</d2l_2p0:grading_type></response_extension><response_lid ident="QUES_42756934_42761015_LID" rcardinality="Single"><render_choice shuffle="no"><flow_label class="Block"><response_label ident="QUES_42756934_42761015_A130832881"><flow_mat><material><mattext texttype="text/html">&lt;p&gt;&lt;span style="font-size: medium;"&gt;&lt;em style="font-family: 'Avenir Next', sans-serif; text-shadow: none !important; letter-spacing: normal; margin: 0px; padding: 0px; border: 0px; outline: 0px; font-weight: 400; font-style: italic; font-size: medium; color: #292b2c; font-variant-ligatures: normal; font-variant-caps: normal; orphans: 2; text-align: start; text-indent: 0px; text-transform: none; white-space: normal; widows: 2; word-spacing: 0px; -webkit-text-stroke-width: 0px; background-color: #ffffff; text-decoration-style: initial; text-decoration-color: initial;"&gt;&lt;/em&gt;&lt;em&gt;f&amp;nbsp;&amp;nbsp;&lt;/em&gt;has&amp;nbsp;the largest average rate of change&lt;span style="color: #292b2c; font-family: 'Avenir Next', sans-serif; font-size: medium; font-style: normal; font-variant-ligatures: normal; font-variant-caps: normal; font-weight: 400; letter-spacing: normal; orphans: 2; text-align: start; text-indent: 0px; text-transform: none; white-space: normal; widows: 2; word-spacing: 0px; -webkit-text-stroke-width: 0px; text-decoration-style: initial; text-decoration-color: initial; float: none; display: inline !important;"&gt;&lt;/span&gt;&lt;br&gt;&lt;/span&gt;&lt;/p&gt;</mattext></material></flow_mat></response_label></flow_label><flow_label class="Block"><response_label ident="QUES_42756934_42761015_A130832882"><flow_mat><material><mattext texttype="text/html">&lt;p&gt;&lt;span style="font-size: medium;"&gt;&lt;span style="color: #000000; font-family: 'Open Sans', sans-serif; font-size: medium; font-style: normal; font-variant-ligatures: normal; font-variant-caps: normal; font-weight: 400; letter-spacing: normal; orphans: 2; text-align: start; text-indent: 0px; text-transform: none; white-space: normal; widows: 2; word-spacing: 0px; -webkit-text-stroke-width: 0px; text-decoration-style: initial; text-decoration-color: initial; float: none; display: inline !important;"&gt;&lt;em&gt;g&lt;/em&gt;&amp;nbsp;&lt;/span&gt;&lt;span style="color: #000000; font-family: 'Open Sans', sans-serif; font-size: medium; font-style: normal; font-variant-ligatures: normal; font-variant-caps: normal; font-weight: 400; letter-spacing: normal; orphans: 2; text-align: start; text-indent: 0px; text-transform: none; white-space: normal; widows: 2; word-spacing: 0px; -webkit-text-stroke-width: 0px; text-decoration-style: initial; text-decoration-color: initial; float: none; display: inline !important;"&gt;has the largest average rate of change&lt;/span&gt;&lt;br&gt;&lt;/span&gt;&lt;/p&gt;</mattext></material></flow_mat></response_label></flow_label><flow_label class="Block"><response_label ident="QUES_42756934_42761015_A130832883"><flow_mat><material><mattext texttype="text/html">&lt;p&gt;&lt;span style="font-size: medium;"&gt;&lt;em style="font-family: 'Avenir Next', sans-serif; text-shadow: none !important; letter-spacing: normal; margin: 0px; padding: 0px; border: 0px; outline: 0px; font-weight: 400; font-style: italic; font-size: medium; font-variant-ligatures: normal; font-variant-caps: normal; orphans: 2; text-align: start; text-indent: 0px; text-transform: none; white-space: normal; widows: 2; word-spacing: 0px; -webkit-text-stroke-width: 0px; text-decoration-style: initial; text-decoration-color: initial; color: #292b2c; background-color: #ffffff;"&gt;&lt;/em&gt;&lt;span style="color: #000000; font-family: 'Open Sans', sans-serif; font-size: medium; font-style: normal; font-variant-ligatures: normal; font-variant-caps: normal; font-weight: 400; letter-spacing: normal; orphans: 2; text-align: start; text-indent: 0px; text-transform: none; white-space: normal; widows: 2; word-spacing: 0px; -webkit-text-stroke-width: 0px; text-decoration-style: initial; text-decoration-color: initial; float: none; display: inline !important;"&gt;&lt;em&gt;h&lt;/em&gt; has the largest average rate of change&lt;/span&gt;&lt;/span&gt;&lt;/p&gt;</mattext></material></flow_mat></response_label></flow_label><flow_label class="Block"><response_label ident="QUES_42756934_42761015_A130832884"><flow_mat><material><mattext texttype="text/html">&lt;p&gt;&lt;span style="color: #000000; font-family: 'Open Sans', sans-serif; font-size: medium; font-style: normal; font-variant-ligatures: normal; font-variant-caps: normal; font-weight: 400; letter-spacing: normal; orphans: 2; text-align: start; text-indent: 0px; text-transform: none; white-space: normal; widows: 2; word-spacing: 0px; -webkit-text-stroke-width: 0px; text-decoration-style: initial; text-decoration-color: initial; float: none; display: inline !important;"&gt;&lt;span style="color: #000000; font-family: 'Open Sans', sans-serif; font-size: medium; font-style: normal; font-variant-ligatures: normal; font-variant-caps: normal; font-weight: 400; letter-spacing: normal; orphans: 2; text-align: start; text-indent: 0px; text-transform: none; white-space: normal; widows: 2; word-spacing: 0px; -webkit-text-stroke-width: 0px; text-decoration-style: initial; text-decoration-color: initial; float: none; display: inline !important;"&gt;They have equal average rates of change&lt;/span&gt;&lt;span style="color: #000000; font-family: 'Open Sans', sans-serif; font-size: medium; font-style: normal; font-variant-ligatures: normal; font-variant-caps: normal; font-weight: 400; letter-spacing: normal; orphans: 2; text-align: start; text-indent: 0px; text-transform: none; white-space: normal; widows: 2; word-spacing: 0px; -webkit-text-stroke-width: 0px; background-color: #ffffff; text-decoration-style: initial; text-decoration-color: initial; display: inline !important; float: none;"&gt;&lt;br&gt;&lt;/span&gt;&lt;/span&gt;&lt;/p&gt;</mattext></material></flow_mat></response_label></flow_label><flow_label class="Block"><response_label ident="QUES_42756934_42761015_A130832885"><flow_mat><material><mattext texttype="text/html">&lt;p&gt;&lt;span style="color: #000000; font-family: 'Open Sans', sans-serif; font-size: medium; font-style: normal; font-variant-ligatures: normal; font-variant-caps: normal; font-weight: 400; letter-spacing: normal; orphans: 2; text-align: start; text-indent: 0px; text-transform: none; white-space: normal; widows: 2; word-spacing: 0px; -webkit-text-stroke-width: 0px; text-decoration-style: initial; text-decoration-color: initial; float: none; display: inline !important;"&gt;It is not possible to tell&lt;/span&gt;&lt;/p&gt;</mattext></material></flow_mat></response_label></flow_label></render_choice></response_lid></flow></presentation><resprocessing><respcondition title="Response Condition 1"><conditionvar><varequal respident="QUES_42756934_42761015_LID">QUES_42756934_42761015_A130832881</varequal></conditionvar><setvar action="Set">0.000000000</setvar><displayfeedback feedbacktype="Response" linkrefid="QUES_42756934_42761015_IF130832881" /></respcondition><respcondition title="Response Condition 2"><conditionvar><varequal respident="QUES_42756934_42761015_LID">QUES_42756934_42761015_A130832882</varequal></conditionvar><setvar action="Set">0.000000000</setvar><displayfeedback feedbacktype="Response" linkrefid="QUES_42756934_42761015_IF130832882" /></respcondition><respcondition title="Response Condition 3"><conditionvar><varequal respident="QUES_42756934_42761015_LID">QUES_42756934_42761015_A130832883</varequal></conditionvar><setvar action="Set">0.000000000</setvar><displayfeedback feedbacktype="Response" linkrefid="QUES_42756934_42761015_IF130832883" /></respcondition><respcondition title="Response Condition 4"><conditionvar><varequal respident="QUES_42756934_42761015_LID">QUES_42756934_42761015_A130832884</varequal></conditionvar><setvar action="Set">100.000000000</setvar><displayfeedback feedbacktype="Response" linkrefid="QUES_42756934_42761015_IF130832884" /></respcondition><respcondition title="Response Condition 5"><conditionvar><varequal respident="QUES_42756934_42761015_LID">QUES_42756934_42761015_A130832885</varequal></conditionvar><setvar action="Set">0.000000000</setvar><displayfeedback feedbacktype="Response" linkrefid="QUES_42756934_42761015_IF130832885" /></respcondition></resprocessing><itemfeedback ident="QUES_42756934_42761015_IF130832881"><material><mattext texttype="text/plain" /></material></itemfeedback><itemfeedback ident="QUES_42756934_42761015_IF130832882"><material><mattext texttype="text/plain" /></material></itemfeedback><itemfeedback ident="QUES_42756934_42761015_IF130832883"><material><mattext texttype="text/plain" /></material></itemfeedback><itemfeedback ident="QUES_42756934_42761015_IF130832884"><material><mattext texttype="text/plain" /></material></itemfeedback><itemfeedback ident="QUES_42756934_42761015_IF130832885"><material><mattext texttype="text/plain" /></material></itemfeedback></item></section></assessment></questestinterop>