﻿<?xml version="1.0" encoding="UTF-8"?><questestinterop xmlns:d2l_2p0="http://desire2learn.com/xsd/d2lcp_v2p0"><assessment d2l_2p0:id="472" title="Implicit Differentiation PostVideo Questions" ident="res_quiz_122427" d2l_2p0:resource_code="ef9e56cc46d3486a98963923-152"><rubric><flow_mat><material><mattext d2l_2p0:isdisplayed="no" texttype="text/html" /></material></flow_mat></rubric><assessmentcontrol hintswitch="no" solutionswitch="yes" feedbackswitch="no" /><presentation_material><flow_mat><material label="page header"><mattext d2l_2p0:isdisplayed="no" texttype="text/html" /></material><material label="page footer"><mattext d2l_2p0:isdisplayed="no" texttype="text/html" /></material></flow_mat></presentation_material><assess_procextension><d2l_2p0:intro_message d2l_2p0:isdisplayed="yes" texttype="text/html">Respondus</d2l_2p0:intro_message><d2l_2p0:disable_right_click>no</d2l_2p0:disable_right_click><d2l_2p0:disable_pager_access>no</d2l_2p0:disable_pager_access><is_active>yes</is_active><d2l_2p0:date_start /><d2l_2p0:date_end /><d2l_2p0:date_due /><d2l_2p0:has_schedule_event>no</d2l_2p0:has_schedule_event><d2l_2p0:is_attempt_Rldb>no</d2l_2p0:is_attempt_Rldb><d2l_2p0:is_subview_Rldb>no</d2l_2p0:is_subview_Rldb><d2l_2p0:time_limit>120</d2l_2p0:time_limit><d2l_2p0:show_clock>yes</d2l_2p0:show_clock><d2l_2p0:enforce_time_limit>yes</d2l_2p0:enforce_time_limit><d2l_2p0:grace_period>5</d2l_2p0:grace_period><d2l_2p0:late_limit>0</d2l_2p0:late_limit><d2l_2p0:attempts_allowed>3</d2l_2p0:attempts_allowed><d2l_2p0:attempt_restrictions /><d2l_2p0:mark_calculation_type>1</d2l_2p0:mark_calculation_type><d2l_2p0:is_forward_only>no</d2l_2p0:is_forward_only></assess_procextension><assessfeedback title=""><rubric><flow_mat><material><mattext texttype="yes">Your quiz has been submitted successfully.</mattext></material></flow_mat></rubric><d2l_2p0:duration>0</d2l_2p0:duration><d2l_2p0:response_display_type_id>1</d2l_2p0:response_display_type_id><d2l_2p0:show_correct_answers>no</d2l_2p0:show_correct_answers><d2l_2p0:submission_restrictip>no</d2l_2p0:submission_restrictip><d2l_2p0:show_class_average>no</d2l_2p0:show_class_average><d2l_2p0:show_score_distribution>no</d2l_2p0:show_score_distribution></assessfeedback><section ident="CONTAINER_SECTION"><item ident="OBJ_1651226" label="QUES_42757033_42761114" d2l_2p0:page="1"><itemmetadata><qtimetadata><qti_metadatafield><fieldlabel>qmd_computerscored</fieldlabel><fieldentry>yes</fieldentry></qti_metadatafield><qti_metadatafield><fieldlabel>qmd_questiontype</fieldlabel><fieldentry>Multiple Choice</fieldentry></qti_metadatafield><qti_metadatafield><fieldlabel>qmd_weighting</fieldlabel><fieldentry>1.000000000</fieldentry></qti_metadatafield><qti_metadatafield><fieldlabel>qmd_globalid</fieldlabel><fieldentry>51cdc5b8-7193-46ec-bbbf-8528b4295def</fieldentry></qti_metadatafield><qti_metadatafield><fieldlabel>qmd_displayid</fieldlabel><fieldentry>Sample Course-74232</fieldentry></qti_metadatafield></qtimetadata></itemmetadata><itemproc_extension><d2l_2p0:difficulty>3</d2l_2p0:difficulty><d2l_2p0:isbonus>no</d2l_2p0:isbonus><d2l_2p0:ismandatory>yes</d2l_2p0:ismandatory></itemproc_extension><presentation><flow><material><mattext texttype="text/html">&lt;!--RsQ_001--&gt;&lt;span style="font-family:'Arial';"&gt;Determine the slope of the line tangent to the curve &lt;/span&gt;&lt;span style="font-family:'Arial'; color:#000000;"&gt;&lt;IMG src="ppg/respondus/Implicit_Differentiation_Post_BB_Test/eq_03649d.gif" alt="equation" border=0 align="absmiddle"&gt;&lt;/span&gt;&lt;span style="font-family:'Arial';"&gt; at the point (4,3). &lt;/span&gt;</mattext></material><response_extension><d2l_2p0:display_style>2</d2l_2p0:display_style><d2l_2p0:enumeration>6</d2l_2p0:enumeration><d2l_2p0:grading_type>0</d2l_2p0:grading_type></response_extension><response_lid ident="QUES_42757033_42761114_LID" rcardinality="Single"><render_choice shuffle="no"><flow_label class="Block"><response_label ident="QUES_42757033_42761114_A130833460"><flow_mat><material><mattext texttype="text/html">&lt;span style="font-family:'Arial';"&gt;&lt;IMG src="ppg/respondus/Implicit_Differentiation_Post_BB_Test/eq_0364c7.gif" alt="equation" border=0 align="absmiddle"&gt;&lt;/span&gt;</mattext></material></flow_mat></response_label></flow_label><flow_label class="Block"><response_label ident="QUES_42757033_42761114_A130833461"><flow_mat><material><mattext texttype="text/html">&lt;span style="font-family:'Arial';"&gt;&lt;IMG src="ppg/respondus/Implicit_Differentiation_Post_BB_Test/eq_0364d2.gif" alt="equation" border=0 align="absmiddle"&gt;&lt;/span&gt;</mattext></material></flow_mat></response_label></flow_label><flow_label class="Block"><response_label ident="QUES_42757033_42761114_A130833462"><flow_mat><material><mattext texttype="text/html">&lt;span style="font-family:'Arial';"&gt;&lt;IMG src="ppg/respondus/Implicit_Differentiation_Post_BB_Test/eq_0364db.gif" alt="equation" border=0 align="absmiddle"&gt;&lt;/span&gt;</mattext></material></flow_mat></response_label></flow_label><flow_label class="Block"><response_label ident="QUES_42757033_42761114_A130833463"><flow_mat><material><mattext texttype="text/html">&lt;span style="font-family:'Arial';"&gt;&lt;IMG src="ppg/respondus/Implicit_Differentiation_Post_BB_Test/eq_0364e6.gif" alt="equation" border=0 align="absmiddle"&gt;&lt;/span&gt;</mattext></material></flow_mat></response_label></flow_label><flow_label class="Block"><response_label ident="QUES_42757033_42761114_A130833464"><flow_mat><material><mattext texttype="text/html">&lt;span style="font-family:'Arial';"&gt;&lt;IMG src="ppg/respondus/Implicit_Differentiation_Post_BB_Test/eq_0364ee.gif" alt="equation" border=0 align="absmiddle"&gt;&lt;/span&gt;</mattext></material></flow_mat></response_label></flow_label><flow_label class="Block"><response_label ident="QUES_42757033_42761114_A130833465"><flow_mat><material><mattext texttype="text/html">&lt;span style="font-family:'Arial'; color:#000000;"&gt;&lt;IMG src="ppg/respondus/Implicit_Differentiation_Post_BB_Test/eq_0364f5.gif" alt="equation" border=0 align="absmiddle"&gt;&lt;/span&gt;&lt;span style="font-family:'Arial';"&gt; &lt;/span&gt;</mattext></material></flow_mat></response_label></flow_label><flow_label class="Block"><response_label ident="QUES_42757033_42761114_A130833466"><flow_mat><material><mattext texttype="text/html">&lt;span style="font-family:'Arial';"&gt;&lt;IMG src="ppg/respondus/Implicit_Differentiation_Post_BB_Test/eq_036507.gif" alt="equation" border=0 align="absmiddle"&gt;&lt;/span&gt;</mattext></material></flow_mat></response_label></flow_label><flow_label class="Block"><response_label ident="QUES_42757033_42761114_A130833467"><flow_mat><material><mattext texttype="text/html">&lt;span style="font-family:'Arial';"&gt;&lt;IMG src="ppg/respondus/Implicit_Differentiation_Post_BB_Test/eq_03650b.gif" alt="equation" border=0 align="absmiddle"&gt;&lt;/span&gt;</mattext></material></flow_mat></response_label></flow_label><flow_label class="Block"><response_label ident="QUES_42757033_42761114_A130833468"><flow_mat><material><mattext texttype="text/html">&lt;span style="font-family:'Arial';"&gt;Another answer not listed above&lt;/span&gt;</mattext></material></flow_mat></response_label></flow_label></render_choice></response_lid></flow></presentation><resprocessing><respcondition title="Response Condition 1"><conditionvar><varequal respident="QUES_42757033_42761114_LID">QUES_42757033_42761114_A130833460</varequal></conditionvar><setvar action="Set">100.000000000</setvar><displayfeedback feedbacktype="Response" linkrefid="QUES_42757033_42761114_IF130833460" /></respcondition><respcondition title="Response Condition 2"><conditionvar><varequal respident="QUES_42757033_42761114_LID">QUES_42757033_42761114_A130833461</varequal></conditionvar><setvar action="Set">0.000000000</setvar><displayfeedback feedbacktype="Response" linkrefid="QUES_42757033_42761114_IF130833461" /></respcondition><respcondition title="Response Condition 3"><conditionvar><varequal respident="QUES_42757033_42761114_LID">QUES_42757033_42761114_A130833462</varequal></conditionvar><setvar action="Set">0.000000000</setvar><displayfeedback feedbacktype="Response" linkrefid="QUES_42757033_42761114_IF130833462" /></respcondition><respcondition title="Response Condition 4"><conditionvar><varequal respident="QUES_42757033_42761114_LID">QUES_42757033_42761114_A130833463</varequal></conditionvar><setvar action="Set">0.000000000</setvar><displayfeedback feedbacktype="Response" linkrefid="QUES_42757033_42761114_IF130833463" /></respcondition><respcondition title="Response Condition 5"><conditionvar><varequal respident="QUES_42757033_42761114_LID">QUES_42757033_42761114_A130833464</varequal></conditionvar><setvar action="Set">0.000000000</setvar><displayfeedback feedbacktype="Response" linkrefid="QUES_42757033_42761114_IF130833464" /></respcondition><respcondition title="Response Condition 6"><conditionvar><varequal respident="QUES_42757033_42761114_LID">QUES_42757033_42761114_A130833465</varequal></conditionvar><setvar action="Set">0.000000000</setvar><displayfeedback feedbacktype="Response" linkrefid="QUES_42757033_42761114_IF130833465" /></respcondition><respcondition title="Response Condition 7"><conditionvar><varequal respident="QUES_42757033_42761114_LID">QUES_42757033_42761114_A130833466</varequal></conditionvar><setvar action="Set">0.000000000</setvar><displayfeedback feedbacktype="Response" linkrefid="QUES_42757033_42761114_IF130833466" /></respcondition><respcondition title="Response Condition 8"><conditionvar><varequal respident="QUES_42757033_42761114_LID">QUES_42757033_42761114_A130833467</varequal></conditionvar><setvar action="Set">0.000000000</setvar><displayfeedback feedbacktype="Response" linkrefid="QUES_42757033_42761114_IF130833467" /></respcondition><respcondition title="Response Condition 9"><conditionvar><varequal respident="QUES_42757033_42761114_LID">QUES_42757033_42761114_A130833468</varequal></conditionvar><setvar action="Set">0.000000000</setvar><displayfeedback feedbacktype="Response" linkrefid="QUES_42757033_42761114_IF130833468" /></respcondition></resprocessing><itemfeedback ident="QUES_42757033_42761114_IF130833460"><material><mattext texttype="text/plain" /></material></itemfeedback><itemfeedback ident="QUES_42757033_42761114_IF130833461"><material><mattext texttype="text/plain" /></material></itemfeedback><itemfeedback ident="QUES_42757033_42761114_IF130833462"><material><mattext texttype="text/plain" /></material></itemfeedback><itemfeedback ident="QUES_42757033_42761114_IF130833463"><material><mattext texttype="text/plain" /></material></itemfeedback><itemfeedback ident="QUES_42757033_42761114_IF130833464"><material><mattext texttype="text/plain" /></material></itemfeedback><itemfeedback ident="QUES_42757033_42761114_IF130833465"><material><mattext texttype="text/plain" /></material></itemfeedback><itemfeedback ident="QUES_42757033_42761114_IF130833466"><material><mattext texttype="text/plain" /></material></itemfeedback><itemfeedback ident="QUES_42757033_42761114_IF130833467"><material><mattext texttype="text/plain" /></material></itemfeedback><itemfeedback ident="QUES_42757033_42761114_IF130833468"><material><mattext texttype="text/plain" /></material></itemfeedback></item><item ident="OBJ_1651227" label="QUES_42757034_42761115" d2l_2p0:page="1"><itemmetadata><qtimetadata><qti_metadatafield><fieldlabel>qmd_computerscored</fieldlabel><fieldentry>yes</fieldentry></qti_metadatafield><qti_metadatafield><fieldlabel>qmd_questiontype</fieldlabel><fieldentry>Multiple Choice</fieldentry></qti_metadatafield><qti_metadatafield><fieldlabel>qmd_weighting</fieldlabel><fieldentry>1.000000000</fieldentry></qti_metadatafield><qti_metadatafield><fieldlabel>qmd_globalid</fieldlabel><fieldentry>bf67bcd0-9469-40f9-857e-91a680ddb7ad</fieldentry></qti_metadatafield><qti_metadatafield><fieldlabel>qmd_displayid</fieldlabel><fieldentry>Sample Course-74233</fieldentry></qti_metadatafield></qtimetadata></itemmetadata><itemproc_extension><d2l_2p0:difficulty>3</d2l_2p0:difficulty><d2l_2p0:isbonus>no</d2l_2p0:isbonus><d2l_2p0:ismandatory>yes</d2l_2p0:ismandatory></itemproc_extension><presentation><flow><material><mattext texttype="text/html">&lt;!--RsQ_002--&gt;&lt;span style="font-family:'Arial';"&gt;Suppose &lt;/span&gt;&lt;span style="font-family:'Arial'; color:#000000;"&gt;&lt;IMG src="ppg/respondus/Implicit_Differentiation_Post_BB_Test/eq_036531.gif" alt="equation" border=0 align="absmiddle"&gt;&lt;/span&gt;&lt;span style="font-family:'Arial';"&gt; and &lt;/span&gt;&lt;span style="font-family:'Arial'; color:#000000;"&gt;&lt;IMG src="ppg/respondus/Implicit_Differentiation_Post_BB_Test/eq_036534.gif" alt="equation" border=0 align="absmiddle"&gt;&lt;/span&gt;&lt;span style="font-family:'Arial';"&gt; are related by the equation &lt;/span&gt;&lt;span style="font-family:'Arial'; color:#000000;"&gt;&lt;IMG src="ppg/respondus/Implicit_Differentiation_Post_BB_Test/eq_036541.gif" alt="equation" border=0 align="absmiddle"&gt;&lt;/span&gt;&lt;span style="font-family:'Arial';"&gt;. Further suppose that &lt;/span&gt;&lt;span style="font-family:'Arial'; color:#000000;"&gt;&lt;IMG src="ppg/respondus/Implicit_Differentiation_Post_BB_Test/eq_036550.gif" alt="equation" border=0 align="absmiddle"&gt;&lt;/span&gt;&lt;span style="font-family:'Arial';"&gt; changes by a very small amount, represented by &lt;/span&gt;&lt;span style="font-family:'Arial'; color:#000000;"&gt;&lt;IMG src="ppg/respondus/Implicit_Differentiation_Post_BB_Test/eq_03655f.gif" alt="equation" border=0 align="absmiddle"&gt;&lt;/span&gt;&lt;span style="font-family:'Arial';"&gt;. Write an expression for the corresponding change in &lt;/span&gt;&lt;span style="font-family:'Arial'; color:#000000;"&gt;&lt;IMG src="ppg/respondus/Implicit_Differentiation_Post_BB_Test/eq_03656c.gif" alt="equation" border=0 align="absmiddle"&gt;&lt;/span&gt;&lt;span style="font-family:'Arial';"&gt;. &lt;/span&gt;</mattext></material><response_extension><d2l_2p0:display_style>2</d2l_2p0:display_style><d2l_2p0:enumeration>6</d2l_2p0:enumeration><d2l_2p0:grading_type>0</d2l_2p0:grading_type></response_extension><response_lid ident="QUES_42757034_42761115_LID" rcardinality="Single"><render_choice shuffle="no"><flow_label class="Block"><response_label ident="QUES_42757034_42761115_A130833469"><flow_mat><material><mattext texttype="text/html">&lt;span style="font-family:'Arial'; color:#000000;"&gt;&lt;IMG src="ppg/respondus/Implicit_Differentiation_Post_BB_Test/eq_03658e.gif" alt="equation" border=0 align="absmiddle"&gt;&lt;/span&gt;&lt;span style="font-family:'Arial';"&gt; &lt;/span&gt;</mattext></material></flow_mat></response_label></flow_label><flow_label class="Block"><response_label ident="QUES_42757034_42761115_A130833470"><flow_mat><material><mattext texttype="text/html">&lt;span style="font-family:'Arial'; color:#000000;"&gt;&lt;IMG src="ppg/respondus/Implicit_Differentiation_Post_BB_Test/eq_036594.gif" alt="equation" border=0 align="absmiddle"&gt;&lt;/span&gt;&lt;span style="font-family:'Arial';"&gt; &lt;/span&gt;</mattext></material></flow_mat></response_label></flow_label><flow_label class="Block"><response_label ident="QUES_42757034_42761115_A130833471"><flow_mat><material><mattext texttype="text/html">&lt;span style="font-family:'Arial'; color:#000000;"&gt;&lt;IMG src="ppg/respondus/Implicit_Differentiation_Post_BB_Test/eq_0365a9.gif" alt="equation" border=0 align="absmiddle"&gt;&lt;/span&gt;&lt;span style="font-family:'Arial';"&gt; &lt;/span&gt;</mattext></material></flow_mat></response_label></flow_label><flow_label class="Block"><response_label ident="QUES_42757034_42761115_A130833472"><flow_mat><material><mattext texttype="text/html">&lt;span style="font-family:'Arial';"&gt;&lt;IMG src="ppg/respondus/Implicit_Differentiation_Post_BB_Test/eq_0365c2.gif" alt="equation" border=0 align="absmiddle"&gt;&lt;/span&gt;</mattext></material></flow_mat></response_label></flow_label><flow_label class="Block"><response_label ident="QUES_42757034_42761115_A130833473"><flow_mat><material><mattext texttype="text/html">&lt;span style="font-family:'Arial';"&gt;&lt;IMG src="ppg/respondus/Implicit_Differentiation_Post_BB_Test/eq_0365dc.gif" alt="equation" border=0 align="absmiddle"&gt;&lt;/span&gt;</mattext></material></flow_mat></response_label></flow_label><flow_label class="Block"><response_label ident="QUES_42757034_42761115_A130833474"><flow_mat><material><mattext texttype="text/html">&lt;span style="font-family:'Arial';"&gt;&lt;IMG src="ppg/respondus/Implicit_Differentiation_Post_BB_Test/eq_0365e6.gif" alt="equation" border=0 align="absmiddle"&gt;&lt;/span&gt;</mattext></material></flow_mat></response_label></flow_label><flow_label class="Block"><response_label ident="QUES_42757034_42761115_A130833475"><flow_mat><material><mattext texttype="text/html">&lt;span style="font-family:'Arial';"&gt;&lt;IMG src="ppg/respondus/Implicit_Differentiation_Post_BB_Test/eq_0365f9.gif" alt="equation" border=0 align="absmiddle"&gt;&lt;/span&gt;</mattext></material></flow_mat></response_label></flow_label><flow_label class="Block"><response_label ident="QUES_42757034_42761115_A130833476"><flow_mat><material><mattext texttype="text/html">&lt;span style="font-family:'Arial';"&gt;&lt;IMG src="ppg/respondus/Implicit_Differentiation_Post_BB_Test/eq_036608.gif" alt="equation" border=0 align="absmiddle"&gt;&lt;/span&gt;</mattext></material></flow_mat></response_label></flow_label><flow_label class="Block"><response_label ident="QUES_42757034_42761115_A130833477"><flow_mat><material><mattext texttype="text/html">&lt;span style="font-family:'Arial';"&gt;&lt;IMG src="ppg/respondus/Implicit_Differentiation_Post_BB_Test/eq_03661f.gif" alt="equation" border=0 align="absmiddle"&gt;&lt;/span&gt;</mattext></material></flow_mat></response_label></flow_label><flow_label class="Block"><response_label ident="QUES_42757034_42761115_A130833478"><flow_mat><material><mattext texttype="text/html">&lt;span style="font-family:'Arial';"&gt;Another answer not listed above&lt;/span&gt;</mattext></material></flow_mat></response_label></flow_label></render_choice></response_lid></flow></presentation><resprocessing><respcondition title="Response Condition 1"><conditionvar><varequal respident="QUES_42757034_42761115_LID">QUES_42757034_42761115_A130833469</varequal></conditionvar><setvar action="Set">0.000000000</setvar><displayfeedback feedbacktype="Response" linkrefid="QUES_42757034_42761115_IF130833469" /></respcondition><respcondition title="Response Condition 2"><conditionvar><varequal respident="QUES_42757034_42761115_LID">QUES_42757034_42761115_A130833470</varequal></conditionvar><setvar action="Set">0.000000000</setvar><displayfeedback feedbacktype="Response" linkrefid="QUES_42757034_42761115_IF130833470" /></respcondition><respcondition title="Response Condition 3"><conditionvar><varequal respident="QUES_42757034_42761115_LID">QUES_42757034_42761115_A130833471</varequal></conditionvar><setvar action="Set">0.000000000</setvar><displayfeedback feedbacktype="Response" linkrefid="QUES_42757034_42761115_IF130833471" /></respcondition><respcondition title="Response Condition 4"><conditionvar><varequal respident="QUES_42757034_42761115_LID">QUES_42757034_42761115_A130833472</varequal></conditionvar><setvar action="Set">100.000000000</setvar><displayfeedback feedbacktype="Response" linkrefid="QUES_42757034_42761115_IF130833472" /></respcondition><respcondition title="Response Condition 5"><conditionvar><varequal respident="QUES_42757034_42761115_LID">QUES_42757034_42761115_A130833473</varequal></conditionvar><setvar action="Set">0.000000000</setvar><displayfeedback feedbacktype="Response" linkrefid="QUES_42757034_42761115_IF130833473" /></respcondition><respcondition title="Response Condition 6"><conditionvar><varequal respident="QUES_42757034_42761115_LID">QUES_42757034_42761115_A130833474</varequal></conditionvar><setvar action="Set">0.000000000</setvar><displayfeedback feedbacktype="Response" linkrefid="QUES_42757034_42761115_IF130833474" /></respcondition><respcondition title="Response Condition 7"><conditionvar><varequal respident="QUES_42757034_42761115_LID">QUES_42757034_42761115_A130833475</varequal></conditionvar><setvar action="Set">0.000000000</setvar><displayfeedback feedbacktype="Response" linkrefid="QUES_42757034_42761115_IF130833475" /></respcondition><respcondition title="Response Condition 8"><conditionvar><varequal respident="QUES_42757034_42761115_LID">QUES_42757034_42761115_A130833476</varequal></conditionvar><setvar action="Set">0.000000000</setvar><displayfeedback feedbacktype="Response" linkrefid="QUES_42757034_42761115_IF130833476" /></respcondition><respcondition title="Response Condition 9"><conditionvar><varequal respident="QUES_42757034_42761115_LID">QUES_42757034_42761115_A130833477</varequal></conditionvar><setvar action="Set">0.000000000</setvar><displayfeedback feedbacktype="Response" linkrefid="QUES_42757034_42761115_IF130833477" /></respcondition><respcondition title="Response Condition 10"><conditionvar><varequal respident="QUES_42757034_42761115_LID">QUES_42757034_42761115_A130833478</varequal></conditionvar><setvar action="Set">0.000000000</setvar><displayfeedback feedbacktype="Response" linkrefid="QUES_42757034_42761115_IF130833478" /></respcondition></resprocessing><itemfeedback ident="QUES_42757034_42761115_IF130833469"><material><mattext texttype="text/plain" /></material></itemfeedback><itemfeedback ident="QUES_42757034_42761115_IF130833470"><material><mattext texttype="text/plain" /></material></itemfeedback><itemfeedback ident="QUES_42757034_42761115_IF130833471"><material><mattext texttype="text/plain" /></material></itemfeedback><itemfeedback ident="QUES_42757034_42761115_IF130833472"><material><mattext texttype="text/plain" /></material></itemfeedback><itemfeedback ident="QUES_42757034_42761115_IF130833473"><material><mattext texttype="text/plain" /></material></itemfeedback><itemfeedback ident="QUES_42757034_42761115_IF130833474"><material><mattext texttype="text/plain" /></material></itemfeedback><itemfeedback ident="QUES_42757034_42761115_IF130833475"><material><mattext texttype="text/plain" /></material></itemfeedback><itemfeedback ident="QUES_42757034_42761115_IF130833476"><material><mattext texttype="text/plain" /></material></itemfeedback><itemfeedback ident="QUES_42757034_42761115_IF130833477"><material><mattext texttype="text/plain" /></material></itemfeedback><itemfeedback ident="QUES_42757034_42761115_IF130833478"><material><mattext texttype="text/plain" /></material></itemfeedback></item><item ident="OBJ_1651228" label="QUES_42757035_42761116" d2l_2p0:page="1"><itemmetadata><qtimetadata><qti_metadatafield><fieldlabel>qmd_computerscored</fieldlabel><fieldentry>yes</fieldentry></qti_metadatafield><qti_metadatafield><fieldlabel>qmd_questiontype</fieldlabel><fieldentry>Multiple Choice</fieldentry></qti_metadatafield><qti_metadatafield><fieldlabel>qmd_weighting</fieldlabel><fieldentry>1.000000000</fieldentry></qti_metadatafield><qti_metadatafield><fieldlabel>qmd_globalid</fieldlabel><fieldentry>e110dddf-8851-4d53-8391-3ca7d9def915</fieldentry></qti_metadatafield><qti_metadatafield><fieldlabel>qmd_displayid</fieldlabel><fieldentry>Sample Course-74234</fieldentry></qti_metadatafield></qtimetadata></itemmetadata><itemproc_extension><d2l_2p0:difficulty>3</d2l_2p0:difficulty><d2l_2p0:isbonus>no</d2l_2p0:isbonus><d2l_2p0:ismandatory>yes</d2l_2p0:ismandatory></itemproc_extension><presentation><flow><material><mattext texttype="text/html">&lt;!--RsQ_003--&gt;&lt;span style="font-family:'Arial';"&gt;Suppose &lt;/span&gt;&lt;span style="font-family:'Arial'; color:#000000;"&gt;&lt;IMG src="ppg/respondus/Implicit_Differentiation_Post_BB_Test/eq_03664f.gif" alt="equation" border=0 align="absmiddle"&gt;&lt;/span&gt;&lt;span style="font-family:'Arial';"&gt; and &lt;/span&gt;&lt;span style="font-family:'Arial'; color:#000000;"&gt;&lt;IMG src="ppg/respondus/Implicit_Differentiation_Post_BB_Test/eq_036653.gif" alt="equation" border=0 align="absmiddle"&gt;&lt;/span&gt;&lt;span style="font-family:'Arial';"&gt; represent the measures of covarying quantities and that the covariation of &lt;/span&gt;&lt;span style="font-family:'Arial'; color:#000000;"&gt;&lt;IMG src="ppg/respondus/Implicit_Differentiation_Post_BB_Test/eq_036666.gif" alt="equation" border=0 align="absmiddle"&gt;&lt;/span&gt;&lt;span style="font-family:'Arial';"&gt; and &lt;/span&gt;&lt;span style="font-family:'Arial'; color:#000000;"&gt;&lt;IMG src="ppg/respondus/Implicit_Differentiation_Post_BB_Test/eq_03666a.gif" alt="equation" border=0 align="absmiddle"&gt;&lt;/span&gt;&lt;span style="font-family:'Arial';"&gt; is constrained by the equation &lt;/span&gt;&lt;span style="font-family:'Arial'; color:#000000;"&gt;&lt;IMG src="ppg/respondus/Implicit_Differentiation_Post_BB_Test/eq_036674.gif" alt="equation" border=0 align="absmiddle"&gt;&lt;/span&gt;&lt;span style="font-family:'Arial';"&gt;. At what rate does &lt;/span&gt;&lt;span style="font-family:'Arial'; color:#000000;"&gt;&lt;IMG src="ppg/respondus/Implicit_Differentiation_Post_BB_Test/eq_03668b.gif" alt="equation" border=0 align="absmiddle"&gt;&lt;/span&gt;&lt;span style="font-family:'Arial';"&gt; change with respect to &lt;/span&gt;&lt;span style="font-family:'Arial'; color:#000000;"&gt;&lt;IMG src="ppg/respondus/Implicit_Differentiation_Post_BB_Test/eq_036692.gif" alt="equation" border=0 align="absmiddle"&gt;&lt;/span&gt;&lt;span style="font-family:'Arial';"&gt; when &lt;/span&gt;&lt;span style="font-family:'Arial'; color:#000000;"&gt;&lt;IMG src="ppg/respondus/Implicit_Differentiation_Post_BB_Test/eq_036697.gif" alt="equation" border=0 align="absmiddle"&gt;&lt;/span&gt;&lt;span style="font-family:'Arial';"&gt; and &lt;/span&gt;&lt;span style="font-family:'Arial'; color:#000000;"&gt;&lt;IMG src="ppg/respondus/Implicit_Differentiation_Post_BB_Test/eq_03669d.gif" alt="equation" border=0 align="absmiddle"&gt;&lt;/span&gt;&lt;span style="font-family:'Arial';"&gt;? &lt;/span&gt;</mattext></material><response_extension><d2l_2p0:display_style>2</d2l_2p0:display_style><d2l_2p0:enumeration>6</d2l_2p0:enumeration><d2l_2p0:grading_type>0</d2l_2p0:grading_type></response_extension><response_lid ident="QUES_42757035_42761116_LID" rcardinality="Single"><render_choice shuffle="no"><flow_label class="Block"><response_label ident="QUES_42757035_42761116_A130833479"><flow_mat><material><mattext texttype="text/html">&lt;span style="font-family:'Arial';"&gt;-2&lt;/span&gt;</mattext></material></flow_mat></response_label></flow_label><flow_label class="Block"><response_label ident="QUES_42757035_42761116_A130833480"><flow_mat><material><mattext texttype="text/html">&lt;span style="font-family:'Arial';"&gt;-1&lt;/span&gt;</mattext></material></flow_mat></response_label></flow_label><flow_label class="Block"><response_label ident="QUES_42757035_42761116_A130833481"><flow_mat><material><mattext texttype="text/html">&lt;span style="font-family:'Arial';"&gt;-1/2 &lt;/span&gt;</mattext></material></flow_mat></response_label></flow_label><flow_label class="Block"><response_label ident="QUES_42757035_42761116_A130833482"><flow_mat><material><mattext texttype="text/html">&lt;span style="font-family:'Arial';"&gt;-0.4 &lt;/span&gt;</mattext></material></flow_mat></response_label></flow_label><flow_label class="Block"><response_label ident="QUES_42757035_42761116_A130833483"><flow_mat><material><mattext texttype="text/html">&lt;span style="font-family:'Arial';"&gt;-0.16&lt;/span&gt;</mattext></material></flow_mat></response_label></flow_label><flow_label class="Block"><response_label ident="QUES_42757035_42761116_A130833484"><flow_mat><material><mattext texttype="text/html">&lt;span style="font-family:'Arial';"&gt;0&lt;/span&gt;</mattext></material></flow_mat></response_label></flow_label><flow_label class="Block"><response_label ident="QUES_42757035_42761116_A130833485"><flow_mat><material><mattext texttype="text/html">&lt;span style="font-family:'Arial';"&gt;1/2&lt;/span&gt;</mattext></material></flow_mat></response_label></flow_label><flow_label class="Block"><response_label ident="QUES_42757035_42761116_A130833486"><flow_mat><material><mattext texttype="text/html">&lt;span style="font-family:'Arial';"&gt;1&lt;/span&gt;</mattext></material></flow_mat></response_label></flow_label><flow_label class="Block"><response_label ident="QUES_42757035_42761116_A130833487"><flow_mat><material><mattext texttype="text/html">&lt;span style="font-family:'Arial';"&gt;2&lt;/span&gt;</mattext></material></flow_mat></response_label></flow_label><flow_label class="Block"><response_label ident="QUES_42757035_42761116_A130833488"><flow_mat><material><mattext texttype="text/html">&lt;span style="font-family:'Arial';"&gt;3&lt;/span&gt;</mattext></material></flow_mat></response_label></flow_label><flow_label class="Block"><response_label ident="QUES_42757035_42761116_A130833489"><flow_mat><material><mattext texttype="text/html">&lt;span style="font-family:'Arial';"&gt;4&lt;/span&gt;</mattext></material></flow_mat></response_label></flow_label><flow_label class="Block"><response_label ident="QUES_42757035_42761116_A130833490"><flow_mat><material><mattext texttype="text/html">&lt;span style="font-family:'Arial';"&gt;5&lt;/span&gt;</mattext></material></flow_mat></response_label></flow_label><flow_label class="Block"><response_label ident="QUES_42757035_42761116_A130833491"><flow_mat><material><mattext texttype="text/html">&lt;span style="font-family:'Arial';"&gt;Another answer not listed above&lt;/span&gt;</mattext></material></flow_mat></response_label></flow_label></render_choice></response_lid></flow></presentation><resprocessing><respcondition title="Response Condition 1"><conditionvar><varequal respident="QUES_42757035_42761116_LID">QUES_42757035_42761116_A130833479</varequal></conditionvar><setvar action="Set">0.000000000</setvar><displayfeedback feedbacktype="Response" linkrefid="QUES_42757035_42761116_IF130833479" /></respcondition><respcondition title="Response Condition 2"><conditionvar><varequal respident="QUES_42757035_42761116_LID">QUES_42757035_42761116_A130833480</varequal></conditionvar><setvar action="Set">0.000000000</setvar><displayfeedback feedbacktype="Response" linkrefid="QUES_42757035_42761116_IF130833480" /></respcondition><respcondition title="Response Condition 3"><conditionvar><varequal respident="QUES_42757035_42761116_LID">QUES_42757035_42761116_A130833481</varequal></conditionvar><setvar action="Set">0.000000000</setvar><displayfeedback feedbacktype="Response" linkrefid="QUES_42757035_42761116_IF130833481" /></respcondition><respcondition title="Response Condition 4"><conditionvar><varequal respident="QUES_42757035_42761116_LID">QUES_42757035_42761116_A130833482</varequal></conditionvar><setvar action="Set">0.000000000</setvar><displayfeedback feedbacktype="Response" linkrefid="QUES_42757035_42761116_IF130833482" /></respcondition><respcondition title="Response Condition 5"><conditionvar><varequal respident="QUES_42757035_42761116_LID">QUES_42757035_42761116_A130833483</varequal></conditionvar><setvar action="Set">100.000000000</setvar><displayfeedback feedbacktype="Response" linkrefid="QUES_42757035_42761116_IF130833483" /></respcondition><respcondition title="Response Condition 6"><conditionvar><varequal respident="QUES_42757035_42761116_LID">QUES_42757035_42761116_A130833484</varequal></conditionvar><setvar action="Set">0.000000000</setvar><displayfeedback feedbacktype="Response" linkrefid="QUES_42757035_42761116_IF130833484" /></respcondition><respcondition title="Response Condition 7"><conditionvar><varequal respident="QUES_42757035_42761116_LID">QUES_42757035_42761116_A130833485</varequal></conditionvar><setvar action="Set">0.000000000</setvar><displayfeedback feedbacktype="Response" linkrefid="QUES_42757035_42761116_IF130833485" /></respcondition><respcondition title="Response Condition 8"><conditionvar><varequal respident="QUES_42757035_42761116_LID">QUES_42757035_42761116_A130833486</varequal></conditionvar><setvar action="Set">0.000000000</setvar><displayfeedback feedbacktype="Response" linkrefid="QUES_42757035_42761116_IF130833486" /></respcondition><respcondition title="Response Condition 9"><conditionvar><varequal respident="QUES_42757035_42761116_LID">QUES_42757035_42761116_A130833487</varequal></conditionvar><setvar action="Set">0.000000000</setvar><displayfeedback feedbacktype="Response" linkrefid="QUES_42757035_42761116_IF130833487" /></respcondition><respcondition title="Response Condition 10"><conditionvar><varequal respident="QUES_42757035_42761116_LID">QUES_42757035_42761116_A130833488</varequal></conditionvar><setvar action="Set">0.000000000</setvar><displayfeedback feedbacktype="Response" linkrefid="QUES_42757035_42761116_IF130833488" /></respcondition><respcondition title="Response Condition 11"><conditionvar><varequal respident="QUES_42757035_42761116_LID">QUES_42757035_42761116_A130833489</varequal></conditionvar><setvar action="Set">0.000000000</setvar><displayfeedback feedbacktype="Response" linkrefid="QUES_42757035_42761116_IF130833489" /></respcondition><respcondition title="Response Condition 12"><conditionvar><varequal respident="QUES_42757035_42761116_LID">QUES_42757035_42761116_A130833490</varequal></conditionvar><setvar action="Set">0.000000000</setvar><displayfeedback feedbacktype="Response" linkrefid="QUES_42757035_42761116_IF130833490" /></respcondition><respcondition title="Response Condition 13"><conditionvar><varequal respident="QUES_42757035_42761116_LID">QUES_42757035_42761116_A130833491</varequal></conditionvar><setvar action="Set">0.000000000</setvar><displayfeedback feedbacktype="Response" linkrefid="QUES_42757035_42761116_IF130833491" /></respcondition></resprocessing><itemfeedback ident="QUES_42757035_42761116_IF130833479"><material><mattext texttype="text/plain" /></material></itemfeedback><itemfeedback ident="QUES_42757035_42761116_IF130833480"><material><mattext texttype="text/plain" /></material></itemfeedback><itemfeedback ident="QUES_42757035_42761116_IF130833481"><material><mattext texttype="text/plain" /></material></itemfeedback><itemfeedback ident="QUES_42757035_42761116_IF130833482"><material><mattext texttype="text/plain" /></material></itemfeedback><itemfeedback ident="QUES_42757035_42761116_IF130833483"><material><mattext texttype="text/plain" /></material></itemfeedback><itemfeedback ident="QUES_42757035_42761116_IF130833484"><material><mattext texttype="text/plain" /></material></itemfeedback><itemfeedback ident="QUES_42757035_42761116_IF130833485"><material><mattext texttype="text/plain" /></material></itemfeedback><itemfeedback ident="QUES_42757035_42761116_IF130833486"><material><mattext texttype="text/plain" /></material></itemfeedback><itemfeedback ident="QUES_42757035_42761116_IF130833487"><material><mattext texttype="text/plain" /></material></itemfeedback><itemfeedback ident="QUES_42757035_42761116_IF130833488"><material><mattext texttype="text/plain" /></material></itemfeedback><itemfeedback ident="QUES_42757035_42761116_IF130833489"><material><mattext texttype="text/plain" /></material></itemfeedback><itemfeedback ident="QUES_42757035_42761116_IF130833490"><material><mattext texttype="text/plain" /></material></itemfeedback><itemfeedback ident="QUES_42757035_42761116_IF130833491"><material><mattext texttype="text/plain" /></material></itemfeedback></item></section></assessment></questestinterop>