﻿<?xml version="1.0" encoding="UTF-8"?><questestinterop xmlns:d2l_2p0="http://desire2learn.com/xsd/d2lcp_v2p0"><assessment d2l_2p0:id="486" title="Optimization: Modeling PostVideo Questions" ident="res_quiz_122441" d2l_2p0:resource_code="ef9e56cc46d3486a98963923-166"><rubric><flow_mat><material><mattext d2l_2p0:isdisplayed="no" texttype="text/html" /></material></flow_mat></rubric><assessmentcontrol hintswitch="no" solutionswitch="yes" feedbackswitch="no" /><presentation_material><flow_mat><material label="page header"><mattext d2l_2p0:isdisplayed="no" texttype="text/html" /></material><material label="page footer"><mattext d2l_2p0:isdisplayed="no" texttype="text/html" /></material></flow_mat></presentation_material><assess_procextension><d2l_2p0:intro_message d2l_2p0:isdisplayed="yes" texttype="text/html">&lt;p&gt;&lt;span style="color: #292b2c; font-family: 'Avenir Next', sans-serif; font-size: medium; font-style: normal; font-variant-ligatures: normal; font-variant-caps: normal; font-weight: 400; letter-spacing: normal; orphans: 2; text-align: start; text-indent: 0px; text-transform: none; white-space: normal; widows: 2; word-spacing: 0px; -webkit-text-stroke-width: 0px; text-decoration-style: initial; text-decoration-color: initial; float: none; display: inline !important;"&gt;PostVideo Questions are intended to measure your learning from the video. This is for a grade. You get three attempts. Your last attempt is the only attempt that counts toward your grade.&lt;/span&gt;&lt;/p&gt;</d2l_2p0:intro_message><d2l_2p0:disable_right_click>no</d2l_2p0:disable_right_click><d2l_2p0:disable_pager_access>no</d2l_2p0:disable_pager_access><is_active>yes</is_active><d2l_2p0:date_start /><d2l_2p0:date_end /><d2l_2p0:date_due /><d2l_2p0:has_schedule_event>no</d2l_2p0:has_schedule_event><d2l_2p0:is_attempt_Rldb>no</d2l_2p0:is_attempt_Rldb><d2l_2p0:is_subview_Rldb>no</d2l_2p0:is_subview_Rldb><d2l_2p0:time_limit>120</d2l_2p0:time_limit><d2l_2p0:show_clock>yes</d2l_2p0:show_clock><d2l_2p0:enforce_time_limit>yes</d2l_2p0:enforce_time_limit><d2l_2p0:grace_period>5</d2l_2p0:grace_period><d2l_2p0:late_limit>0</d2l_2p0:late_limit><d2l_2p0:attempts_allowed>3</d2l_2p0:attempts_allowed><d2l_2p0:attempt_restrictions /><d2l_2p0:mark_calculation_type>1</d2l_2p0:mark_calculation_type><d2l_2p0:is_forward_only>no</d2l_2p0:is_forward_only></assess_procextension><assessfeedback title=""><rubric><flow_mat><material><mattext texttype="yes">Your quiz has been submitted successfully.</mattext></material></flow_mat></rubric><d2l_2p0:duration>0</d2l_2p0:duration><d2l_2p0:response_display_type_id>1</d2l_2p0:response_display_type_id><d2l_2p0:show_correct_answers>no</d2l_2p0:show_correct_answers><d2l_2p0:submission_restrictip>no</d2l_2p0:submission_restrictip><d2l_2p0:show_class_average>no</d2l_2p0:show_class_average><d2l_2p0:show_score_distribution>no</d2l_2p0:show_score_distribution></assessfeedback><section ident="CONTAINER_SECTION"><item ident="OBJ_1651267" label="QUES_42757074_42761155" d2l_2p0:page="1"><itemmetadata><qtimetadata><qti_metadatafield><fieldlabel>qmd_computerscored</fieldlabel><fieldentry>yes</fieldentry></qti_metadatafield><qti_metadatafield><fieldlabel>qmd_questiontype</fieldlabel><fieldentry>Multiple Choice</fieldentry></qti_metadatafield><qti_metadatafield><fieldlabel>qmd_weighting</fieldlabel><fieldentry>1.000000000</fieldentry></qti_metadatafield><qti_metadatafield><fieldlabel>qmd_globalid</fieldlabel><fieldentry>89fe5763-ca78-4e63-b4e8-bcc43bafe03d</fieldentry></qti_metadatafield><qti_metadatafield><fieldlabel>qmd_displayid</fieldlabel><fieldentry>Sample Course-74273</fieldentry></qti_metadatafield></qtimetadata></itemmetadata><itemproc_extension><d2l_2p0:difficulty>3</d2l_2p0:difficulty><d2l_2p0:isbonus>no</d2l_2p0:isbonus><d2l_2p0:ismandatory>yes</d2l_2p0:ismandatory></itemproc_extension><presentation><flow><material><mattext texttype="text/html">&lt;!--RsQ_002--&gt;&lt;span style="font-family:'Arial';"&gt;A company wants to fence a rectangular storage area consisting of three separate compartments of equal size (see the image below). The fencing costs $3.00 per linear foot and the company has a budget of $180 for building the storage area. Find the length &lt;/span&gt;&lt;span style="font-family:'Arial'; color:#000000;"&gt;&lt;IMG src="ppg/respondus/Optimization_Modeling_Post_BB_Test/eq_04d940.gif" alt="equation" border=0 align="absmiddle"&gt;&lt;/span&gt;&lt;span style="font-family:'Arial';"&gt; and the width &lt;/span&gt;&lt;span style="font-family:'Arial'; color:#000000;"&gt;&lt;IMG src="ppg/respondus/Optimization_Modeling_Post_BB_Test/eq_04d947.gif" alt="equation" border=0 align="absmiddle"&gt;&lt;/span&gt;&lt;span style="font-family:'Arial';"&gt; of the storage area that maximizes the total area. &lt;br&gt;&lt;/span&gt;&lt;span style="font-family:'Arial'; color:#000000;"&gt;&lt;IMG src="ppg/respondus/Optimization_Modeling_Post_BB_Test/boxes21.png" alt="image" align="bottom" border=0&gt;&lt;/span&gt;&lt;span style="font-family:'Arial';"&gt; &lt;/span&gt;</mattext></material><response_extension><d2l_2p0:display_style>2</d2l_2p0:display_style><d2l_2p0:enumeration>6</d2l_2p0:enumeration><d2l_2p0:grading_type>0</d2l_2p0:grading_type></response_extension><response_lid ident="QUES_42757074_42761155_LID" rcardinality="Single"><render_choice shuffle="no"><flow_label class="Block"><response_label ident="QUES_42757074_42761155_A130833691"><flow_mat><material><mattext texttype="text/html">&lt;span style="font-family:'Arial';"&gt;15 ft x 10 ft&amp;nbsp; &lt;/span&gt;</mattext></material></flow_mat></response_label></flow_label><flow_label class="Block"><response_label ident="QUES_42757074_42761155_A130833692"><flow_mat><material><mattext texttype="text/html">&lt;span style="font-family:'Arial';"&gt;24 ft x 4 ft&amp;nbsp; &lt;/span&gt;</mattext></material></flow_mat></response_label></flow_label><flow_label class="Block"><response_label ident="QUES_42757074_42761155_A130833693"><flow_mat><material><mattext texttype="text/html">&lt;span style="font-family:'Arial';"&gt;30 ft x 30 ft&lt;/span&gt;</mattext></material></flow_mat></response_label></flow_label><flow_label class="Block"><response_label ident="QUES_42757074_42761155_A130833694"><flow_mat><material><mattext texttype="text/html">&lt;span style="font-family:'Arial';"&gt;45 ft x 30 ft&lt;/span&gt;</mattext></material></flow_mat></response_label></flow_label><flow_label class="Block"><response_label ident="QUES_42757074_42761155_A130833695"><flow_mat><material><mattext texttype="text/html">&lt;span style="font-family:'Arial';"&gt;45 ft x 45 ft&amp;nbsp; &lt;/span&gt;</mattext></material></flow_mat></response_label></flow_label><flow_label class="Block"><response_label ident="QUES_42757074_42761155_A130833696"><flow_mat><material><mattext texttype="text/html">&lt;span style="font-family:'Arial';"&gt;60 ft x 20 ft&amp;nbsp; &lt;/span&gt;</mattext></material></flow_mat></response_label></flow_label><flow_label class="Block"><response_label ident="QUES_42757074_42761155_A130833697"><flow_mat><material><mattext texttype="text/html">&lt;span style="font-family:'Arial';"&gt;82.5 ft x 5 ft &lt;/span&gt;</mattext></material></flow_mat></response_label></flow_label><flow_label class="Block"><response_label ident="QUES_42757074_42761155_A130833698"><flow_mat><material><mattext texttype="text/html">&lt;span style="font-family:'Arial';"&gt;90 ft x 90 ft&lt;/span&gt;</mattext></material></flow_mat></response_label></flow_label></render_choice></response_lid></flow></presentation><resprocessing><respcondition title="Response Condition 1"><conditionvar><varequal respident="QUES_42757074_42761155_LID">QUES_42757074_42761155_A130833691</varequal></conditionvar><setvar action="Set">100.000000000</setvar><displayfeedback feedbacktype="Response" linkrefid="QUES_42757074_42761155_IF130833691" /></respcondition><respcondition title="Response Condition 2"><conditionvar><varequal respident="QUES_42757074_42761155_LID">QUES_42757074_42761155_A130833692</varequal></conditionvar><setvar action="Set">0.000000000</setvar><displayfeedback feedbacktype="Response" linkrefid="QUES_42757074_42761155_IF130833692" /></respcondition><respcondition title="Response Condition 3"><conditionvar><varequal respident="QUES_42757074_42761155_LID">QUES_42757074_42761155_A130833693</varequal></conditionvar><setvar action="Set">0.000000000</setvar><displayfeedback feedbacktype="Response" linkrefid="QUES_42757074_42761155_IF130833693" /></respcondition><respcondition title="Response Condition 4"><conditionvar><varequal respident="QUES_42757074_42761155_LID">QUES_42757074_42761155_A130833694</varequal></conditionvar><setvar action="Set">0.000000000</setvar><displayfeedback feedbacktype="Response" linkrefid="QUES_42757074_42761155_IF130833694" /></respcondition><respcondition title="Response Condition 5"><conditionvar><varequal respident="QUES_42757074_42761155_LID">QUES_42757074_42761155_A130833695</varequal></conditionvar><setvar action="Set">0.000000000</setvar><displayfeedback feedbacktype="Response" linkrefid="QUES_42757074_42761155_IF130833695" /></respcondition><respcondition title="Response Condition 6"><conditionvar><varequal respident="QUES_42757074_42761155_LID">QUES_42757074_42761155_A130833696</varequal></conditionvar><setvar action="Set">0.000000000</setvar><displayfeedback feedbacktype="Response" linkrefid="QUES_42757074_42761155_IF130833696" /></respcondition><respcondition title="Response Condition 7"><conditionvar><varequal respident="QUES_42757074_42761155_LID">QUES_42757074_42761155_A130833697</varequal></conditionvar><setvar action="Set">0.000000000</setvar><displayfeedback feedbacktype="Response" linkrefid="QUES_42757074_42761155_IF130833697" /></respcondition><respcondition title="Response Condition 8"><conditionvar><varequal respident="QUES_42757074_42761155_LID">QUES_42757074_42761155_A130833698</varequal></conditionvar><setvar action="Set">0.000000000</setvar><displayfeedback feedbacktype="Response" linkrefid="QUES_42757074_42761155_IF130833698" /></respcondition></resprocessing><itemfeedback ident="QUES_42757074_42761155_IF130833691"><material><mattext texttype="text/plain" /></material></itemfeedback><itemfeedback ident="QUES_42757074_42761155_IF130833692"><material><mattext texttype="text/plain" /></material></itemfeedback><itemfeedback ident="QUES_42757074_42761155_IF130833693"><material><mattext texttype="text/plain" /></material></itemfeedback><itemfeedback ident="QUES_42757074_42761155_IF130833694"><material><mattext texttype="text/plain" /></material></itemfeedback><itemfeedback ident="QUES_42757074_42761155_IF130833695"><material><mattext texttype="text/plain" /></material></itemfeedback><itemfeedback ident="QUES_42757074_42761155_IF130833696"><material><mattext texttype="text/plain" /></material></itemfeedback><itemfeedback ident="QUES_42757074_42761155_IF130833697"><material><mattext texttype="text/plain" /></material></itemfeedback><itemfeedback ident="QUES_42757074_42761155_IF130833698"><material><mattext texttype="text/plain" /></material></itemfeedback></item><item ident="OBJ_1651268" label="QUES_42757075_42761156" d2l_2p0:page="1"><itemmetadata><qtimetadata><qti_metadatafield><fieldlabel>qmd_computerscored</fieldlabel><fieldentry>yes</fieldentry></qti_metadatafield><qti_metadatafield><fieldlabel>qmd_questiontype</fieldlabel><fieldentry>Multiple Choice</fieldentry></qti_metadatafield><qti_metadatafield><fieldlabel>qmd_weighting</fieldlabel><fieldentry>1.000000000</fieldentry></qti_metadatafield><qti_metadatafield><fieldlabel>qmd_globalid</fieldlabel><fieldentry>0ea9a2e0-4f53-4ab5-9507-410209736699</fieldentry></qti_metadatafield><qti_metadatafield><fieldlabel>qmd_displayid</fieldlabel><fieldentry>Sample Course-74274</fieldentry></qti_metadatafield></qtimetadata></itemmetadata><itemproc_extension><d2l_2p0:difficulty>3</d2l_2p0:difficulty><d2l_2p0:isbonus>no</d2l_2p0:isbonus><d2l_2p0:ismandatory>yes</d2l_2p0:ismandatory></itemproc_extension><presentation><flow><material><mattext texttype="text/html">&lt;!--RsQ_001--&gt;&lt;span style="font-family:'Arial';"&gt;Suppose you want to determine the maximum area of an isoceles triangle that has a perimeter of 10 inches (see the image below). Which function would you need to differentiate (in terms of a single variable)?&lt;br&gt;&lt;/span&gt;&lt;span style="font-family:'Arial'; color:#000000;"&gt;&lt;IMG src="ppg/respondus/Optimization_Modeling_Post_BB_Test/triangle.png" alt="image" align="bottom" border=0&gt;&lt;/span&gt;&lt;span style="font-family:'Arial';"&gt; &lt;br&gt;Let area &lt;/span&gt;&lt;span style="font-family:'Arial'; color:#000000;"&gt;&lt;IMG src="ppg/respondus/Optimization_Modeling_Post_BB_Test/eq_05eae5.gif" alt="equation" border=0 align="absmiddle"&gt;&lt;/span&gt;&lt;span style="font-family:'Arial';"&gt; square inches when the isosceles triangle has side length &lt;/span&gt;&lt;span style="font-family:'Arial'; color:#000000;"&gt;&lt;IMG src="ppg/respondus/Optimization_Modeling_Post_BB_Test/eq_05eaf8.gif" alt="equation" border=0 align="absmiddle"&gt;&lt;/span&gt;&lt;span style="font-family:'Arial';"&gt; inches as in the figure &lt;/span&gt;</mattext></material><response_extension><d2l_2p0:display_style>2</d2l_2p0:display_style><d2l_2p0:enumeration>6</d2l_2p0:enumeration><d2l_2p0:grading_type>0</d2l_2p0:grading_type></response_extension><response_lid ident="QUES_42757075_42761156_LID" rcardinality="Single"><render_choice shuffle="no"><flow_label class="Block"><response_label ident="QUES_42757075_42761156_A130833699"><flow_mat><material><mattext texttype="text/html">&lt;span style="font-family:'Arial'; color:#000000;"&gt;&lt;IMG src="ppg/respondus/Optimization_Modeling_Post_BB_Test/eq_04d83a.gif" alt="equation" border=0 align="absmiddle"&gt;&lt;/span&gt;&lt;span style="font-family:'Arial';"&gt; &lt;/span&gt;</mattext></material></flow_mat></response_label></flow_label><flow_label class="Block"><response_label ident="QUES_42757075_42761156_A130833700"><flow_mat><material><mattext texttype="text/html">&lt;span style="font-family:'Arial'; color:#000000;"&gt;&lt;IMG src="ppg/respondus/Optimization_Modeling_Post_BB_Test/eq_04d84f.gif" alt="equation" border=0 align="absmiddle"&gt;&lt;/span&gt;&lt;span style="font-family:'Arial';"&gt; &lt;/span&gt;</mattext></material></flow_mat></response_label></flow_label><flow_label class="Block"><response_label ident="QUES_42757075_42761156_A130833701"><flow_mat><material><mattext texttype="text/html">&lt;span style="font-family:'Arial';"&gt;&lt;IMG src="ppg/respondus/Optimization_Modeling_Post_BB_Test/eq_04d891.gif" alt="equation" border=0 align="absmiddle"&gt;&lt;/span&gt;</mattext></material></flow_mat></response_label></flow_label><flow_label class="Block"><response_label ident="QUES_42757075_42761156_A130833702"><flow_mat><material><mattext texttype="text/html">&lt;span style="font-family:'Arial'; color:#000000;"&gt;&lt;IMG src="ppg/respondus/Optimization_Modeling_Post_BB_Test/eq_04d897.gif" alt="equation" border=0 align="absmiddle"&gt;&lt;/span&gt;&lt;span style="font-family:'Arial';"&gt; &lt;/span&gt;</mattext></material></flow_mat></response_label></flow_label><flow_label class="Block"><response_label ident="QUES_42757075_42761156_A130833703"><flow_mat><material><mattext texttype="text/html">&lt;span style="font-family:'Arial';"&gt;&lt;IMG src="ppg/respondus/Optimization_Modeling_Post_BB_Test/eq_04d8ba.gif" alt="equation" border=0 align="absmiddle"&gt;&lt;/span&gt;</mattext></material></flow_mat></response_label></flow_label><flow_label class="Block"><response_label ident="QUES_42757075_42761156_A130833704"><flow_mat><material><mattext texttype="text/html">&lt;span style="font-family:'Arial';"&gt;&lt;IMG src="ppg/respondus/Optimization_Modeling_Post_BB_Test/eq_05eab9.gif" alt="equation" border=0 align="absmiddle"&gt;&lt;/span&gt;</mattext></material></flow_mat></response_label></flow_label></render_choice></response_lid></flow></presentation><resprocessing><respcondition title="Response Condition 1"><conditionvar><varequal respident="QUES_42757075_42761156_LID">QUES_42757075_42761156_A130833699</varequal></conditionvar><setvar action="Set">0.000000000</setvar><displayfeedback feedbacktype="Response" linkrefid="QUES_42757075_42761156_IF130833699" /></respcondition><respcondition title="Response Condition 2"><conditionvar><varequal respident="QUES_42757075_42761156_LID">QUES_42757075_42761156_A130833700</varequal></conditionvar><setvar action="Set">0.000000000</setvar><displayfeedback feedbacktype="Response" linkrefid="QUES_42757075_42761156_IF130833700" /></respcondition><respcondition title="Response Condition 3"><conditionvar><varequal respident="QUES_42757075_42761156_LID">QUES_42757075_42761156_A130833701</varequal></conditionvar><setvar action="Set">0.000000000</setvar><displayfeedback feedbacktype="Response" linkrefid="QUES_42757075_42761156_IF130833701" /></respcondition><respcondition title="Response Condition 4"><conditionvar><varequal respident="QUES_42757075_42761156_LID">QUES_42757075_42761156_A130833702</varequal></conditionvar><setvar action="Set">100.000000000</setvar><displayfeedback feedbacktype="Response" linkrefid="QUES_42757075_42761156_IF130833702" /></respcondition><respcondition title="Response Condition 5"><conditionvar><varequal respident="QUES_42757075_42761156_LID">QUES_42757075_42761156_A130833703</varequal></conditionvar><setvar action="Set">0.000000000</setvar><displayfeedback feedbacktype="Response" linkrefid="QUES_42757075_42761156_IF130833703" /></respcondition><respcondition title="Response Condition 6"><conditionvar><varequal respident="QUES_42757075_42761156_LID">QUES_42757075_42761156_A130833704</varequal></conditionvar><setvar action="Set">0.000000000</setvar><displayfeedback feedbacktype="Response" linkrefid="QUES_42757075_42761156_IF130833704" /></respcondition></resprocessing><itemfeedback ident="QUES_42757075_42761156_IF130833699"><material><mattext texttype="text/plain" /></material></itemfeedback><itemfeedback ident="QUES_42757075_42761156_IF130833700"><material><mattext texttype="text/plain" /></material></itemfeedback><itemfeedback ident="QUES_42757075_42761156_IF130833701"><material><mattext texttype="text/plain" /></material></itemfeedback><itemfeedback ident="QUES_42757075_42761156_IF130833702"><material><mattext texttype="text/plain" /></material></itemfeedback><itemfeedback ident="QUES_42757075_42761156_IF130833703"><material><mattext texttype="text/plain" /></material></itemfeedback><itemfeedback ident="QUES_42757075_42761156_IF130833704"><material><mattext texttype="text/plain" /></material></itemfeedback></item><item ident="OBJ_1651269" label="QUES_42757076_42761157" d2l_2p0:page="1"><itemmetadata><qtimetadata><qti_metadatafield><fieldlabel>qmd_computerscored</fieldlabel><fieldentry>yes</fieldentry></qti_metadatafield><qti_metadatafield><fieldlabel>qmd_questiontype</fieldlabel><fieldentry>Multiple Choice</fieldentry></qti_metadatafield><qti_metadatafield><fieldlabel>qmd_weighting</fieldlabel><fieldentry>1.000000000</fieldentry></qti_metadatafield><qti_metadatafield><fieldlabel>qmd_globalid</fieldlabel><fieldentry>2bed5837-0d30-4277-8f80-be9228619709</fieldentry></qti_metadatafield><qti_metadatafield><fieldlabel>qmd_displayid</fieldlabel><fieldentry>Sample Course-74275</fieldentry></qti_metadatafield></qtimetadata></itemmetadata><itemproc_extension><d2l_2p0:difficulty>3</d2l_2p0:difficulty><d2l_2p0:isbonus>no</d2l_2p0:isbonus><d2l_2p0:ismandatory>yes</d2l_2p0:ismandatory></itemproc_extension><presentation><flow><material><mattext texttype="text/html">&lt;!--RsQ_003--&gt;&lt;span style="font-family:'Arial';"&gt;We want to construct a square-base, open top box. We have exactly &lt;/span&gt;&lt;span style="font-family:'Arial'; color:#000000;"&gt;&lt;IMG src="ppg/respondus/Optimization_Modeling_Post_BB_Test/eq_04a14e.gif" alt="equation" border=0 align="absmiddle"&gt;&lt;/span&gt;&lt;span style="font-family:'Arial';"&gt; of material for building the box. If we use all of the material in building the box, what is the largest volume we could enclose in the box? (round your answer to 3 decimal places.)&lt;br&gt;&lt;/span&gt;&lt;span style="font-family:'Arial'; color:#000000;"&gt;&lt;IMG src="ppg/respondus/Optimization_Modeling_Post_BB_Test/box4.png" alt="image" align="bottom" border=0&gt;&lt;/span&gt;&lt;span style="font-family:'Arial';"&gt; &lt;/span&gt;</mattext></material><response_extension><d2l_2p0:display_style>2</d2l_2p0:display_style><d2l_2p0:enumeration>6</d2l_2p0:enumeration><d2l_2p0:grading_type>0</d2l_2p0:grading_type></response_extension><response_lid ident="QUES_42757076_42761157_LID" rcardinality="Single"><render_choice shuffle="no"><flow_label class="Block"><response_label ident="QUES_42757076_42761157_A130833705"><flow_mat><material><mattext texttype="text/html">&lt;span style="font-family:'Arial';"&gt;0&lt;/span&gt;</mattext></material></flow_mat></response_label></flow_label><flow_label class="Block"><response_label ident="QUES_42757076_42761157_A130833706"><flow_mat><material><mattext texttype="text/html">&lt;span style="font-family:'Arial';"&gt;1.826&lt;/span&gt;</mattext></material></flow_mat></response_label></flow_label><flow_label class="Block"><response_label ident="QUES_42757076_42761157_A130833707"><flow_mat><material><mattext texttype="text/html">&lt;span style="font-family:'Arial';"&gt;2.152&lt;/span&gt;</mattext></material></flow_mat></response_label></flow_label><flow_label class="Block"><response_label ident="QUES_42757076_42761157_A130833708"><flow_mat><material><mattext texttype="text/html">&lt;span style="font-family:'Arial';"&gt;3.043&lt;/span&gt;</mattext></material></flow_mat></response_label></flow_label><flow_label class="Block"><response_label ident="QUES_42757076_42761157_A130833709"><flow_mat><material><mattext texttype="text/html">&lt;span style="font-family:'Arial';"&gt;5&lt;/span&gt;</mattext></material></flow_mat></response_label></flow_label><flow_label class="Block"><response_label ident="QUES_42757076_42761157_A130833710"><flow_mat><material><mattext texttype="text/html">&lt;span style="font-family:'Arial';"&gt;8&lt;/span&gt;</mattext></material></flow_mat></response_label></flow_label><flow_label class="Block"><response_label ident="QUES_42757076_42761157_A130833711"><flow_mat><material><mattext texttype="text/html">&lt;span style="font-family:'Arial';"&gt;10&lt;/span&gt;</mattext></material></flow_mat></response_label></flow_label><flow_label class="Block"><response_label ident="QUES_42757076_42761157_A130833712"><flow_mat><material><mattext texttype="text/html">&lt;span style="font-family:'Arial';"&gt;15&lt;/span&gt;</mattext></material></flow_mat></response_label></flow_label><flow_label class="Block"><response_label ident="QUES_42757076_42761157_A130833713"><flow_mat><material><mattext texttype="text/html">&lt;span style="font-family:'Arial';"&gt;100&lt;/span&gt;</mattext></material></flow_mat></response_label></flow_label></render_choice></response_lid></flow></presentation><resprocessing><respcondition title="Response Condition 1"><conditionvar><varequal respident="QUES_42757076_42761157_LID">QUES_42757076_42761157_A130833705</varequal></conditionvar><setvar action="Set">0.000000000</setvar><displayfeedback feedbacktype="Response" linkrefid="QUES_42757076_42761157_IF130833705" /></respcondition><respcondition title="Response Condition 2"><conditionvar><varequal respident="QUES_42757076_42761157_LID">QUES_42757076_42761157_A130833706</varequal></conditionvar><setvar action="Set">0.000000000</setvar><displayfeedback feedbacktype="Response" linkrefid="QUES_42757076_42761157_IF130833706" /></respcondition><respcondition title="Response Condition 3"><conditionvar><varequal respident="QUES_42757076_42761157_LID">QUES_42757076_42761157_A130833707</varequal></conditionvar><setvar action="Set">0.000000000</setvar><displayfeedback feedbacktype="Response" linkrefid="QUES_42757076_42761157_IF130833707" /></respcondition><respcondition title="Response Condition 4"><conditionvar><varequal respident="QUES_42757076_42761157_LID">QUES_42757076_42761157_A130833708</varequal></conditionvar><setvar action="Set">100.000000000</setvar><displayfeedback feedbacktype="Response" linkrefid="QUES_42757076_42761157_IF130833708" /></respcondition><respcondition title="Response Condition 5"><conditionvar><varequal respident="QUES_42757076_42761157_LID">QUES_42757076_42761157_A130833709</varequal></conditionvar><setvar action="Set">0.000000000</setvar><displayfeedback feedbacktype="Response" linkrefid="QUES_42757076_42761157_IF130833709" /></respcondition><respcondition title="Response Condition 6"><conditionvar><varequal respident="QUES_42757076_42761157_LID">QUES_42757076_42761157_A130833710</varequal></conditionvar><setvar action="Set">0.000000000</setvar><displayfeedback feedbacktype="Response" linkrefid="QUES_42757076_42761157_IF130833710" /></respcondition><respcondition title="Response Condition 7"><conditionvar><varequal respident="QUES_42757076_42761157_LID">QUES_42757076_42761157_A130833711</varequal></conditionvar><setvar action="Set">0.000000000</setvar><displayfeedback feedbacktype="Response" linkrefid="QUES_42757076_42761157_IF130833711" /></respcondition><respcondition title="Response Condition 8"><conditionvar><varequal respident="QUES_42757076_42761157_LID">QUES_42757076_42761157_A130833712</varequal></conditionvar><setvar action="Set">0.000000000</setvar><displayfeedback feedbacktype="Response" linkrefid="QUES_42757076_42761157_IF130833712" /></respcondition><respcondition title="Response Condition 9"><conditionvar><varequal respident="QUES_42757076_42761157_LID">QUES_42757076_42761157_A130833713</varequal></conditionvar><setvar action="Set">0.000000000</setvar><displayfeedback feedbacktype="Response" linkrefid="QUES_42757076_42761157_IF130833713" /></respcondition></resprocessing><itemfeedback ident="QUES_42757076_42761157_IF130833705"><material><mattext texttype="text/plain" /></material></itemfeedback><itemfeedback ident="QUES_42757076_42761157_IF130833706"><material><mattext texttype="text/plain" /></material></itemfeedback><itemfeedback ident="QUES_42757076_42761157_IF130833707"><material><mattext texttype="text/plain" /></material></itemfeedback><itemfeedback ident="QUES_42757076_42761157_IF130833708"><material><mattext texttype="text/plain" /></material></itemfeedback><itemfeedback ident="QUES_42757076_42761157_IF130833709"><material><mattext texttype="text/plain" /></material></itemfeedback><itemfeedback ident="QUES_42757076_42761157_IF130833710"><material><mattext texttype="text/plain" /></material></itemfeedback><itemfeedback ident="QUES_42757076_42761157_IF130833711"><material><mattext texttype="text/plain" /></material></itemfeedback><itemfeedback ident="QUES_42757076_42761157_IF130833712"><material><mattext texttype="text/plain" /></material></itemfeedback><itemfeedback ident="QUES_42757076_42761157_IF130833713"><material><mattext texttype="text/plain" /></material></itemfeedback></item></section></assessment></questestinterop>