﻿<?xml version="1.0" encoding="UTF-8"?><questestinterop xmlns:d2l_2p0="http://desire2learn.com/xsd/d2lcp_v2p0"><assessment d2l_2p0:id="426" title="Varying Rates of Change PostVideo Questions" ident="res_quiz_122381" d2l_2p0:resource_code="ef9e56cc46d3486a98963923-106"><rubric><flow_mat><material><mattext d2l_2p0:isdisplayed="yes" texttype="text/html">&lt;p&gt;&lt;span style="color: #292b2c; font-family: 'Avenir Next', sans-serif; font-size: medium; font-style: normal; font-variant-ligatures: normal; font-variant-caps: normal; font-weight: 400; letter-spacing: normal; orphans: 2; text-align: start; text-indent: 0px; text-transform: none; white-space: normal; widows: 2; word-spacing: 0px; -webkit-text-stroke-width: 0px; text-decoration-style: initial; text-decoration-color: initial; float: none; display: inline !important;"&gt;Answer all questions.&lt;/span&gt;&lt;/p&gt;</mattext></material></flow_mat></rubric><assessmentcontrol hintswitch="no" solutionswitch="yes" feedbackswitch="no" /><presentation_material><flow_mat><material label="page header"><mattext d2l_2p0:isdisplayed="no" texttype="text/html" /></material><material label="page footer"><mattext d2l_2p0:isdisplayed="no" texttype="text/html" /></material></flow_mat></presentation_material><assess_procextension><d2l_2p0:intro_message d2l_2p0:isdisplayed="yes" texttype="text/html">&lt;p&gt;&lt;span style="color: #292b2c; font-family: 'Avenir Next', sans-serif; font-size: medium; font-style: normal; font-variant-ligatures: normal; font-variant-caps: normal; font-weight: 400; letter-spacing: normal; orphans: 2; text-align: start; text-indent: 0px; text-transform: none; white-space: normal; widows: 2; word-spacing: 0px; -webkit-text-stroke-width: 0px; text-decoration-style: initial; text-decoration-color: initial; float: none; display: inline !important;"&gt;PostVideo Questions are intended to measure your learning from the video. This is for a grade. You get three attempts. Your last attempt is the only attempt that counts toward your grade.&lt;/span&gt;&lt;/p&gt;</d2l_2p0:intro_message><d2l_2p0:disable_right_click>no</d2l_2p0:disable_right_click><d2l_2p0:disable_pager_access>no</d2l_2p0:disable_pager_access><is_active>yes</is_active><d2l_2p0:date_start /><d2l_2p0:date_end /><d2l_2p0:date_due /><d2l_2p0:has_schedule_event>no</d2l_2p0:has_schedule_event><d2l_2p0:is_attempt_Rldb>no</d2l_2p0:is_attempt_Rldb><d2l_2p0:is_subview_Rldb>no</d2l_2p0:is_subview_Rldb><d2l_2p0:time_limit>120</d2l_2p0:time_limit><d2l_2p0:show_clock>yes</d2l_2p0:show_clock><d2l_2p0:enforce_time_limit>yes</d2l_2p0:enforce_time_limit><d2l_2p0:grace_period>5</d2l_2p0:grace_period><d2l_2p0:late_limit>0</d2l_2p0:late_limit><d2l_2p0:attempts_allowed>3</d2l_2p0:attempts_allowed><d2l_2p0:attempt_restrictions /><d2l_2p0:mark_calculation_type>1</d2l_2p0:mark_calculation_type><d2l_2p0:is_forward_only>no</d2l_2p0:is_forward_only></assess_procextension><assessfeedback title=""><rubric><flow_mat><material><mattext texttype="yes">Your quiz has been submitted successfully.</mattext></material></flow_mat></rubric><d2l_2p0:duration>0</d2l_2p0:duration><d2l_2p0:response_display_type_id>1</d2l_2p0:response_display_type_id><d2l_2p0:show_correct_answers>no</d2l_2p0:show_correct_answers><d2l_2p0:submission_restrictip>no</d2l_2p0:submission_restrictip><d2l_2p0:show_class_average>no</d2l_2p0:show_class_average><d2l_2p0:show_score_distribution>no</d2l_2p0:show_score_distribution></assessfeedback><section ident="CONTAINER_SECTION"><item ident="OBJ_1651105" label="QUES_42756912_42760993" d2l_2p0:page="1"><itemmetadata><qtimetadata><qti_metadatafield><fieldlabel>qmd_computerscored</fieldlabel><fieldentry>yes</fieldentry></qti_metadatafield><qti_metadatafield><fieldlabel>qmd_questiontype</fieldlabel><fieldentry>Multiple Choice</fieldentry></qti_metadatafield><qti_metadatafield><fieldlabel>qmd_weighting</fieldlabel><fieldentry>1.000000000</fieldentry></qti_metadatafield><qti_metadatafield><fieldlabel>qmd_globalid</fieldlabel><fieldentry>4c774391-7624-41cc-89c5-460b6b8bda28</fieldentry></qti_metadatafield><qti_metadatafield><fieldlabel>qmd_displayid</fieldlabel><fieldentry>Sample Course-74111</fieldentry></qti_metadatafield></qtimetadata></itemmetadata><itemproc_extension><d2l_2p0:difficulty>3</d2l_2p0:difficulty><d2l_2p0:isbonus>no</d2l_2p0:isbonus><d2l_2p0:ismandatory>yes</d2l_2p0:ismandatory></itemproc_extension><presentation><flow><material><mattext texttype="text/html">&lt;p&gt;&lt;span style="font-size: 14pt; font-family: 'Avenir Next', sans-serif; color: #292b2c; background-image: initial; background-position: initial; background-size: initial; background-repeat: initial; background-attachment: initial; background-origin: initial; background-clip: initial;"&gt;A man throws a baseball horizontally off of the top of a building. Which of the following statements accurately represent the relationship between the ball's vertical distance from its initial position at the top of the building and the number of seconds elapsed since the man threw the baseball? Select the answer which correctly communicates the most information.&lt;/span&gt;&lt;/p&gt;</mattext></material><response_extension><d2l_2p0:display_style>2</d2l_2p0:display_style><d2l_2p0:enumeration>6</d2l_2p0:enumeration><d2l_2p0:grading_type>0</d2l_2p0:grading_type></response_extension><response_lid ident="QUES_42756912_42760993_LID" rcardinality="Single"><render_choice shuffle="no"><flow_label class="Block"><response_label ident="QUES_42756912_42760993_A130832747"><flow_mat><material><mattext texttype="text/html">&lt;p&gt;&lt;span style="font-size: 14.0pt; font-family: 'Avenir Next',sans-serif;"&gt;As the number of seconds elapsed since the man threw the baseball increases, the ball's vertical distance from its initial position increases.&lt;/span&gt;&lt;/p&gt;</mattext></material></flow_mat></response_label></flow_label><flow_label class="Block"><response_label ident="QUES_42756912_42760993_A130832748"><flow_mat><material><mattext texttype="text/html">&lt;p&gt;&lt;span style="font-size: 14.0pt; font-family: 'Avenir Next',sans-serif;"&gt;As the number of seconds elapsed since the man threw the baseball increases, the ball's vertical distance from its initial position decreases.&lt;/span&gt;&lt;/p&gt;</mattext></material></flow_mat></response_label></flow_label><flow_label class="Block"><response_label ident="QUES_42756912_42760993_A130832749"><flow_mat><material><mattext texttype="text/html">&lt;p&gt;&lt;span style="font-size: 14.0pt; font-family: 'Avenir Next',sans-serif;"&gt;For successive uniform changes in the number of seconds elapsed since the man threw the baseball, the ball's vertical distance from its initial position changes by equal amounts.&lt;/span&gt;&lt;/p&gt;</mattext></material></flow_mat></response_label></flow_label><flow_label class="Block"><response_label ident="QUES_42756912_42760993_A130832750"><flow_mat><material><mattext texttype="text/html">&lt;p&gt;&lt;span style="font-size: 14.0pt; font-family: 'Avenir Next',sans-serif;"&gt;For successive uniform changes in the number of seconds elapsed since the man threw the baseball, the ball's vertical distance from its initial position changes by increasing amounts.&lt;/span&gt;&lt;/p&gt;</mattext></material></flow_mat></response_label></flow_label><flow_label class="Block"><response_label ident="QUES_42756912_42760993_A130832751"><flow_mat><material><mattext texttype="text/html">&lt;p&gt;&lt;span style="font-size: 14.0pt; font-family: 'Avenir Next',sans-serif;"&gt;For successive uniform changes in the number of seconds elapsed since the man threw the baseball, the ball's vertical distance from its initial position changes by decreasing amounts.&lt;/span&gt;&lt;/p&gt;</mattext></material></flow_mat></response_label></flow_label></render_choice></response_lid></flow></presentation><resprocessing><respcondition title="Response Condition 1"><conditionvar><varequal respident="QUES_42756912_42760993_LID">QUES_42756912_42760993_A130832747</varequal></conditionvar><setvar action="Set">0.000000000</setvar><displayfeedback feedbacktype="Response" linkrefid="QUES_42756912_42760993_IF130832747" /></respcondition><respcondition title="Response Condition 2"><conditionvar><varequal respident="QUES_42756912_42760993_LID">QUES_42756912_42760993_A130832748</varequal></conditionvar><setvar action="Set">0.000000000</setvar><displayfeedback feedbacktype="Response" linkrefid="QUES_42756912_42760993_IF130832748" /></respcondition><respcondition title="Response Condition 3"><conditionvar><varequal respident="QUES_42756912_42760993_LID">QUES_42756912_42760993_A130832749</varequal></conditionvar><setvar action="Set">0.000000000</setvar><displayfeedback feedbacktype="Response" linkrefid="QUES_42756912_42760993_IF130832749" /></respcondition><respcondition title="Response Condition 4"><conditionvar><varequal respident="QUES_42756912_42760993_LID">QUES_42756912_42760993_A130832750</varequal></conditionvar><setvar action="Set">100.000000000</setvar><displayfeedback feedbacktype="Response" linkrefid="QUES_42756912_42760993_IF130832750" /></respcondition><respcondition title="Response Condition 5"><conditionvar><varequal respident="QUES_42756912_42760993_LID">QUES_42756912_42760993_A130832751</varequal></conditionvar><setvar action="Set">0.000000000</setvar><displayfeedback feedbacktype="Response" linkrefid="QUES_42756912_42760993_IF130832751" /></respcondition></resprocessing><itemfeedback ident="QUES_42756912_42760993_IF130832747"><material><mattext texttype="text/plain" /></material></itemfeedback><itemfeedback ident="QUES_42756912_42760993_IF130832748"><material><mattext texttype="text/plain" /></material></itemfeedback><itemfeedback ident="QUES_42756912_42760993_IF130832749"><material><mattext texttype="text/plain" /></material></itemfeedback><itemfeedback ident="QUES_42756912_42760993_IF130832750"><material><mattext texttype="text/plain" /></material></itemfeedback><itemfeedback ident="QUES_42756912_42760993_IF130832751"><material><mattext texttype="text/plain" /></material></itemfeedback></item><item ident="OBJ_1651106" label="QUES_42756913_42760994" d2l_2p0:page="1"><itemmetadata><qtimetadata><qti_metadatafield><fieldlabel>qmd_computerscored</fieldlabel><fieldentry>yes</fieldentry></qti_metadatafield><qti_metadatafield><fieldlabel>qmd_questiontype</fieldlabel><fieldentry>Multiple Choice</fieldentry></qti_metadatafield><qti_metadatafield><fieldlabel>qmd_weighting</fieldlabel><fieldentry>1.000000000</fieldentry></qti_metadatafield><qti_metadatafield><fieldlabel>qmd_globalid</fieldlabel><fieldentry>fb4c0f41-4287-446d-9a95-c3d1015846cf</fieldentry></qti_metadatafield><qti_metadatafield><fieldlabel>qmd_displayid</fieldlabel><fieldentry>Sample Course-74112</fieldentry></qti_metadatafield></qtimetadata></itemmetadata><itemproc_extension><d2l_2p0:difficulty>3</d2l_2p0:difficulty><d2l_2p0:isbonus>no</d2l_2p0:isbonus><d2l_2p0:ismandatory>yes</d2l_2p0:ismandatory></itemproc_extension><presentation><flow><material><mattext texttype="text/html">&lt;p&gt;&lt;span style="font-size: 14pt; font-family: 'Avenir Next', sans-serif; color: #292b2c; background-image: initial; background-position: initial; background-size: initial; background-repeat: initial; background-attachment: initial; background-origin: initial; background-clip: initial;"&gt;Imagine the bottle below being filled with water. &lt;/span&gt;&lt;/p&gt;  &lt;p&gt;&lt;img src="csfiles/home_dir/JMartinBb/Screen Shot 2020-05-06 at 6.05.32 PM.png" width="658" height="952" alt="Bottle 2"&gt;&lt;/p&gt;  &lt;p&gt;&lt;span style="font-size: 14pt; font-family: 'Avenir Next', sans-serif; color: #292b2c; background-image: initial; background-position: initial; background-size: initial; background-repeat: initial; background-attachment: initial; background-origin: initial; background-clip: initial;"&gt;Which of the following statements most accurately represents the relationship between the volume of water in the bottle and the distance from the surface of the water to the top of the&amp;nbsp;bottle?&amp;nbsp;Select the answer which correctly communicates the most information.&lt;/span&gt;&lt;/p&gt;</mattext></material><response_extension><d2l_2p0:display_style>2</d2l_2p0:display_style><d2l_2p0:enumeration>6</d2l_2p0:enumeration><d2l_2p0:grading_type>0</d2l_2p0:grading_type></response_extension><response_lid ident="QUES_42756913_42760994_LID" rcardinality="Single"><render_choice shuffle="no"><flow_label class="Block"><response_label ident="QUES_42756913_42760994_A130832752"><flow_mat><material><mattext texttype="text/html">&lt;p&gt;&lt;span style="font-size: 14.0pt; font-family: 'Avenir Next',sans-serif;"&gt;As the volume of water in the bottle increases, the distance from the surface of the water to the top of&amp;nbsp;the bottle decreases.&lt;/span&gt;&lt;/p&gt;</mattext></material></flow_mat></response_label></flow_label><flow_label class="Block"><response_label ident="QUES_42756913_42760994_A130832753"><flow_mat><material><mattext texttype="text/html">&lt;p&gt;&lt;span style="font-size: 14.0pt; font-family: 'Avenir Next',sans-serif;"&gt;As the volume of water in the bottle increases, the distance from the surface&amp;nbsp;of the&amp;nbsp;water to the top of&amp;nbsp;the bottle increases.&lt;/span&gt;&lt;/p&gt;</mattext></material></flow_mat></response_label></flow_label><flow_label class="Block"><response_label ident="QUES_42756913_42760994_A130832754"><flow_mat><material><mattext texttype="text/html">&lt;p&gt;&lt;span style="font-size: 14.0pt; font-family: 'Avenir Next',sans-serif;"&gt;For successive uniform changes in the volume of water in the bottle, the distance from the surface&amp;nbsp;of the&amp;nbsp;water to the top of&amp;nbsp;the bottle&amp;nbsp;changes by increasing amounts.&lt;/span&gt;&lt;/p&gt;</mattext></material></flow_mat></response_label></flow_label><flow_label class="Block"><response_label ident="QUES_42756913_42760994_A130832755"><flow_mat><material><mattext texttype="text/html">&lt;p&gt;&lt;span style="font-size: 14.0pt; font-family: 'Avenir Next',sans-serif;"&gt;For successive uniform changes in the volume of water in the bottle, the distance from the surface&amp;nbsp;of the&amp;nbsp;water to the top of&amp;nbsp;the bottle changes by decreasing amounts.&lt;/span&gt;&lt;/p&gt;</mattext></material></flow_mat></response_label></flow_label><flow_label class="Block"><response_label ident="QUES_42756913_42760994_A130832756"><flow_mat><material><mattext texttype="text/html">&lt;p&gt;&lt;span style="font-size: 14.0pt; font-family: 'Avenir Next',sans-serif;"&gt;For successive uniform changes in the volume of water in the bottle, the distance from the surface&amp;nbsp;of the&amp;nbsp;water to the top of&amp;nbsp;the bottle changes by equal amounts.&lt;/span&gt;&lt;/p&gt;</mattext></material></flow_mat></response_label></flow_label></render_choice></response_lid></flow></presentation><resprocessing><respcondition title="Response Condition 1"><conditionvar><varequal respident="QUES_42756913_42760994_LID">QUES_42756913_42760994_A130832752</varequal></conditionvar><setvar action="Set">0.000000000</setvar><displayfeedback feedbacktype="Response" linkrefid="QUES_42756913_42760994_IF130832752" /></respcondition><respcondition title="Response Condition 2"><conditionvar><varequal respident="QUES_42756913_42760994_LID">QUES_42756913_42760994_A130832753</varequal></conditionvar><setvar action="Set">0.000000000</setvar><displayfeedback feedbacktype="Response" linkrefid="QUES_42756913_42760994_IF130832753" /></respcondition><respcondition title="Response Condition 3"><conditionvar><varequal respident="QUES_42756913_42760994_LID">QUES_42756913_42760994_A130832754</varequal></conditionvar><setvar action="Set">0.000000000</setvar><displayfeedback feedbacktype="Response" linkrefid="QUES_42756913_42760994_IF130832754" /></respcondition><respcondition title="Response Condition 4"><conditionvar><varequal respident="QUES_42756913_42760994_LID">QUES_42756913_42760994_A130832755</varequal></conditionvar><setvar action="Set">100.000000000</setvar><displayfeedback feedbacktype="Response" linkrefid="QUES_42756913_42760994_IF130832755" /></respcondition><respcondition title="Response Condition 5"><conditionvar><varequal respident="QUES_42756913_42760994_LID">QUES_42756913_42760994_A130832756</varequal></conditionvar><setvar action="Set">0.000000000</setvar><displayfeedback feedbacktype="Response" linkrefid="QUES_42756913_42760994_IF130832756" /></respcondition></resprocessing><itemfeedback ident="QUES_42756913_42760994_IF130832752"><material><mattext texttype="text/plain" /></material></itemfeedback><itemfeedback ident="QUES_42756913_42760994_IF130832753"><material><mattext texttype="text/plain" /></material></itemfeedback><itemfeedback ident="QUES_42756913_42760994_IF130832754"><material><mattext texttype="text/plain" /></material></itemfeedback><itemfeedback ident="QUES_42756913_42760994_IF130832755"><material><mattext texttype="text/plain" /></material></itemfeedback><itemfeedback ident="QUES_42756913_42760994_IF130832756"><material><mattext texttype="text/plain" /></material></itemfeedback></item></section></assessment></questestinterop>