﻿<?xml version="1.0" encoding="UTF-8"?><questestinterop xmlns:d2l_2p0="http://desire2learn.com/xsd/d2lcp_v2p0"><assessment d2l_2p0:id="406" title="Graphing Derivatives PostVideo Questions" ident="res_quiz_122361" d2l_2p0:resource_code="ef9e56cc46d3486a98963923-86"><rubric><flow_mat><material><mattext d2l_2p0:isdisplayed="no" texttype="text/html" /></material></flow_mat></rubric><assessmentcontrol hintswitch="no" solutionswitch="yes" feedbackswitch="no" /><presentation_material><flow_mat><material label="page header"><mattext d2l_2p0:isdisplayed="no" texttype="text/html" /></material><material label="page footer"><mattext d2l_2p0:isdisplayed="no" texttype="text/html" /></material></flow_mat></presentation_material><assess_procextension><d2l_2p0:intro_message d2l_2p0:isdisplayed="yes" texttype="text/html">Respondus</d2l_2p0:intro_message><d2l_2p0:disable_right_click>no</d2l_2p0:disable_right_click><d2l_2p0:disable_pager_access>no</d2l_2p0:disable_pager_access><is_active>yes</is_active><d2l_2p0:date_start /><d2l_2p0:date_end /><d2l_2p0:date_due /><d2l_2p0:has_schedule_event>no</d2l_2p0:has_schedule_event><d2l_2p0:is_attempt_Rldb>no</d2l_2p0:is_attempt_Rldb><d2l_2p0:is_subview_Rldb>no</d2l_2p0:is_subview_Rldb><d2l_2p0:time_limit>120</d2l_2p0:time_limit><d2l_2p0:show_clock>yes</d2l_2p0:show_clock><d2l_2p0:enforce_time_limit>yes</d2l_2p0:enforce_time_limit><d2l_2p0:grace_period>5</d2l_2p0:grace_period><d2l_2p0:late_limit>0</d2l_2p0:late_limit><d2l_2p0:attempts_allowed>3</d2l_2p0:attempts_allowed><d2l_2p0:attempt_restrictions /><d2l_2p0:mark_calculation_type>1</d2l_2p0:mark_calculation_type><d2l_2p0:is_forward_only>no</d2l_2p0:is_forward_only></assess_procextension><assessfeedback title=""><rubric><flow_mat><material><mattext texttype="yes">Your quiz has been submitted successfully.</mattext></material></flow_mat></rubric><d2l_2p0:duration>0</d2l_2p0:duration><d2l_2p0:response_display_type_id>1</d2l_2p0:response_display_type_id><d2l_2p0:show_correct_answers>no</d2l_2p0:show_correct_answers><d2l_2p0:submission_restrictip>no</d2l_2p0:submission_restrictip><d2l_2p0:show_class_average>no</d2l_2p0:show_class_average><d2l_2p0:show_score_distribution>no</d2l_2p0:show_score_distribution></assessfeedback><section ident="CONTAINER_SECTION"><item ident="OBJ_1651042" label="QUES_42756849_42760930" d2l_2p0:page="1"><itemmetadata><qtimetadata><qti_metadatafield><fieldlabel>qmd_computerscored</fieldlabel><fieldentry>yes</fieldentry></qti_metadatafield><qti_metadatafield><fieldlabel>qmd_questiontype</fieldlabel><fieldentry>Multiple Choice</fieldentry></qti_metadatafield><qti_metadatafield><fieldlabel>qmd_weighting</fieldlabel><fieldentry>1.000000000</fieldentry></qti_metadatafield><qti_metadatafield><fieldlabel>qmd_globalid</fieldlabel><fieldentry>17f6f364-859f-4345-9391-2146c634ecc2</fieldentry></qti_metadatafield><qti_metadatafield><fieldlabel>qmd_displayid</fieldlabel><fieldentry>Sample Course-74048</fieldentry></qti_metadatafield></qtimetadata></itemmetadata><itemproc_extension><d2l_2p0:difficulty>3</d2l_2p0:difficulty><d2l_2p0:isbonus>no</d2l_2p0:isbonus><d2l_2p0:ismandatory>yes</d2l_2p0:ismandatory></itemproc_extension><presentation><flow><material><mattext texttype="text/html">&lt;!--RsQ_001--&gt;&lt;span style="font-family:'Arial';"&gt;The graph of the function &lt;/span&gt;&lt;span style="font-family:'Arial';"&gt;&lt;i&gt;g&lt;/i&gt;&lt;/span&gt;&lt;span style="font-family:'Arial';"&gt; is shown below.&lt;br&gt;&lt;/span&gt;&lt;span style="font-family:'Arial'; color:#000000;"&gt;&lt;IMG src="ppg/respondus/Graphing_Derivatives_Post_bb_non_pool/post.png" alt="image" align="bottom" border=0&gt;&lt;/span&gt;&lt;span style="font-family:'Arial';"&gt;&lt;br&gt;On the interval [-6, -4], is &lt;/span&gt;&lt;span style="font-family:'Arial';"&gt;&lt;i&gt;g'(x)&lt;/i&gt;&lt;/span&gt;&lt;span style="font-family:'Arial';"&gt;: &lt;/span&gt;</mattext></material><response_extension><d2l_2p0:display_style>2</d2l_2p0:display_style><d2l_2p0:enumeration>6</d2l_2p0:enumeration><d2l_2p0:grading_type>0</d2l_2p0:grading_type></response_extension><response_lid ident="QUES_42756849_42760930_LID" rcardinality="Single"><render_choice shuffle="no"><flow_label class="Block"><response_label ident="QUES_42756849_42760930_A130832495"><flow_mat><material><mattext texttype="text/html">&lt;span style="font-family:'Arial';"&gt;&amp;lt; 0 &lt;/span&gt;</mattext></material></flow_mat></response_label></flow_label><flow_label class="Block"><response_label ident="QUES_42756849_42760930_A130832496"><flow_mat><material><mattext texttype="text/html">&lt;span style="font-family:'Arial';"&gt;= 0 &lt;/span&gt;</mattext></material></flow_mat></response_label></flow_label><flow_label class="Block"><response_label ident="QUES_42756849_42760930_A130832497"><flow_mat><material><mattext texttype="text/html">&lt;span style="font-family:'Arial';"&gt;&amp;gt; 0 &lt;/span&gt;</mattext></material></flow_mat></response_label></flow_label><flow_label class="Block"><response_label ident="QUES_42756849_42760930_A130832498"><flow_mat><material><mattext texttype="text/html">&lt;span style="font-family:'Arial';"&gt;more than one of the above &lt;/span&gt;</mattext></material></flow_mat></response_label></flow_label></render_choice></response_lid></flow></presentation><resprocessing><respcondition title="Response Condition 1"><conditionvar><varequal respident="QUES_42756849_42760930_LID">QUES_42756849_42760930_A130832495</varequal></conditionvar><setvar action="Set">100.000000000</setvar><displayfeedback feedbacktype="Response" linkrefid="QUES_42756849_42760930_IF130832495" /></respcondition><respcondition title="Response Condition 2"><conditionvar><varequal respident="QUES_42756849_42760930_LID">QUES_42756849_42760930_A130832496</varequal></conditionvar><setvar action="Set">0.000000000</setvar><displayfeedback feedbacktype="Response" linkrefid="QUES_42756849_42760930_IF130832496" /></respcondition><respcondition title="Response Condition 3"><conditionvar><varequal respident="QUES_42756849_42760930_LID">QUES_42756849_42760930_A130832497</varequal></conditionvar><setvar action="Set">0.000000000</setvar><displayfeedback feedbacktype="Response" linkrefid="QUES_42756849_42760930_IF130832497" /></respcondition><respcondition title="Response Condition 4"><conditionvar><varequal respident="QUES_42756849_42760930_LID">QUES_42756849_42760930_A130832498</varequal></conditionvar><setvar action="Set">0.000000000</setvar><displayfeedback feedbacktype="Response" linkrefid="QUES_42756849_42760930_IF130832498" /></respcondition></resprocessing><itemfeedback ident="QUES_42756849_42760930_IF130832495"><material><mattext texttype="text/plain" /></material></itemfeedback><itemfeedback ident="QUES_42756849_42760930_IF130832496"><material><mattext texttype="text/plain" /></material></itemfeedback><itemfeedback ident="QUES_42756849_42760930_IF130832497"><material><mattext texttype="text/plain" /></material></itemfeedback><itemfeedback ident="QUES_42756849_42760930_IF130832498"><material><mattext texttype="text/plain" /></material></itemfeedback></item><item ident="OBJ_1651043" label="QUES_42756850_42760931" d2l_2p0:page="1"><itemmetadata><qtimetadata><qti_metadatafield><fieldlabel>qmd_computerscored</fieldlabel><fieldentry>yes</fieldentry></qti_metadatafield><qti_metadatafield><fieldlabel>qmd_questiontype</fieldlabel><fieldentry>Multiple Choice</fieldentry></qti_metadatafield><qti_metadatafield><fieldlabel>qmd_weighting</fieldlabel><fieldentry>1.000000000</fieldentry></qti_metadatafield><qti_metadatafield><fieldlabel>qmd_globalid</fieldlabel><fieldentry>00127ff1-7203-4144-b0d4-c297dee769bd</fieldentry></qti_metadatafield><qti_metadatafield><fieldlabel>qmd_displayid</fieldlabel><fieldentry>Sample Course-74049</fieldentry></qti_metadatafield></qtimetadata></itemmetadata><itemproc_extension><d2l_2p0:difficulty>3</d2l_2p0:difficulty><d2l_2p0:isbonus>no</d2l_2p0:isbonus><d2l_2p0:ismandatory>yes</d2l_2p0:ismandatory></itemproc_extension><presentation><flow><material><mattext texttype="text/html">&lt;!--RsQ_002--&gt;&lt;span style="font-family:'Arial';"&gt;The graph of the function &lt;/span&gt;&lt;span style="font-family:'Arial';"&gt;&lt;i&gt;g&lt;/i&gt;&lt;/span&gt;&lt;span style="font-family:'Arial';"&gt; is shown below.&lt;br&gt;&lt;/span&gt;&lt;span style="font-family:'Arial'; color:#000000;"&gt;&lt;IMG src="ppg/respondus/Graphing_Derivatives_Post_bb_non_pool/post.png" alt="image" align="bottom" border=0&gt;&lt;/span&gt;&lt;span style="font-family:'Arial';"&gt;&lt;br&gt;On the interval [-4, -2], is &lt;/span&gt;&lt;span style="font-family:'Arial';"&gt;&lt;i&gt;g'(x)&lt;/i&gt;&lt;/span&gt;&lt;span style="font-family:'Arial';"&gt;: &lt;/span&gt;</mattext></material><response_extension><d2l_2p0:display_style>2</d2l_2p0:display_style><d2l_2p0:enumeration>6</d2l_2p0:enumeration><d2l_2p0:grading_type>0</d2l_2p0:grading_type></response_extension><response_lid ident="QUES_42756850_42760931_LID" rcardinality="Single"><render_choice shuffle="no"><flow_label class="Block"><response_label ident="QUES_42756850_42760931_A130832499"><flow_mat><material><mattext texttype="text/html">&lt;span style="font-family:'Arial';"&gt;&amp;lt; 0 &lt;/span&gt;</mattext></material></flow_mat></response_label></flow_label><flow_label class="Block"><response_label ident="QUES_42756850_42760931_A130832500"><flow_mat><material><mattext texttype="text/html">&lt;span style="font-family:'Arial';"&gt;= 0 &lt;/span&gt;</mattext></material></flow_mat></response_label></flow_label><flow_label class="Block"><response_label ident="QUES_42756850_42760931_A130832501"><flow_mat><material><mattext texttype="text/html">&lt;span style="font-family:'Arial';"&gt;&amp;gt; 0 &lt;/span&gt;</mattext></material></flow_mat></response_label></flow_label><flow_label class="Block"><response_label ident="QUES_42756850_42760931_A130832502"><flow_mat><material><mattext texttype="text/html">&lt;span style="font-family:'Arial';"&gt;more than one of the above &lt;/span&gt;</mattext></material></flow_mat></response_label></flow_label></render_choice></response_lid></flow></presentation><resprocessing><respcondition title="Response Condition 1"><conditionvar><varequal respident="QUES_42756850_42760931_LID">QUES_42756850_42760931_A130832499</varequal></conditionvar><setvar action="Set">0.000000000</setvar><displayfeedback feedbacktype="Response" linkrefid="QUES_42756850_42760931_IF130832499" /></respcondition><respcondition title="Response Condition 2"><conditionvar><varequal respident="QUES_42756850_42760931_LID">QUES_42756850_42760931_A130832500</varequal></conditionvar><setvar action="Set">0.000000000</setvar><displayfeedback feedbacktype="Response" linkrefid="QUES_42756850_42760931_IF130832500" /></respcondition><respcondition title="Response Condition 3"><conditionvar><varequal respident="QUES_42756850_42760931_LID">QUES_42756850_42760931_A130832501</varequal></conditionvar><setvar action="Set">100.000000000</setvar><displayfeedback feedbacktype="Response" linkrefid="QUES_42756850_42760931_IF130832501" /></respcondition><respcondition title="Response Condition 4"><conditionvar><varequal respident="QUES_42756850_42760931_LID">QUES_42756850_42760931_A130832502</varequal></conditionvar><setvar action="Set">0.000000000</setvar><displayfeedback feedbacktype="Response" linkrefid="QUES_42756850_42760931_IF130832502" /></respcondition></resprocessing><itemfeedback ident="QUES_42756850_42760931_IF130832499"><material><mattext texttype="text/plain" /></material></itemfeedback><itemfeedback ident="QUES_42756850_42760931_IF130832500"><material><mattext texttype="text/plain" /></material></itemfeedback><itemfeedback ident="QUES_42756850_42760931_IF130832501"><material><mattext texttype="text/plain" /></material></itemfeedback><itemfeedback ident="QUES_42756850_42760931_IF130832502"><material><mattext texttype="text/plain" /></material></itemfeedback></item><item ident="OBJ_1651044" label="QUES_42756851_42760932" d2l_2p0:page="1"><itemmetadata><qtimetadata><qti_metadatafield><fieldlabel>qmd_computerscored</fieldlabel><fieldentry>yes</fieldentry></qti_metadatafield><qti_metadatafield><fieldlabel>qmd_questiontype</fieldlabel><fieldentry>Multiple Choice</fieldentry></qti_metadatafield><qti_metadatafield><fieldlabel>qmd_weighting</fieldlabel><fieldentry>1.000000000</fieldentry></qti_metadatafield><qti_metadatafield><fieldlabel>qmd_globalid</fieldlabel><fieldentry>11325812-bbd6-4bd7-aca6-81b32b388a44</fieldentry></qti_metadatafield><qti_metadatafield><fieldlabel>qmd_displayid</fieldlabel><fieldentry>Sample Course-74050</fieldentry></qti_metadatafield></qtimetadata></itemmetadata><itemproc_extension><d2l_2p0:difficulty>3</d2l_2p0:difficulty><d2l_2p0:isbonus>no</d2l_2p0:isbonus><d2l_2p0:ismandatory>yes</d2l_2p0:ismandatory></itemproc_extension><presentation><flow><material><mattext texttype="text/html">&lt;!--RsQ_003--&gt;&lt;span style="font-family:'Arial';"&gt;The graph of the function &lt;/span&gt;&lt;span style="font-family:'Arial';"&gt;&lt;i&gt;g&lt;/i&gt;&lt;/span&gt;&lt;span style="font-family:'Arial';"&gt; is shown below.&lt;br&gt;&lt;/span&gt;&lt;span style="font-family:'Arial'; color:#000000;"&gt;&lt;IMG src="ppg/respondus/Graphing_Derivatives_Post_bb_non_pool/post.png" alt="image" align="bottom" border=0&gt;&lt;/span&gt;&lt;span style="font-family:'Arial';"&gt;&lt;br&gt;On the interval [0, 2], is &lt;/span&gt;&lt;span style="font-family:'Arial';"&gt;&lt;i&gt;g'(x)&lt;/i&gt;&lt;/span&gt;&lt;span style="font-family:'Arial';"&gt;: &lt;/span&gt;</mattext></material><response_extension><d2l_2p0:display_style>2</d2l_2p0:display_style><d2l_2p0:enumeration>6</d2l_2p0:enumeration><d2l_2p0:grading_type>0</d2l_2p0:grading_type></response_extension><response_lid ident="QUES_42756851_42760932_LID" rcardinality="Single"><render_choice shuffle="no"><flow_label class="Block"><response_label ident="QUES_42756851_42760932_A130832503"><flow_mat><material><mattext texttype="text/html">&lt;span style="font-family:'Arial';"&gt;&amp;lt; 0 &lt;/span&gt;</mattext></material></flow_mat></response_label></flow_label><flow_label class="Block"><response_label ident="QUES_42756851_42760932_A130832504"><flow_mat><material><mattext texttype="text/html">&lt;span style="font-family:'Arial';"&gt;= 0 &lt;/span&gt;</mattext></material></flow_mat></response_label></flow_label><flow_label class="Block"><response_label ident="QUES_42756851_42760932_A130832505"><flow_mat><material><mattext texttype="text/html">&lt;span style="font-family:'Arial';"&gt;&amp;gt; 0 &lt;/span&gt;</mattext></material></flow_mat></response_label></flow_label><flow_label class="Block"><response_label ident="QUES_42756851_42760932_A130832506"><flow_mat><material><mattext texttype="text/html">&lt;span style="font-family:'Arial';"&gt;more than one of the above &lt;/span&gt;</mattext></material></flow_mat></response_label></flow_label></render_choice></response_lid></flow></presentation><resprocessing><respcondition title="Response Condition 1"><conditionvar><varequal respident="QUES_42756851_42760932_LID">QUES_42756851_42760932_A130832503</varequal></conditionvar><setvar action="Set">0.000000000</setvar><displayfeedback feedbacktype="Response" linkrefid="QUES_42756851_42760932_IF130832503" /></respcondition><respcondition title="Response Condition 2"><conditionvar><varequal respident="QUES_42756851_42760932_LID">QUES_42756851_42760932_A130832504</varequal></conditionvar><setvar action="Set">0.000000000</setvar><displayfeedback feedbacktype="Response" linkrefid="QUES_42756851_42760932_IF130832504" /></respcondition><respcondition title="Response Condition 3"><conditionvar><varequal respident="QUES_42756851_42760932_LID">QUES_42756851_42760932_A130832505</varequal></conditionvar><setvar action="Set">100.000000000</setvar><displayfeedback feedbacktype="Response" linkrefid="QUES_42756851_42760932_IF130832505" /></respcondition><respcondition title="Response Condition 4"><conditionvar><varequal respident="QUES_42756851_42760932_LID">QUES_42756851_42760932_A130832506</varequal></conditionvar><setvar action="Set">0.000000000</setvar><displayfeedback feedbacktype="Response" linkrefid="QUES_42756851_42760932_IF130832506" /></respcondition></resprocessing><itemfeedback ident="QUES_42756851_42760932_IF130832503"><material><mattext texttype="text/plain" /></material></itemfeedback><itemfeedback ident="QUES_42756851_42760932_IF130832504"><material><mattext texttype="text/plain" /></material></itemfeedback><itemfeedback ident="QUES_42756851_42760932_IF130832505"><material><mattext texttype="text/plain" /></material></itemfeedback><itemfeedback ident="QUES_42756851_42760932_IF130832506"><material><mattext texttype="text/plain" /></material></itemfeedback></item><item ident="OBJ_1651045" label="QUES_42756852_42760933" d2l_2p0:page="1"><itemmetadata><qtimetadata><qti_metadatafield><fieldlabel>qmd_computerscored</fieldlabel><fieldentry>yes</fieldentry></qti_metadatafield><qti_metadatafield><fieldlabel>qmd_questiontype</fieldlabel><fieldentry>Multiple Choice</fieldentry></qti_metadatafield><qti_metadatafield><fieldlabel>qmd_weighting</fieldlabel><fieldentry>1.000000000</fieldentry></qti_metadatafield><qti_metadatafield><fieldlabel>qmd_globalid</fieldlabel><fieldentry>520affd8-2d1f-47a0-943c-71649144010d</fieldentry></qti_metadatafield><qti_metadatafield><fieldlabel>qmd_displayid</fieldlabel><fieldentry>Sample Course-74051</fieldentry></qti_metadatafield></qtimetadata></itemmetadata><itemproc_extension><d2l_2p0:difficulty>3</d2l_2p0:difficulty><d2l_2p0:isbonus>no</d2l_2p0:isbonus><d2l_2p0:ismandatory>yes</d2l_2p0:ismandatory></itemproc_extension><presentation><flow><material><mattext texttype="text/html">&lt;!--RsQ_004--&gt;&lt;span style="font-family:'Arial';"&gt;The graph of the function &lt;/span&gt;&lt;span style="font-family:'Arial';"&gt;&lt;i&gt;g&lt;/i&gt;&lt;/span&gt;&lt;span style="font-family:'Arial';"&gt; is shown below.&lt;br&gt;&lt;/span&gt;&lt;span style="font-family:'Arial'; color:#000000;"&gt;&lt;IMG src="ppg/respondus/Graphing_Derivatives_Post_bb_non_pool/post.png" alt="image" align="bottom" border=0&gt;&lt;/span&gt;&lt;span style="font-family:'Arial';"&gt;&lt;br&gt;On the interval [2, 4], is &lt;/span&gt;&lt;span style="font-family:'Arial';"&gt;&lt;i&gt;g'(x)&lt;/i&gt;&lt;/span&gt;&lt;span style="font-family:'Arial';"&gt;: &lt;/span&gt;</mattext></material><response_extension><d2l_2p0:display_style>2</d2l_2p0:display_style><d2l_2p0:enumeration>6</d2l_2p0:enumeration><d2l_2p0:grading_type>0</d2l_2p0:grading_type></response_extension><response_lid ident="QUES_42756852_42760933_LID" rcardinality="Single"><render_choice shuffle="no"><flow_label class="Block"><response_label ident="QUES_42756852_42760933_A130832507"><flow_mat><material><mattext texttype="text/html">&lt;span style="font-family:'Arial';"&gt;&amp;lt; 0 &lt;/span&gt;</mattext></material></flow_mat></response_label></flow_label><flow_label class="Block"><response_label ident="QUES_42756852_42760933_A130832508"><flow_mat><material><mattext texttype="text/html">&lt;span style="font-family:'Arial';"&gt;= 0 &lt;/span&gt;</mattext></material></flow_mat></response_label></flow_label><flow_label class="Block"><response_label ident="QUES_42756852_42760933_A130832509"><flow_mat><material><mattext texttype="text/html">&lt;span style="font-family:'Arial';"&gt;&amp;gt; 0 &lt;/span&gt;</mattext></material></flow_mat></response_label></flow_label><flow_label class="Block"><response_label ident="QUES_42756852_42760933_A130832510"><flow_mat><material><mattext texttype="text/html">&lt;span style="font-family:'Arial';"&gt;more than one of the above &lt;/span&gt;</mattext></material></flow_mat></response_label></flow_label></render_choice></response_lid></flow></presentation><resprocessing><respcondition title="Response Condition 1"><conditionvar><varequal respident="QUES_42756852_42760933_LID">QUES_42756852_42760933_A130832507</varequal></conditionvar><setvar action="Set">0.000000000</setvar><displayfeedback feedbacktype="Response" linkrefid="QUES_42756852_42760933_IF130832507" /></respcondition><respcondition title="Response Condition 2"><conditionvar><varequal respident="QUES_42756852_42760933_LID">QUES_42756852_42760933_A130832508</varequal></conditionvar><setvar action="Set">0.000000000</setvar><displayfeedback feedbacktype="Response" linkrefid="QUES_42756852_42760933_IF130832508" /></respcondition><respcondition title="Response Condition 3"><conditionvar><varequal respident="QUES_42756852_42760933_LID">QUES_42756852_42760933_A130832509</varequal></conditionvar><setvar action="Set">0.000000000</setvar><displayfeedback feedbacktype="Response" linkrefid="QUES_42756852_42760933_IF130832509" /></respcondition><respcondition title="Response Condition 4"><conditionvar><varequal respident="QUES_42756852_42760933_LID">QUES_42756852_42760933_A130832510</varequal></conditionvar><setvar action="Set">100.000000000</setvar><displayfeedback feedbacktype="Response" linkrefid="QUES_42756852_42760933_IF130832510" /></respcondition></resprocessing><itemfeedback ident="QUES_42756852_42760933_IF130832507"><material><mattext texttype="text/plain" /></material></itemfeedback><itemfeedback ident="QUES_42756852_42760933_IF130832508"><material><mattext texttype="text/plain" /></material></itemfeedback><itemfeedback ident="QUES_42756852_42760933_IF130832509"><material><mattext texttype="text/plain" /></material></itemfeedback><itemfeedback ident="QUES_42756852_42760933_IF130832510"><material><mattext texttype="text/plain" /></material></itemfeedback></item><item ident="OBJ_1651046" label="QUES_42756853_42760934" d2l_2p0:page="1"><itemmetadata><qtimetadata><qti_metadatafield><fieldlabel>qmd_computerscored</fieldlabel><fieldentry>yes</fieldentry></qti_metadatafield><qti_metadatafield><fieldlabel>qmd_questiontype</fieldlabel><fieldentry>Multiple Choice</fieldentry></qti_metadatafield><qti_metadatafield><fieldlabel>qmd_weighting</fieldlabel><fieldentry>1.000000000</fieldentry></qti_metadatafield><qti_metadatafield><fieldlabel>qmd_globalid</fieldlabel><fieldentry>10605fb5-75ee-45d8-9549-fdb95c5cbb8c</fieldentry></qti_metadatafield><qti_metadatafield><fieldlabel>qmd_displayid</fieldlabel><fieldentry>Sample Course-74052</fieldentry></qti_metadatafield></qtimetadata></itemmetadata><itemproc_extension><d2l_2p0:difficulty>3</d2l_2p0:difficulty><d2l_2p0:isbonus>no</d2l_2p0:isbonus><d2l_2p0:ismandatory>yes</d2l_2p0:ismandatory></itemproc_extension><presentation><flow><material><mattext texttype="text/html">&lt;!--RsQ_005--&gt;&lt;span style="font-family:'Arial';"&gt;The graph of the function &lt;/span&gt;&lt;span style="font-family:'Arial';"&gt;&lt;i&gt;g&lt;/i&gt;&lt;/span&gt;&lt;span style="font-family:'Arial';"&gt; is shown below.&lt;br&gt;&lt;/span&gt;&lt;span style="font-family:'Arial'; color:#000000;"&gt;&lt;IMG src="ppg/respondus/Graphing_Derivatives_Post_bb_non_pool/post.png" alt="image" align="bottom" border=0&gt;&lt;/span&gt;&lt;span style="font-family:'Arial';"&gt;&lt;br&gt;On the interval [-6, -4] is &lt;/span&gt;&lt;span style="font-family:'Arial';"&gt;&lt;i&gt;g'(x)&lt;/i&gt;&lt;/span&gt;&lt;span style="font-family:'Arial';"&gt;: &lt;/span&gt;</mattext></material><response_extension><d2l_2p0:display_style>2</d2l_2p0:display_style><d2l_2p0:enumeration>6</d2l_2p0:enumeration><d2l_2p0:grading_type>0</d2l_2p0:grading_type></response_extension><response_lid ident="QUES_42756853_42760934_LID" rcardinality="Single"><render_choice shuffle="no"><flow_label class="Block"><response_label ident="QUES_42756853_42760934_A130832511"><flow_mat><material><mattext texttype="text/html">&lt;span style="font-family:'Arial';"&gt;Increasing &lt;/span&gt;</mattext></material></flow_mat></response_label></flow_label><flow_label class="Block"><response_label ident="QUES_42756853_42760934_A130832512"><flow_mat><material><mattext texttype="text/html">&lt;span style="font-family:'Arial';"&gt;Decreasing &lt;/span&gt;</mattext></material></flow_mat></response_label></flow_label><flow_label class="Block"><response_label ident="QUES_42756853_42760934_A130832513"><flow_mat><material><mattext texttype="text/html">&lt;span style="font-family:'Arial';"&gt;More than one of the above &lt;/span&gt;</mattext></material></flow_mat></response_label></flow_label></render_choice></response_lid></flow></presentation><resprocessing><respcondition title="Response Condition 1"><conditionvar><varequal respident="QUES_42756853_42760934_LID">QUES_42756853_42760934_A130832511</varequal></conditionvar><setvar action="Set">100.000000000</setvar><displayfeedback feedbacktype="Response" linkrefid="QUES_42756853_42760934_IF130832511" /></respcondition><respcondition title="Response Condition 2"><conditionvar><varequal respident="QUES_42756853_42760934_LID">QUES_42756853_42760934_A130832512</varequal></conditionvar><setvar action="Set">0.000000000</setvar><displayfeedback feedbacktype="Response" linkrefid="QUES_42756853_42760934_IF130832512" /></respcondition><respcondition title="Response Condition 3"><conditionvar><varequal respident="QUES_42756853_42760934_LID">QUES_42756853_42760934_A130832513</varequal></conditionvar><setvar action="Set">0.000000000</setvar><displayfeedback feedbacktype="Response" linkrefid="QUES_42756853_42760934_IF130832513" /></respcondition></resprocessing><itemfeedback ident="QUES_42756853_42760934_IF130832511"><material><mattext texttype="text/plain" /></material></itemfeedback><itemfeedback ident="QUES_42756853_42760934_IF130832512"><material><mattext texttype="text/plain" /></material></itemfeedback><itemfeedback ident="QUES_42756853_42760934_IF130832513"><material><mattext texttype="text/plain" /></material></itemfeedback></item><item ident="OBJ_1651047" label="QUES_42756854_42760935" d2l_2p0:page="1"><itemmetadata><qtimetadata><qti_metadatafield><fieldlabel>qmd_computerscored</fieldlabel><fieldentry>yes</fieldentry></qti_metadatafield><qti_metadatafield><fieldlabel>qmd_questiontype</fieldlabel><fieldentry>Multiple Choice</fieldentry></qti_metadatafield><qti_metadatafield><fieldlabel>qmd_weighting</fieldlabel><fieldentry>1.000000000</fieldentry></qti_metadatafield><qti_metadatafield><fieldlabel>qmd_globalid</fieldlabel><fieldentry>13c5bc89-0d2d-42bd-bdac-51c01b48179f</fieldentry></qti_metadatafield><qti_metadatafield><fieldlabel>qmd_displayid</fieldlabel><fieldentry>Sample Course-74053</fieldentry></qti_metadatafield></qtimetadata></itemmetadata><itemproc_extension><d2l_2p0:difficulty>3</d2l_2p0:difficulty><d2l_2p0:isbonus>no</d2l_2p0:isbonus><d2l_2p0:ismandatory>yes</d2l_2p0:ismandatory></itemproc_extension><presentation><flow><material><mattext texttype="text/html">&lt;!--RsQ_006--&gt;&lt;span style="font-family:'Arial';"&gt;The graph of the function &lt;/span&gt;&lt;span style="font-family:'Arial';"&gt;&lt;i&gt;g&lt;/i&gt;&lt;/span&gt;&lt;span style="font-family:'Arial';"&gt; is shown below.&lt;br&gt;&lt;/span&gt;&lt;span style="font-family:'Arial'; color:#000000;"&gt;&lt;IMG src="ppg/respondus/Graphing_Derivatives_Post_bb_non_pool/post.png" alt="image" align="bottom" border=0&gt;&lt;/span&gt;&lt;span style="font-family:'Arial';"&gt;&lt;br&gt;On the interval [-4, -2] is &lt;/span&gt;&lt;span style="font-family:'Arial';"&gt;&lt;i&gt;g'(x)&lt;/i&gt;&lt;/span&gt;&lt;span style="font-family:'Arial';"&gt;: &lt;/span&gt;</mattext></material><response_extension><d2l_2p0:display_style>2</d2l_2p0:display_style><d2l_2p0:enumeration>6</d2l_2p0:enumeration><d2l_2p0:grading_type>0</d2l_2p0:grading_type></response_extension><response_lid ident="QUES_42756854_42760935_LID" rcardinality="Single"><render_choice shuffle="no"><flow_label class="Block"><response_label ident="QUES_42756854_42760935_A130832514"><flow_mat><material><mattext texttype="text/html">&lt;span style="font-family:'Arial';"&gt;Increasing &lt;/span&gt;</mattext></material></flow_mat></response_label></flow_label><flow_label class="Block"><response_label ident="QUES_42756854_42760935_A130832515"><flow_mat><material><mattext texttype="text/html">&lt;span style="font-family:'Arial';"&gt;Decreasing &lt;/span&gt;</mattext></material></flow_mat></response_label></flow_label><flow_label class="Block"><response_label ident="QUES_42756854_42760935_A130832516"><flow_mat><material><mattext texttype="text/html">&lt;span style="font-family:'Arial';"&gt;More than one of the above &lt;/span&gt;</mattext></material></flow_mat></response_label></flow_label></render_choice></response_lid></flow></presentation><resprocessing><respcondition title="Response Condition 1"><conditionvar><varequal respident="QUES_42756854_42760935_LID">QUES_42756854_42760935_A130832514</varequal></conditionvar><setvar action="Set">100.000000000</setvar><displayfeedback feedbacktype="Response" linkrefid="QUES_42756854_42760935_IF130832514" /></respcondition><respcondition title="Response Condition 2"><conditionvar><varequal respident="QUES_42756854_42760935_LID">QUES_42756854_42760935_A130832515</varequal></conditionvar><setvar action="Set">0.000000000</setvar><displayfeedback feedbacktype="Response" linkrefid="QUES_42756854_42760935_IF130832515" /></respcondition><respcondition title="Response Condition 3"><conditionvar><varequal respident="QUES_42756854_42760935_LID">QUES_42756854_42760935_A130832516</varequal></conditionvar><setvar action="Set">0.000000000</setvar><displayfeedback feedbacktype="Response" linkrefid="QUES_42756854_42760935_IF130832516" /></respcondition></resprocessing><itemfeedback ident="QUES_42756854_42760935_IF130832514"><material><mattext texttype="text/plain" /></material></itemfeedback><itemfeedback ident="QUES_42756854_42760935_IF130832515"><material><mattext texttype="text/plain" /></material></itemfeedback><itemfeedback ident="QUES_42756854_42760935_IF130832516"><material><mattext texttype="text/plain" /></material></itemfeedback></item><item ident="OBJ_1651048" label="QUES_42756855_42760936" d2l_2p0:page="1"><itemmetadata><qtimetadata><qti_metadatafield><fieldlabel>qmd_computerscored</fieldlabel><fieldentry>yes</fieldentry></qti_metadatafield><qti_metadatafield><fieldlabel>qmd_questiontype</fieldlabel><fieldentry>Multiple Choice</fieldentry></qti_metadatafield><qti_metadatafield><fieldlabel>qmd_weighting</fieldlabel><fieldentry>1.000000000</fieldentry></qti_metadatafield><qti_metadatafield><fieldlabel>qmd_globalid</fieldlabel><fieldentry>e8cf341f-427c-405d-9571-be49e2244bdc</fieldentry></qti_metadatafield><qti_metadatafield><fieldlabel>qmd_displayid</fieldlabel><fieldentry>Sample Course-74054</fieldentry></qti_metadatafield></qtimetadata></itemmetadata><itemproc_extension><d2l_2p0:difficulty>3</d2l_2p0:difficulty><d2l_2p0:isbonus>no</d2l_2p0:isbonus><d2l_2p0:ismandatory>yes</d2l_2p0:ismandatory></itemproc_extension><presentation><flow><material><mattext texttype="text/html">&lt;!--RsQ_007--&gt;&lt;span style="font-family:'Arial';"&gt;The graph of the function &lt;/span&gt;&lt;span style="font-family:'Arial';"&gt;&lt;i&gt;g&lt;/i&gt;&lt;/span&gt;&lt;span style="font-family:'Arial';"&gt; is shown below.&lt;br&gt;&lt;/span&gt;&lt;span style="font-family:'Arial'; color:#000000;"&gt;&lt;IMG src="ppg/respondus/Graphing_Derivatives_Post_bb_non_pool/post.png" alt="image" align="bottom" border=0&gt;&lt;/span&gt;&lt;span style="font-family:'Arial';"&gt;&lt;br&gt;On the interval 0, 2] is &lt;/span&gt;&lt;span style="font-family:'Arial';"&gt;&lt;i&gt;g'(x)&lt;/i&gt;&lt;/span&gt;&lt;span style="font-family:'Arial';"&gt;: &lt;/span&gt;</mattext></material><response_extension><d2l_2p0:display_style>2</d2l_2p0:display_style><d2l_2p0:enumeration>6</d2l_2p0:enumeration><d2l_2p0:grading_type>0</d2l_2p0:grading_type></response_extension><response_lid ident="QUES_42756855_42760936_LID" rcardinality="Single"><render_choice shuffle="no"><flow_label class="Block"><response_label ident="QUES_42756855_42760936_A130832517"><flow_mat><material><mattext texttype="text/html">&lt;span style="font-family:'Arial';"&gt;Increasing &lt;/span&gt;</mattext></material></flow_mat></response_label></flow_label><flow_label class="Block"><response_label ident="QUES_42756855_42760936_A130832518"><flow_mat><material><mattext texttype="text/html">&lt;span style="font-family:'Arial';"&gt;Decreasing &lt;/span&gt;</mattext></material></flow_mat></response_label></flow_label><flow_label class="Block"><response_label ident="QUES_42756855_42760936_A130832519"><flow_mat><material><mattext texttype="text/html">&lt;span style="font-family:'Arial';"&gt;More than one of the above &lt;/span&gt;</mattext></material></flow_mat></response_label></flow_label></render_choice></response_lid></flow></presentation><resprocessing><respcondition title="Response Condition 1"><conditionvar><varequal respident="QUES_42756855_42760936_LID">QUES_42756855_42760936_A130832517</varequal></conditionvar><setvar action="Set">0.000000000</setvar><displayfeedback feedbacktype="Response" linkrefid="QUES_42756855_42760936_IF130832517" /></respcondition><respcondition title="Response Condition 2"><conditionvar><varequal respident="QUES_42756855_42760936_LID">QUES_42756855_42760936_A130832518</varequal></conditionvar><setvar action="Set">100.000000000</setvar><displayfeedback feedbacktype="Response" linkrefid="QUES_42756855_42760936_IF130832518" /></respcondition><respcondition title="Response Condition 3"><conditionvar><varequal respident="QUES_42756855_42760936_LID">QUES_42756855_42760936_A130832519</varequal></conditionvar><setvar action="Set">0.000000000</setvar><displayfeedback feedbacktype="Response" linkrefid="QUES_42756855_42760936_IF130832519" /></respcondition></resprocessing><itemfeedback ident="QUES_42756855_42760936_IF130832517"><material><mattext texttype="text/plain" /></material></itemfeedback><itemfeedback ident="QUES_42756855_42760936_IF130832518"><material><mattext texttype="text/plain" /></material></itemfeedback><itemfeedback ident="QUES_42756855_42760936_IF130832519"><material><mattext texttype="text/plain" /></material></itemfeedback></item><item ident="OBJ_1651049" label="QUES_42756856_42760937" d2l_2p0:page="1"><itemmetadata><qtimetadata><qti_metadatafield><fieldlabel>qmd_computerscored</fieldlabel><fieldentry>yes</fieldentry></qti_metadatafield><qti_metadatafield><fieldlabel>qmd_questiontype</fieldlabel><fieldentry>Multiple Choice</fieldentry></qti_metadatafield><qti_metadatafield><fieldlabel>qmd_weighting</fieldlabel><fieldentry>1.000000000</fieldentry></qti_metadatafield><qti_metadatafield><fieldlabel>qmd_globalid</fieldlabel><fieldentry>e9903556-57b2-41f7-8666-8cb8d5f009f2</fieldentry></qti_metadatafield><qti_metadatafield><fieldlabel>qmd_displayid</fieldlabel><fieldentry>Sample Course-74055</fieldentry></qti_metadatafield></qtimetadata></itemmetadata><itemproc_extension><d2l_2p0:difficulty>3</d2l_2p0:difficulty><d2l_2p0:isbonus>no</d2l_2p0:isbonus><d2l_2p0:ismandatory>yes</d2l_2p0:ismandatory></itemproc_extension><presentation><flow><material><mattext texttype="text/html">&lt;!--RsQ_008--&gt;&lt;span style="font-family:'Arial';"&gt;The graph of the function &lt;/span&gt;&lt;span style="font-family:'Arial';"&gt;&lt;i&gt;g&lt;/i&gt;&lt;/span&gt;&lt;span style="font-family:'Arial';"&gt; is shown below.&lt;br&gt;&lt;/span&gt;&lt;span style="font-family:'Arial'; color:#000000;"&gt;&lt;IMG src="ppg/respondus/Graphing_Derivatives_Post_bb_non_pool/post.png" alt="image" align="bottom" border=0&gt;&lt;/span&gt;&lt;span style="font-family:'Arial';"&gt;&lt;br&gt;On the interval [2, 4] is &lt;/span&gt;&lt;span style="font-family:'Arial';"&gt;&lt;i&gt;g'(x)&lt;/i&gt;&lt;/span&gt;&lt;span style="font-family:'Arial';"&gt;: &lt;/span&gt;</mattext></material><response_extension><d2l_2p0:display_style>2</d2l_2p0:display_style><d2l_2p0:enumeration>6</d2l_2p0:enumeration><d2l_2p0:grading_type>0</d2l_2p0:grading_type></response_extension><response_lid ident="QUES_42756856_42760937_LID" rcardinality="Single"><render_choice shuffle="no"><flow_label class="Block"><response_label ident="QUES_42756856_42760937_A130832520"><flow_mat><material><mattext texttype="text/html">&lt;span style="font-family:'Arial';"&gt;Increasing &lt;/span&gt;</mattext></material></flow_mat></response_label></flow_label><flow_label class="Block"><response_label ident="QUES_42756856_42760937_A130832521"><flow_mat><material><mattext texttype="text/html">&lt;span style="font-family:'Arial';"&gt;Decreasing &lt;/span&gt;</mattext></material></flow_mat></response_label></flow_label><flow_label class="Block"><response_label ident="QUES_42756856_42760937_A130832522"><flow_mat><material><mattext texttype="text/html">&lt;span style="font-family:'Arial';"&gt;More than one of the above &lt;/span&gt;</mattext></material></flow_mat></response_label></flow_label></render_choice></response_lid></flow></presentation><resprocessing><respcondition title="Response Condition 1"><conditionvar><varequal respident="QUES_42756856_42760937_LID">QUES_42756856_42760937_A130832520</varequal></conditionvar><setvar action="Set">0.000000000</setvar><displayfeedback feedbacktype="Response" linkrefid="QUES_42756856_42760937_IF130832520" /></respcondition><respcondition title="Response Condition 2"><conditionvar><varequal respident="QUES_42756856_42760937_LID">QUES_42756856_42760937_A130832521</varequal></conditionvar><setvar action="Set">100.000000000</setvar><displayfeedback feedbacktype="Response" linkrefid="QUES_42756856_42760937_IF130832521" /></respcondition><respcondition title="Response Condition 3"><conditionvar><varequal respident="QUES_42756856_42760937_LID">QUES_42756856_42760937_A130832522</varequal></conditionvar><setvar action="Set">0.000000000</setvar><displayfeedback feedbacktype="Response" linkrefid="QUES_42756856_42760937_IF130832522" /></respcondition></resprocessing><itemfeedback ident="QUES_42756856_42760937_IF130832520"><material><mattext texttype="text/plain" /></material></itemfeedback><itemfeedback ident="QUES_42756856_42760937_IF130832521"><material><mattext texttype="text/plain" /></material></itemfeedback><itemfeedback ident="QUES_42756856_42760937_IF130832522"><material><mattext texttype="text/plain" /></material></itemfeedback></item><item ident="OBJ_1651050" label="QUES_42756857_42760938" d2l_2p0:page="1"><itemmetadata><qtimetadata><qti_metadatafield><fieldlabel>qmd_computerscored</fieldlabel><fieldentry>yes</fieldentry></qti_metadatafield><qti_metadatafield><fieldlabel>qmd_questiontype</fieldlabel><fieldentry>Short Answer</fieldentry></qti_metadatafield><qti_metadatafield><fieldlabel>qmd_weighting</fieldlabel><fieldentry>1.000000000</fieldentry></qti_metadatafield><qti_metadatafield><fieldlabel>qmd_globalid</fieldlabel><fieldentry>e2c75daf-e575-440e-baee-ba8e50043bf3</fieldentry></qti_metadatafield><qti_metadatafield><fieldlabel>qmd_displayid</fieldlabel><fieldentry>Sample Course-74056</fieldentry></qti_metadatafield></qtimetadata></itemmetadata><itemproc_extension><d2l_2p0:difficulty>3</d2l_2p0:difficulty><d2l_2p0:isbonus>no</d2l_2p0:isbonus><d2l_2p0:ismandatory>yes</d2l_2p0:ismandatory></itemproc_extension><presentation><flow><material><mattext texttype="text/html">&lt;!--RsQ_009--&gt;&lt;span style="font-family:'Arial';"&gt;The graph of the function &lt;/span&gt;&lt;span style="font-family:'Arial';"&gt;&lt;i&gt;g&lt;/i&gt;&lt;/span&gt;&lt;span style="font-family:'Arial';"&gt; is shown below. &lt;/span&gt;&lt;br&gt;&lt;span style="font-family:'Arial'; color:#000000;"&gt;&lt;IMG src="ppg/respondus/Graphing_Derivatives_Post_bb_non_pool/post.png" alt="image" align="bottom" border=0&gt;&lt;/span&gt;&lt;br&gt;&lt;span style="font-family:'Arial';"&gt;For how many values of &lt;/span&gt;&lt;span style="font-family:'Arial';"&gt;&lt;i&gt;x&lt;/i&gt;&lt;/span&gt;&lt;span style="font-family:'Arial';"&gt; in the interval [-8, 10] does &lt;/span&gt;&lt;span style="font-family:'Arial';"&gt;&lt;i&gt;f'&lt;/i&gt;&lt;/span&gt;&lt;span style="font-family:'Arial';"&gt;(&lt;/span&gt;&lt;span style="font-family:'Arial';"&gt;&lt;i&gt;x&lt;/i&gt;&lt;/span&gt;&lt;span style="font-family:'Arial';"&gt;) = 0?&lt;/span&gt;</mattext></material><response_extension><d2l_2p0:grading_type>0</d2l_2p0:grading_type></response_extension><response_str ident="QUES_42756857_42760938_A130832523_STR" rcardinality="Single"><render_fib rows="1" columns="60" prompt="Box" fibtype="String"><response_label ident="QUES_42756857_42760938_A130832523_ANS" /></render_fib></response_str></flow></presentation><resprocessing><outcomes><decvar vartype="Integer" minvalue="0" maxvalue="100" varname="Blank_1" /></outcomes><respcondition><conditionvar><varequal respident="QUES_42756857_42760938_A130832523_ANS" case="no">three</varequal></conditionvar><setvar action="Set">100.000000000</setvar></respcondition><respcondition><conditionvar><varequal respident="QUES_42756857_42760938_A130832523_ANS" case="no">3</varequal></conditionvar><setvar action="Set">100.000000000</setvar></respcondition><respcondition><conditionvar><other /></conditionvar><setvar varname="que_score" action="Set">D2L_Correct</setvar></respcondition></resprocessing></item><item ident="OBJ_1651051" label="QUES_42756858_42760939" d2l_2p0:page="1"><itemmetadata><qtimetadata><qti_metadatafield><fieldlabel>qmd_computerscored</fieldlabel><fieldentry>yes</fieldentry></qti_metadatafield><qti_metadatafield><fieldlabel>qmd_questiontype</fieldlabel><fieldentry>Multiple Choice</fieldentry></qti_metadatafield><qti_metadatafield><fieldlabel>qmd_weighting</fieldlabel><fieldentry>1.000000000</fieldentry></qti_metadatafield><qti_metadatafield><fieldlabel>qmd_globalid</fieldlabel><fieldentry>ced6b751-9731-4ea6-9023-7a04f7e7694e</fieldentry></qti_metadatafield><qti_metadatafield><fieldlabel>qmd_displayid</fieldlabel><fieldentry>Sample Course-74057</fieldentry></qti_metadatafield></qtimetadata></itemmetadata><itemproc_extension><d2l_2p0:difficulty>3</d2l_2p0:difficulty><d2l_2p0:isbonus>no</d2l_2p0:isbonus><d2l_2p0:ismandatory>yes</d2l_2p0:ismandatory></itemproc_extension><presentation><flow><material><mattext texttype="text/html">&lt;!--RsQ_010--&gt;&lt;span style="font-family:'Arial';"&gt;From the following expressions, identify the largest according to the numerical value they represent: &lt;/span&gt;</mattext></material><response_extension><d2l_2p0:display_style>2</d2l_2p0:display_style><d2l_2p0:enumeration>6</d2l_2p0:enumeration><d2l_2p0:grading_type>0</d2l_2p0:grading_type></response_extension><response_lid ident="QUES_42756858_42760939_LID" rcardinality="Single"><render_choice shuffle="no"><flow_label class="Block"><response_label ident="QUES_42756858_42760939_A130832524"><flow_mat><material><mattext texttype="text/html">&lt;span style="font-family:'Arial';"&gt;&lt;i&gt;f'&lt;/i&gt;&lt;/span&gt;&lt;span style="font-family:'Arial';"&gt;(8)&lt;/span&gt;</mattext></material></flow_mat></response_label></flow_label><flow_label class="Block"><response_label ident="QUES_42756858_42760939_A130832525"><flow_mat><material><mattext texttype="text/html">&lt;span style="font-family:'Arial'; color:#000000;"&gt;&lt;IMG src="ppg/respondus/Graphing_Derivatives_Post_bb_non_pool/eq_e7b959.gif" alt="equation" border=0 align="absmiddle"&gt;&lt;/span&gt;&lt;span style="font-family:'Arial';"&gt; for &lt;/span&gt;&lt;span style="font-family:'Arial'; color:#000000;"&gt;&lt;IMG src="ppg/respondus/Graphing_Derivatives_Post_bb_non_pool/eq_e7b9a2.gif" alt="equation" border=0 align="absmiddle"&gt;&lt;/span&gt;&lt;span style="font-family:'Arial';"&gt; &amp;gt; 0&lt;/span&gt;</mattext></material></flow_mat></response_label></flow_label><flow_label class="Block"><response_label ident="QUES_42756858_42760939_A130832526"><flow_mat><material><mattext texttype="text/html">&lt;span style="font-family:'Arial';"&gt;&lt;i&gt;f(-6)&lt;/i&gt;&lt;/span&gt;</mattext></material></flow_mat></response_label></flow_label><flow_label class="Block"><response_label ident="QUES_42756858_42760939_A130832527"><flow_mat><material><mattext texttype="text/html">&lt;span style="font-family:'Arial';"&gt;&lt;i&gt;f'(-6)&lt;/i&gt;&lt;/span&gt;</mattext></material></flow_mat></response_label></flow_label></render_choice></response_lid></flow></presentation><resprocessing><respcondition title="Response Condition 1"><conditionvar><varequal respident="QUES_42756858_42760939_LID">QUES_42756858_42760939_A130832524</varequal></conditionvar><setvar action="Set">0.000000000</setvar><displayfeedback feedbacktype="Response" linkrefid="QUES_42756858_42760939_IF130832524" /></respcondition><respcondition title="Response Condition 2"><conditionvar><varequal respident="QUES_42756858_42760939_LID">QUES_42756858_42760939_A130832525</varequal></conditionvar><setvar action="Set">100.000000000</setvar><displayfeedback feedbacktype="Response" linkrefid="QUES_42756858_42760939_IF130832525" /></respcondition><respcondition title="Response Condition 3"><conditionvar><varequal respident="QUES_42756858_42760939_LID">QUES_42756858_42760939_A130832526</varequal></conditionvar><setvar action="Set">0.000000000</setvar><displayfeedback feedbacktype="Response" linkrefid="QUES_42756858_42760939_IF130832526" /></respcondition><respcondition title="Response Condition 4"><conditionvar><varequal respident="QUES_42756858_42760939_LID">QUES_42756858_42760939_A130832527</varequal></conditionvar><setvar action="Set">0.000000000</setvar><displayfeedback feedbacktype="Response" linkrefid="QUES_42756858_42760939_IF130832527" /></respcondition></resprocessing><itemfeedback ident="QUES_42756858_42760939_IF130832524"><material><mattext texttype="text/plain" /></material></itemfeedback><itemfeedback ident="QUES_42756858_42760939_IF130832525"><material><mattext texttype="text/plain" /></material></itemfeedback><itemfeedback ident="QUES_42756858_42760939_IF130832526"><material><mattext texttype="text/plain" /></material></itemfeedback><itemfeedback ident="QUES_42756858_42760939_IF130832527"><material><mattext texttype="text/plain" /></material></itemfeedback></item><item ident="OBJ_1651052" label="QUES_42756859_42760940" d2l_2p0:page="1"><itemmetadata><qtimetadata><qti_metadatafield><fieldlabel>qmd_computerscored</fieldlabel><fieldentry>yes</fieldentry></qti_metadatafield><qti_metadatafield><fieldlabel>qmd_questiontype</fieldlabel><fieldentry>Multiple Choice</fieldentry></qti_metadatafield><qti_metadatafield><fieldlabel>qmd_weighting</fieldlabel><fieldentry>1.000000000</fieldentry></qti_metadatafield><qti_metadatafield><fieldlabel>qmd_globalid</fieldlabel><fieldentry>d4608d60-4a02-43c2-b4ad-c01942530196</fieldentry></qti_metadatafield><qti_metadatafield><fieldlabel>qmd_displayid</fieldlabel><fieldentry>Sample Course-74058</fieldentry></qti_metadatafield></qtimetadata></itemmetadata><itemproc_extension><d2l_2p0:difficulty>3</d2l_2p0:difficulty><d2l_2p0:isbonus>no</d2l_2p0:isbonus><d2l_2p0:ismandatory>yes</d2l_2p0:ismandatory></itemproc_extension><presentation><flow><material><mattext texttype="text/html">&lt;!--RsQ_011--&gt;&lt;span style="font-family:'Arial';"&gt;From the following expressions, identify the smallest according to the numerical value they represent: &lt;/span&gt;</mattext></material><response_extension><d2l_2p0:display_style>2</d2l_2p0:display_style><d2l_2p0:enumeration>6</d2l_2p0:enumeration><d2l_2p0:grading_type>0</d2l_2p0:grading_type></response_extension><response_lid ident="QUES_42756859_42760940_LID" rcardinality="Single"><render_choice shuffle="no"><flow_label class="Block"><response_label ident="QUES_42756859_42760940_A130832528"><flow_mat><material><mattext texttype="text/html">&lt;span style="font-family:'Arial';"&gt;&lt;i&gt;f'&lt;/i&gt;&lt;/span&gt;&lt;span style="font-family:'Arial';"&gt;(8)&lt;/span&gt;</mattext></material></flow_mat></response_label></flow_label><flow_label class="Block"><response_label ident="QUES_42756859_42760940_A130832529"><flow_mat><material><mattext texttype="text/html">&lt;span style="font-family:'Arial'; color:#000000;"&gt;&lt;IMG src="ppg/respondus/Graphing_Derivatives_Post_bb_non_pool/eq_e7b959a.gif" alt="equation" border=0 align="absmiddle"&gt;&lt;/span&gt;&lt;span style="font-family:'Arial';"&gt; for &lt;/span&gt;&lt;span style="font-family:'Arial'; color:#000000;"&gt;&lt;IMG src="ppg/respondus/Graphing_Derivatives_Post_bb_non_pool/eq_e7b9a2a.gif" alt="equation" border=0 align="absmiddle"&gt;&lt;/span&gt;&lt;span style="font-family:'Arial';"&gt; &amp;gt; 0&lt;/span&gt;</mattext></material></flow_mat></response_label></flow_label><flow_label class="Block"><response_label ident="QUES_42756859_42760940_A130832530"><flow_mat><material><mattext texttype="text/html">&lt;span style="font-family:'Arial';"&gt;&lt;i&gt;f(-6)&lt;/i&gt;&lt;/span&gt;</mattext></material></flow_mat></response_label></flow_label><flow_label class="Block"><response_label ident="QUES_42756859_42760940_A130832531"><flow_mat><material><mattext texttype="text/html">&lt;span style="font-family:'Arial';"&gt;&lt;i&gt;f'(-6)&lt;/i&gt;&lt;/span&gt;</mattext></material></flow_mat></response_label></flow_label></render_choice></response_lid></flow></presentation><resprocessing><respcondition title="Response Condition 1"><conditionvar><varequal respident="QUES_42756859_42760940_LID">QUES_42756859_42760940_A130832528</varequal></conditionvar><setvar action="Set">0.000000000</setvar><displayfeedback feedbacktype="Response" linkrefid="QUES_42756859_42760940_IF130832528" /></respcondition><respcondition title="Response Condition 2"><conditionvar><varequal respident="QUES_42756859_42760940_LID">QUES_42756859_42760940_A130832529</varequal></conditionvar><setvar action="Set">0.000000000</setvar><displayfeedback feedbacktype="Response" linkrefid="QUES_42756859_42760940_IF130832529" /></respcondition><respcondition title="Response Condition 3"><conditionvar><varequal respident="QUES_42756859_42760940_LID">QUES_42756859_42760940_A130832530</varequal></conditionvar><setvar action="Set">0.000000000</setvar><displayfeedback feedbacktype="Response" linkrefid="QUES_42756859_42760940_IF130832530" /></respcondition><respcondition title="Response Condition 4"><conditionvar><varequal respident="QUES_42756859_42760940_LID">QUES_42756859_42760940_A130832531</varequal></conditionvar><setvar action="Set">100.000000000</setvar><displayfeedback feedbacktype="Response" linkrefid="QUES_42756859_42760940_IF130832531" /></respcondition></resprocessing><itemfeedback ident="QUES_42756859_42760940_IF130832528"><material><mattext texttype="text/plain" /></material></itemfeedback><itemfeedback ident="QUES_42756859_42760940_IF130832529"><material><mattext texttype="text/plain" /></material></itemfeedback><itemfeedback ident="QUES_42756859_42760940_IF130832530"><material><mattext texttype="text/plain" /></material></itemfeedback><itemfeedback ident="QUES_42756859_42760940_IF130832531"><material><mattext texttype="text/plain" /></material></itemfeedback></item></section></assessment></questestinterop>