﻿<?xml version="1.0" encoding="UTF-8"?><questestinterop xmlns:d2l_2p0="http://desire2learn.com/xsd/d2lcp_v2p0"><assessment d2l_2p0:id="459" title="Related Rates PostVideo Questions" ident="res_quiz_122414" d2l_2p0:resource_code="ef9e56cc46d3486a98963923-139"><rubric><flow_mat><material><mattext d2l_2p0:isdisplayed="no" texttype="text/html" /></material></flow_mat></rubric><assessmentcontrol hintswitch="no" solutionswitch="yes" feedbackswitch="no" /><presentation_material><flow_mat><material label="page header"><mattext d2l_2p0:isdisplayed="no" texttype="text/html" /></material><material label="page footer"><mattext d2l_2p0:isdisplayed="no" texttype="text/html" /></material></flow_mat></presentation_material><assess_procextension><d2l_2p0:intro_message d2l_2p0:isdisplayed="yes" texttype="text/html">Respondus</d2l_2p0:intro_message><d2l_2p0:disable_right_click>no</d2l_2p0:disable_right_click><d2l_2p0:disable_pager_access>no</d2l_2p0:disable_pager_access><is_active>yes</is_active><d2l_2p0:date_start /><d2l_2p0:date_end /><d2l_2p0:date_due /><d2l_2p0:has_schedule_event>no</d2l_2p0:has_schedule_event><d2l_2p0:is_attempt_Rldb>no</d2l_2p0:is_attempt_Rldb><d2l_2p0:is_subview_Rldb>no</d2l_2p0:is_subview_Rldb><d2l_2p0:time_limit>120</d2l_2p0:time_limit><d2l_2p0:show_clock>yes</d2l_2p0:show_clock><d2l_2p0:enforce_time_limit>yes</d2l_2p0:enforce_time_limit><d2l_2p0:grace_period>5</d2l_2p0:grace_period><d2l_2p0:late_limit>0</d2l_2p0:late_limit><d2l_2p0:attempts_allowed>3</d2l_2p0:attempts_allowed><d2l_2p0:attempt_restrictions /><d2l_2p0:mark_calculation_type>1</d2l_2p0:mark_calculation_type><d2l_2p0:is_forward_only>no</d2l_2p0:is_forward_only></assess_procextension><assessfeedback title=""><rubric><flow_mat><material><mattext texttype="yes">Your quiz has been submitted successfully.</mattext></material></flow_mat></rubric><d2l_2p0:duration>0</d2l_2p0:duration><d2l_2p0:response_display_type_id>1</d2l_2p0:response_display_type_id><d2l_2p0:show_correct_answers>no</d2l_2p0:show_correct_answers><d2l_2p0:submission_restrictip>no</d2l_2p0:submission_restrictip><d2l_2p0:show_class_average>no</d2l_2p0:show_class_average><d2l_2p0:show_score_distribution>no</d2l_2p0:show_score_distribution></assessfeedback><section ident="CONTAINER_SECTION"><item ident="OBJ_1651185" label="QUES_42756992_42761073" d2l_2p0:page="1"><itemmetadata><qtimetadata><qti_metadatafield><fieldlabel>qmd_computerscored</fieldlabel><fieldentry>yes</fieldentry></qti_metadatafield><qti_metadatafield><fieldlabel>qmd_questiontype</fieldlabel><fieldentry>Multiple Choice</fieldentry></qti_metadatafield><qti_metadatafield><fieldlabel>qmd_weighting</fieldlabel><fieldentry>1.000000000</fieldentry></qti_metadatafield><qti_metadatafield><fieldlabel>qmd_globalid</fieldlabel><fieldentry>6e769aaf-195e-4e61-83c9-e25346f80f1f</fieldentry></qti_metadatafield><qti_metadatafield><fieldlabel>qmd_displayid</fieldlabel><fieldentry>Sample Course-74191</fieldentry></qti_metadatafield></qtimetadata></itemmetadata><itemproc_extension><d2l_2p0:difficulty>3</d2l_2p0:difficulty><d2l_2p0:isbonus>no</d2l_2p0:isbonus><d2l_2p0:ismandatory>yes</d2l_2p0:ismandatory></itemproc_extension><presentation><flow><material><mattext texttype="text/html">&lt;!--RsQ_001--&gt;&lt;span style="font-family:'Arial';"&gt;A rectangle has a constant height of 6 cm, as shown below. The area of the rectangle is given by the formula &lt;/span&gt;&lt;span style="font-family:'Arial'; color:#000000;"&gt;&lt;IMG src="ppg/respondus/Related_Rates_Post_BB_Test/eq_ff873e.gif" alt="equation" border=0 align="absmiddle"&gt;&lt;/span&gt;&lt;span style="font-family:'Arial';"&gt;, where &lt;/span&gt;&lt;span style="font-family:'Arial'; color:#000000;"&gt;&lt;IMG src="ppg/respondus/Related_Rates_Post_BB_Test/eq_ff8747.gif" alt="equation" border=0 align="absmiddle"&gt;&lt;/span&gt;&lt;span style="font-family:'Arial';"&gt; is the length of the base of the rectangle and &lt;/span&gt;&lt;span style="font-family:'Arial'; color:#000000;"&gt;&lt;IMG src="ppg/respondus/Related_Rates_Post_BB_Test/eq_ff8754.gif" alt="equation" border=0 align="absmiddle"&gt;&lt;/span&gt;&lt;span style="font-family:'Arial';"&gt; is the height of the rectangle. In order to determine how fast its area is changing at the instant that the base has length 8 cm, which of the following formulas would you use?&lt;br&gt;&lt;/span&gt;&lt;span style="font-family:'Arial'; color:#000000;"&gt;&lt;IMG src="ppg/respondus/Related_Rates_Post_BB_Test/rectangle.png" alt="image" align="bottom" border=0&gt;&lt;/span&gt;&lt;span style="font-family:'Arial';"&gt; &lt;/span&gt;</mattext></material><response_extension><d2l_2p0:display_style>2</d2l_2p0:display_style><d2l_2p0:enumeration>6</d2l_2p0:enumeration><d2l_2p0:grading_type>0</d2l_2p0:grading_type></response_extension><response_lid ident="QUES_42756992_42761073_LID" rcardinality="Single"><render_choice shuffle="no"><flow_label class="Block"><response_label ident="QUES_42756992_42761073_A130833213"><flow_mat><material><mattext texttype="text/html">&lt;span style="font-family:'Arial';"&gt;&lt;IMG src="ppg/respondus/Related_Rates_Post_BB_Test/eq_ff87a2.gif" alt="equation" border=0 align="absmiddle"&gt;&lt;/span&gt;</mattext></material></flow_mat></response_label></flow_label><flow_label class="Block"><response_label ident="QUES_42756992_42761073_A130833214"><flow_mat><material><mattext texttype="text/html">&lt;span style="font-family:'Arial';"&gt;&lt;IMG src="ppg/respondus/Related_Rates_Post_BB_Test/eq_ff87b7.gif" alt="equation" border=0 align="absmiddle"&gt;&lt;/span&gt;</mattext></material></flow_mat></response_label></flow_label><flow_label class="Block"><response_label ident="QUES_42756992_42761073_A130833215"><flow_mat><material><mattext texttype="text/html">&lt;span style="font-family:'Arial';"&gt;&lt;IMG src="ppg/respondus/Related_Rates_Post_BB_Test/eq_ff87c0.gif" alt="equation" border=0 align="absmiddle"&gt;&lt;/span&gt;</mattext></material></flow_mat></response_label></flow_label><flow_label class="Block"><response_label ident="QUES_42756992_42761073_A130833216"><flow_mat><material><mattext texttype="text/html">&lt;span style="font-family:'Arial';"&gt;&lt;IMG src="ppg/respondus/Related_Rates_Post_BB_Test/eq_ff87dc.gif" alt="equation" border=0 align="absmiddle"&gt;&lt;/span&gt;</mattext></material></flow_mat></response_label></flow_label></render_choice></response_lid></flow></presentation><resprocessing><respcondition title="Response Condition 1"><conditionvar><varequal respident="QUES_42756992_42761073_LID">QUES_42756992_42761073_A130833213</varequal></conditionvar><setvar action="Set">100.000000000</setvar><displayfeedback feedbacktype="Response" linkrefid="QUES_42756992_42761073_IF130833213" /></respcondition><respcondition title="Response Condition 2"><conditionvar><varequal respident="QUES_42756992_42761073_LID">QUES_42756992_42761073_A130833214</varequal></conditionvar><setvar action="Set">0.000000000</setvar><displayfeedback feedbacktype="Response" linkrefid="QUES_42756992_42761073_IF130833214" /></respcondition><respcondition title="Response Condition 3"><conditionvar><varequal respident="QUES_42756992_42761073_LID">QUES_42756992_42761073_A130833215</varequal></conditionvar><setvar action="Set">0.000000000</setvar><displayfeedback feedbacktype="Response" linkrefid="QUES_42756992_42761073_IF130833215" /></respcondition><respcondition title="Response Condition 4"><conditionvar><varequal respident="QUES_42756992_42761073_LID">QUES_42756992_42761073_A130833216</varequal></conditionvar><setvar action="Set">0.000000000</setvar><displayfeedback feedbacktype="Response" linkrefid="QUES_42756992_42761073_IF130833216" /></respcondition></resprocessing><itemfeedback ident="QUES_42756992_42761073_IF130833213"><material><mattext texttype="text/plain" /></material></itemfeedback><itemfeedback ident="QUES_42756992_42761073_IF130833214"><material><mattext texttype="text/plain" /></material></itemfeedback><itemfeedback ident="QUES_42756992_42761073_IF130833215"><material><mattext texttype="text/plain" /></material></itemfeedback><itemfeedback ident="QUES_42756992_42761073_IF130833216"><material><mattext texttype="text/plain" /></material></itemfeedback></item><item ident="OBJ_1651186" label="QUES_42756993_42761074" d2l_2p0:page="1"><itemmetadata><qtimetadata><qti_metadatafield><fieldlabel>qmd_computerscored</fieldlabel><fieldentry>yes</fieldentry></qti_metadatafield><qti_metadatafield><fieldlabel>qmd_questiontype</fieldlabel><fieldentry>Multiple Choice</fieldentry></qti_metadatafield><qti_metadatafield><fieldlabel>qmd_weighting</fieldlabel><fieldentry>1.000000000</fieldentry></qti_metadatafield><qti_metadatafield><fieldlabel>qmd_globalid</fieldlabel><fieldentry>3eb7ee29-3133-4ccb-aff2-c5985e2578d1</fieldentry></qti_metadatafield><qti_metadatafield><fieldlabel>qmd_displayid</fieldlabel><fieldentry>Sample Course-74192</fieldentry></qti_metadatafield></qtimetadata></itemmetadata><itemproc_extension><d2l_2p0:difficulty>3</d2l_2p0:difficulty><d2l_2p0:isbonus>no</d2l_2p0:isbonus><d2l_2p0:ismandatory>yes</d2l_2p0:ismandatory></itemproc_extension><presentation><flow><material><mattext texttype="text/html">&lt;!--RsQ_002--&gt;&lt;span style="font-family:'Arial';"&gt;A submarine is diving at a rate of 50 feet per minute. As the sub descends, the water temperature outside is falling at a rate of 0.5 degrees per foot. let &lt;/span&gt;&lt;span style="font-family:'Arial'; color:#000000;"&gt;&lt;IMG src="ppg/respondus/Related_Rates_Post_BB_Test/eq_ff8847.gif" alt="equation" border=0 align="absmiddle"&gt;&lt;/span&gt;&lt;span style="font-family:'Arial';"&gt; be the depth of the submarine. Let &lt;/span&gt;&lt;span style="font-family:'Arial'; color:#000000;"&gt;&lt;IMG src="ppg/respondus/Related_Rates_Post_BB_Test/eq_ff885e.gif" alt="equation" border=0 align="absmiddle"&gt;&lt;/span&gt;&lt;span style="font-family:'Arial';"&gt; be the temperature outside the submarine. How quickly is the temperature falling? &lt;/span&gt;</mattext></material><response_extension><d2l_2p0:display_style>2</d2l_2p0:display_style><d2l_2p0:enumeration>6</d2l_2p0:enumeration><d2l_2p0:grading_type>0</d2l_2p0:grading_type></response_extension><response_lid ident="QUES_42756993_42761074_LID" rcardinality="Single"><render_choice shuffle="no"><flow_label class="Block"><response_label ident="QUES_42756993_42761074_A130833217"><flow_mat><material><mattext texttype="text/html">&lt;span style="font-family:'Arial';"&gt;25 degrees oer minute&lt;/span&gt;</mattext></material></flow_mat></response_label></flow_label><flow_label class="Block"><response_label ident="QUES_42756993_42761074_A130833218"><flow_mat><material><mattext texttype="text/html">&lt;span style="font-family:'Arial';"&gt;-25 degrees per minute&lt;/span&gt;</mattext></material></flow_mat></response_label></flow_label><flow_label class="Block"><response_label ident="QUES_42756993_42761074_A130833219"><flow_mat><material><mattext texttype="text/html">&lt;span style="font-family:'Arial';"&gt;0.5 degrees per foot &lt;/span&gt;</mattext></material></flow_mat></response_label></flow_label><flow_label class="Block"><response_label ident="QUES_42756993_42761074_A130833220"><flow_mat><material><mattext texttype="text/html">&lt;span style="font-family:'Arial';"&gt;100 degrees per minute &lt;/span&gt;</mattext></material></flow_mat></response_label></flow_label><flow_label class="Block"><response_label ident="QUES_42756993_42761074_A130833221"><flow_mat><material><mattext texttype="text/html">&lt;span style="font-family:'Arial';"&gt;There is not enough information to answer this question&lt;/span&gt;</mattext></material></flow_mat></response_label></flow_label></render_choice></response_lid></flow></presentation><resprocessing><respcondition title="Response Condition 1"><conditionvar><varequal respident="QUES_42756993_42761074_LID">QUES_42756993_42761074_A130833217</varequal></conditionvar><setvar action="Set">0.000000000</setvar><displayfeedback feedbacktype="Response" linkrefid="QUES_42756993_42761074_IF130833217" /></respcondition><respcondition title="Response Condition 2"><conditionvar><varequal respident="QUES_42756993_42761074_LID">QUES_42756993_42761074_A130833218</varequal></conditionvar><setvar action="Set">100.000000000</setvar><displayfeedback feedbacktype="Response" linkrefid="QUES_42756993_42761074_IF130833218" /></respcondition><respcondition title="Response Condition 3"><conditionvar><varequal respident="QUES_42756993_42761074_LID">QUES_42756993_42761074_A130833219</varequal></conditionvar><setvar action="Set">0.000000000</setvar><displayfeedback feedbacktype="Response" linkrefid="QUES_42756993_42761074_IF130833219" /></respcondition><respcondition title="Response Condition 4"><conditionvar><varequal respident="QUES_42756993_42761074_LID">QUES_42756993_42761074_A130833220</varequal></conditionvar><setvar action="Set">0.000000000</setvar><displayfeedback feedbacktype="Response" linkrefid="QUES_42756993_42761074_IF130833220" /></respcondition><respcondition title="Response Condition 5"><conditionvar><varequal respident="QUES_42756993_42761074_LID">QUES_42756993_42761074_A130833221</varequal></conditionvar><setvar action="Set">0.000000000</setvar><displayfeedback feedbacktype="Response" linkrefid="QUES_42756993_42761074_IF130833221" /></respcondition></resprocessing><itemfeedback ident="QUES_42756993_42761074_IF130833217"><material><mattext texttype="text/plain" /></material></itemfeedback><itemfeedback ident="QUES_42756993_42761074_IF130833218"><material><mattext texttype="text/plain" /></material></itemfeedback><itemfeedback ident="QUES_42756993_42761074_IF130833219"><material><mattext texttype="text/plain" /></material></itemfeedback><itemfeedback ident="QUES_42756993_42761074_IF130833220"><material><mattext texttype="text/plain" /></material></itemfeedback><itemfeedback ident="QUES_42756993_42761074_IF130833221"><material><mattext texttype="text/plain" /></material></itemfeedback></item><item ident="OBJ_1651187" label="QUES_42756994_42761075" d2l_2p0:page="1"><itemmetadata><qtimetadata><qti_metadatafield><fieldlabel>qmd_computerscored</fieldlabel><fieldentry>yes</fieldentry></qti_metadatafield><qti_metadatafield><fieldlabel>qmd_questiontype</fieldlabel><fieldentry>Multiple Choice</fieldentry></qti_metadatafield><qti_metadatafield><fieldlabel>qmd_weighting</fieldlabel><fieldentry>1.000000000</fieldentry></qti_metadatafield><qti_metadatafield><fieldlabel>qmd_globalid</fieldlabel><fieldentry>1512c7be-9582-403e-8557-e1e3996d3801</fieldentry></qti_metadatafield><qti_metadatafield><fieldlabel>qmd_displayid</fieldlabel><fieldentry>Sample Course-74193</fieldentry></qti_metadatafield></qtimetadata></itemmetadata><itemproc_extension><d2l_2p0:difficulty>3</d2l_2p0:difficulty><d2l_2p0:isbonus>no</d2l_2p0:isbonus><d2l_2p0:ismandatory>yes</d2l_2p0:ismandatory></itemproc_extension><presentation><flow><material><mattext texttype="text/html">&lt;!--RsQ_003--&gt;&lt;span style="font-family:'Arial';"&gt;A circle's radius, &lt;/span&gt;&lt;span style="font-family:'Arial'; color:#000000;"&gt;&lt;IMG src="ppg/respondus/Related_Rates_Post_BB_Test/eq_ff8983.gif" alt="equation" border=0 align="absmiddle"&gt;&lt;/span&gt;&lt;span style="font-family:'Arial';"&gt;, is increasing at a rate of 3 inches per second, as shown below. How quickly is its area increasing? (The formula for the area of a circle is &lt;/span&gt;&lt;span style="font-family:'Arial'; color:#000000;"&gt;&lt;IMG src="ppg/respondus/Related_Rates_Post_BB_Test/eq_ff89a1.gif" alt="equation" border=0 align="absmiddle"&gt;&lt;/span&gt;&lt;span style="font-family:'Arial';"&gt;.)&lt;br&gt;&lt;/span&gt;&lt;span style="font-family:'Arial'; color:#000000;"&gt;&lt;IMG src="ppg/respondus/Related_Rates_Post_BB_Test/circle.png" alt="image" align="bottom" border=0&gt;&lt;/span&gt;&lt;span style="font-family:'Arial';"&gt; &lt;/span&gt;</mattext></material><response_extension><d2l_2p0:display_style>2</d2l_2p0:display_style><d2l_2p0:enumeration>6</d2l_2p0:enumeration><d2l_2p0:grading_type>0</d2l_2p0:grading_type></response_extension><response_lid ident="QUES_42756994_42761075_LID" rcardinality="Single"><render_choice shuffle="no"><flow_label class="Block"><response_label ident="QUES_42756994_42761075_A130833222"><flow_mat><material><mattext texttype="text/html">&lt;span style="font-family:'Arial'; color:#000000;"&gt;&lt;IMG src="ppg/respondus/Related_Rates_Post_BB_Test/eq_03474f.gif" alt="equation" border=0 align="absmiddle"&gt;&lt;/span&gt;&lt;span style="font-family:'Arial';"&gt; square inches per second&lt;/span&gt;</mattext></material></flow_mat></response_label></flow_label><flow_label class="Block"><response_label ident="QUES_42756994_42761075_A130833223"><flow_mat><material><mattext texttype="text/html">&lt;span style="font-family:'Arial'; color:#000000;"&gt;&lt;IMG src="ppg/respondus/Related_Rates_Post_BB_Test/eq_034773.gif" alt="equation" border=0 align="absmiddle"&gt;&lt;/span&gt;&lt;span style="font-family:'Arial';"&gt; square inches per second&lt;/span&gt;</mattext></material></flow_mat></response_label></flow_label><flow_label class="Block"><response_label ident="QUES_42756994_42761075_A130833224"><flow_mat><material><mattext texttype="text/html">&lt;span style="font-family:'Arial'; color:#000000;"&gt;&lt;IMG src="ppg/respondus/Related_Rates_Post_BB_Test/eq_034784.gif" alt="equation" border=0 align="absmiddle"&gt;&lt;/span&gt;&lt;span style="font-family:'Arial';"&gt; square inches per second &lt;/span&gt;</mattext></material></flow_mat></response_label></flow_label><flow_label class="Block"><response_label ident="QUES_42756994_42761075_A130833225"><flow_mat><material><mattext texttype="text/html">&lt;span style="font-family:'Arial'; color:#000000;"&gt;&lt;IMG src="ppg/respondus/Related_Rates_Post_BB_Test/eq_0347e3.gif" alt="equation" border=0 align="absmiddle"&gt;&lt;/span&gt;&lt;span style="font-family:'Arial';"&gt; square inches per second&lt;/span&gt;</mattext></material></flow_mat></response_label></flow_label><flow_label class="Block"><response_label ident="QUES_42756994_42761075_A130833226"><flow_mat><material><mattext texttype="text/html">&lt;span style="font-family:'Arial';"&gt;There is not enough information to answer this question&lt;/span&gt;</mattext></material></flow_mat></response_label></flow_label></render_choice></response_lid></flow></presentation><resprocessing><respcondition title="Response Condition 1"><conditionvar><varequal respident="QUES_42756994_42761075_LID">QUES_42756994_42761075_A130833222</varequal></conditionvar><setvar action="Set">0.000000000</setvar><displayfeedback feedbacktype="Response" linkrefid="QUES_42756994_42761075_IF130833222" /></respcondition><respcondition title="Response Condition 2"><conditionvar><varequal respident="QUES_42756994_42761075_LID">QUES_42756994_42761075_A130833223</varequal></conditionvar><setvar action="Set">0.000000000</setvar><displayfeedback feedbacktype="Response" linkrefid="QUES_42756994_42761075_IF130833223" /></respcondition><respcondition title="Response Condition 3"><conditionvar><varequal respident="QUES_42756994_42761075_LID">QUES_42756994_42761075_A130833224</varequal></conditionvar><setvar action="Set">100.000000000</setvar><displayfeedback feedbacktype="Response" linkrefid="QUES_42756994_42761075_IF130833224" /></respcondition><respcondition title="Response Condition 4"><conditionvar><varequal respident="QUES_42756994_42761075_LID">QUES_42756994_42761075_A130833225</varequal></conditionvar><setvar action="Set">0.000000000</setvar><displayfeedback feedbacktype="Response" linkrefid="QUES_42756994_42761075_IF130833225" /></respcondition><respcondition title="Response Condition 5"><conditionvar><varequal respident="QUES_42756994_42761075_LID">QUES_42756994_42761075_A130833226</varequal></conditionvar><setvar action="Set">0.000000000</setvar><displayfeedback feedbacktype="Response" linkrefid="QUES_42756994_42761075_IF130833226" /></respcondition></resprocessing><itemfeedback ident="QUES_42756994_42761075_IF130833222"><material><mattext texttype="text/plain" /></material></itemfeedback><itemfeedback ident="QUES_42756994_42761075_IF130833223"><material><mattext texttype="text/plain" /></material></itemfeedback><itemfeedback ident="QUES_42756994_42761075_IF130833224"><material><mattext texttype="text/plain" /></material></itemfeedback><itemfeedback ident="QUES_42756994_42761075_IF130833225"><material><mattext texttype="text/plain" /></material></itemfeedback><itemfeedback ident="QUES_42756994_42761075_IF130833226"><material><mattext texttype="text/plain" /></material></itemfeedback></item></section></assessment></questestinterop>