﻿<?xml version="1.0" encoding="UTF-8"?><questestinterop xmlns:d2l_2p0="http://desire2learn.com/xsd/d2lcp_v2p0"><assessment d2l_2p0:id="489" title="Differentiability and Local Linearity Pre-Video Questions" ident="res_quiz_122587" d2l_2p0:resource_code="trynow-55588"><rubric><flow_mat><material><mattext d2l_2p0:isdisplayed="no" texttype="text/html" /></material></flow_mat></rubric><assessmentcontrol hintswitch="no" solutionswitch="no" feedbackswitch="no" /><presentation_material><flow_mat><material label="page header"><mattext d2l_2p0:isdisplayed="no" texttype="text/html" /></material><material label="page footer"><mattext d2l_2p0:isdisplayed="no" texttype="text/html" /></material></flow_mat></presentation_material><assess_procextension><d2l_2p0:intro_message d2l_2p0:isdisplayed="no" texttype="text/html" /><d2l_2p0:disable_right_click>no</d2l_2p0:disable_right_click><d2l_2p0:disable_pager_access>no</d2l_2p0:disable_pager_access><is_active>yes</is_active><d2l_2p0:date_start /><d2l_2p0:date_end /><d2l_2p0:date_due /><d2l_2p0:has_schedule_event>no</d2l_2p0:has_schedule_event><d2l_2p0:is_attempt_Rldb>no</d2l_2p0:is_attempt_Rldb><d2l_2p0:is_subview_Rldb>no</d2l_2p0:is_subview_Rldb><d2l_2p0:time_limit>120</d2l_2p0:time_limit><d2l_2p0:show_clock>no</d2l_2p0:show_clock><d2l_2p0:enforce_time_limit>no</d2l_2p0:enforce_time_limit><d2l_2p0:grace_period>5</d2l_2p0:grace_period><d2l_2p0:late_limit>0</d2l_2p0:late_limit><d2l_2p0:attempts_allowed>0</d2l_2p0:attempts_allowed><d2l_2p0:attempt_restrictions /><d2l_2p0:mark_calculation_type>1</d2l_2p0:mark_calculation_type><d2l_2p0:is_forward_only>no</d2l_2p0:is_forward_only></assess_procextension><assessfeedback title=""><rubric><flow_mat><material><mattext texttype="yes" /></material></flow_mat></rubric><d2l_2p0:duration>0</d2l_2p0:duration><d2l_2p0:response_display_type_id>1</d2l_2p0:response_display_type_id><d2l_2p0:show_correct_answers>no</d2l_2p0:show_correct_answers><d2l_2p0:submission_restrictip>no</d2l_2p0:submission_restrictip><d2l_2p0:show_class_average>no</d2l_2p0:show_class_average><d2l_2p0:show_score_distribution>no</d2l_2p0:show_score_distribution></assessfeedback><section ident="CONTAINER_SECTION"><item ident="OBJ_1652655" label="QUES_42757120_42761210" d2l_2p0:page="1" title="Problem 1"><itemmetadata><qtimetadata><qti_metadatafield><fieldlabel>qmd_computerscored</fieldlabel><fieldentry>yes</fieldentry></qti_metadatafield><qti_metadatafield><fieldlabel>qmd_questiontype</fieldlabel><fieldentry>Multiple Choice</fieldentry></qti_metadatafield><qti_metadatafield><fieldlabel>qmd_weighting</fieldlabel><fieldentry>1.000000000</fieldentry></qti_metadatafield><qti_metadatafield><fieldlabel>qmd_globalid</fieldlabel><fieldentry>5ebf6316-0a43-4901-b094-6df9dfa505c6</fieldentry></qti_metadatafield><qti_metadatafield><fieldlabel>qmd_displayid</fieldlabel><fieldentry>Sample Course-74290</fieldentry></qti_metadatafield></qtimetadata></itemmetadata><itemproc_extension><d2l_2p0:difficulty>1</d2l_2p0:difficulty><d2l_2p0:isbonus>no</d2l_2p0:isbonus><d2l_2p0:ismandatory>no</d2l_2p0:ismandatory></itemproc_extension><presentation><flow><material><mattext texttype="text/html">&lt;span style="font-family:'Arial';"&gt;Below is a graph of a function &lt;/span&gt;&lt;span style="font-family:'Arial'; color:#000000;"&gt;&lt;IMG src="Differentiability_and_Local_Linearity_Pre_D2L/eq_2197d8.gif" alt="equation" border=0 style="vertical-align:text-bottom;" /&gt;&lt;/span&gt;&lt;span style="font-family:'Arial';"&gt;. For each of the input values labeled on the graph (A through I), indicate whether or not &lt;/span&gt;&lt;span style="font-family:'Arial'; color:#000000;"&gt;&lt;IMG src="Differentiability_and_Local_Linearity_Pre_D2L/eq_2197f7.gif" alt="equation" border=0 style="vertical-align:text-bottom;" /&gt;&lt;/span&gt;&lt;span style="font-family:'Arial';"&gt; is locally linear for that value of &lt;/span&gt;&lt;span style="font-family:'Arial'; color:#000000;"&gt;&lt;IMG src="Differentiability_and_Local_Linearity_Pre_D2L/eq_219802.gif" alt="equation" border=0 style="vertical-align:text-bottom;" /&gt;&lt;/span&gt;&lt;span style="font-family:'Arial';"&gt;.&lt;br&gt;
&lt;/span&gt;&lt;span style="font-family:'Arial'; color:#000000;"&gt;&lt;IMG src="Differentiability_and_Local_Linearity_Pre_D2L/pre_video_graph.png" alt="image" border=0 style="vertical-align:text-bottom;" /&gt;&lt;/span&gt;&lt;span style="font-family:'Arial';"&gt;&lt;br&gt;
Point A: &lt;/span&gt;</mattext></material><response_extension><d2l_2p0:display_style>2</d2l_2p0:display_style><d2l_2p0:enumeration>1</d2l_2p0:enumeration><d2l_2p0:grading_type>0</d2l_2p0:grading_type></response_extension><response_lid ident="QUES_42757120_42761210_LID" rcardinality="Single"><render_choice shuffle="no"><flow_label class="Block"><response_label ident="QUES_42757120_42761210_A130833929"><flow_mat><material><mattext texttype="text/html">&lt;span style="font-family:'Arial';"&gt;Is locallly linear&lt;/span&gt;</mattext></material></flow_mat></response_label></flow_label><flow_label class="Block"><response_label ident="QUES_42757120_42761210_A130833930"><flow_mat><material><mattext texttype="text/html">&lt;span style="font-family:'Arial';"&gt;isn't locally linear&lt;/span&gt;</mattext></material></flow_mat></response_label></flow_label></render_choice></response_lid></flow></presentation><resprocessing><respcondition title="Response Condition 1"><conditionvar><varequal respident="QUES_42757120_42761210_LID">QUES_42757120_42761210_A130833929</varequal></conditionvar><setvar action="Set">100.000000000</setvar><displayfeedback feedbacktype="Response" linkrefid="QUES_42757120_42761210_IF130833929" /></respcondition><respcondition title="Response Condition 2"><conditionvar><varequal respident="QUES_42757120_42761210_LID">QUES_42757120_42761210_A130833930</varequal></conditionvar><setvar action="Set">0.000000000</setvar><displayfeedback feedbacktype="Response" linkrefid="QUES_42757120_42761210_IF130833930" /></respcondition></resprocessing><itemfeedback ident="QUES_42757120_42761210_IF130833929"><material><mattext texttype="text/plain" /></material></itemfeedback><itemfeedback ident="QUES_42757120_42761210_IF130833930"><material><mattext texttype="text/plain" /></material></itemfeedback></item><item ident="OBJ_1652656" label="QUES_42757121_42761211" d2l_2p0:page="1" title="Problem 2"><itemmetadata><qtimetadata><qti_metadatafield><fieldlabel>qmd_computerscored</fieldlabel><fieldentry>yes</fieldentry></qti_metadatafield><qti_metadatafield><fieldlabel>qmd_questiontype</fieldlabel><fieldentry>Multiple Choice</fieldentry></qti_metadatafield><qti_metadatafield><fieldlabel>qmd_weighting</fieldlabel><fieldentry>1.000000000</fieldentry></qti_metadatafield><qti_metadatafield><fieldlabel>qmd_globalid</fieldlabel><fieldentry>a3ff6163-28dc-4a01-91f8-7fc6329c0551</fieldentry></qti_metadatafield><qti_metadatafield><fieldlabel>qmd_displayid</fieldlabel><fieldentry>Sample Course-74291</fieldentry></qti_metadatafield></qtimetadata></itemmetadata><itemproc_extension><d2l_2p0:difficulty>1</d2l_2p0:difficulty><d2l_2p0:isbonus>no</d2l_2p0:isbonus><d2l_2p0:ismandatory>no</d2l_2p0:ismandatory></itemproc_extension><presentation><flow><material><mattext texttype="text/html">&lt;span style="font-family:'Arial';"&gt;Below is a graph of a function &lt;/span&gt;&lt;span style="font-family:'Arial'; color:#000000;"&gt;&lt;IMG src="Differentiability_and_Local_Linearity_Pre_D2L/eq_2197d8a.gif" alt="equation" border=0 style="vertical-align:text-bottom;" /&gt;&lt;/span&gt;&lt;span style="font-family:'Arial';"&gt;. For each of the input values labeled on the graph (A through I), indicate whether or not &lt;/span&gt;&lt;span style="font-family:'Arial'; color:#000000;"&gt;&lt;IMG src="Differentiability_and_Local_Linearity_Pre_D2L/eq_2197f7a.gif" alt="equation" border=0 style="vertical-align:text-bottom;" /&gt;&lt;/span&gt;&lt;span style="font-family:'Arial';"&gt; is locally linear for that value of &lt;/span&gt;&lt;span style="font-family:'Arial'; color:#000000;"&gt;&lt;IMG src="Differentiability_and_Local_Linearity_Pre_D2L/eq_219802a.gif" alt="equation" border=0 style="vertical-align:text-bottom;" /&gt;&lt;/span&gt;&lt;span style="font-family:'Arial';"&gt;.&lt;br&gt;
&lt;/span&gt;&lt;span style="font-family:'Arial'; color:#000000;"&gt;&lt;IMG src="Differentiability_and_Local_Linearity_Pre_D2L/pre_video_graph.png" alt="image" border=0 style="vertical-align:text-bottom;" /&gt;&lt;/span&gt;&lt;span style="font-family:'Arial';"&gt;&lt;br&gt;
Point B: &lt;/span&gt;</mattext></material><response_extension><d2l_2p0:display_style>2</d2l_2p0:display_style><d2l_2p0:enumeration>1</d2l_2p0:enumeration><d2l_2p0:grading_type>0</d2l_2p0:grading_type></response_extension><response_lid ident="QUES_42757121_42761211_LID" rcardinality="Single"><render_choice shuffle="no"><flow_label class="Block"><response_label ident="QUES_42757121_42761211_A130833931"><flow_mat><material><mattext texttype="text/html">&lt;span style="font-family:'Arial';"&gt;Is locallly linear&lt;/span&gt;</mattext></material></flow_mat></response_label></flow_label><flow_label class="Block"><response_label ident="QUES_42757121_42761211_A130833932"><flow_mat><material><mattext texttype="text/html">&lt;span style="font-family:'Arial';"&gt;isn't locally linear&lt;/span&gt;</mattext></material></flow_mat></response_label></flow_label></render_choice></response_lid></flow></presentation><resprocessing><respcondition title="Response Condition 1"><conditionvar><varequal respident="QUES_42757121_42761211_LID">QUES_42757121_42761211_A130833931</varequal></conditionvar><setvar action="Set">100.000000000</setvar><displayfeedback feedbacktype="Response" linkrefid="QUES_42757121_42761211_IF130833931" /></respcondition><respcondition title="Response Condition 2"><conditionvar><varequal respident="QUES_42757121_42761211_LID">QUES_42757121_42761211_A130833932</varequal></conditionvar><setvar action="Set">0.000000000</setvar><displayfeedback feedbacktype="Response" linkrefid="QUES_42757121_42761211_IF130833932" /></respcondition></resprocessing><itemfeedback ident="QUES_42757121_42761211_IF130833931"><material><mattext texttype="text/plain" /></material></itemfeedback><itemfeedback ident="QUES_42757121_42761211_IF130833932"><material><mattext texttype="text/plain" /></material></itemfeedback></item><item ident="OBJ_1652657" label="QUES_42757122_42761212" d2l_2p0:page="1" title="Problem 3"><itemmetadata><qtimetadata><qti_metadatafield><fieldlabel>qmd_computerscored</fieldlabel><fieldentry>yes</fieldentry></qti_metadatafield><qti_metadatafield><fieldlabel>qmd_questiontype</fieldlabel><fieldentry>Multiple Choice</fieldentry></qti_metadatafield><qti_metadatafield><fieldlabel>qmd_weighting</fieldlabel><fieldentry>1.000000000</fieldentry></qti_metadatafield><qti_metadatafield><fieldlabel>qmd_globalid</fieldlabel><fieldentry>853cadbd-2439-476c-9326-f6f9b1f3141d</fieldentry></qti_metadatafield><qti_metadatafield><fieldlabel>qmd_displayid</fieldlabel><fieldentry>Sample Course-74292</fieldentry></qti_metadatafield></qtimetadata></itemmetadata><itemproc_extension><d2l_2p0:difficulty>1</d2l_2p0:difficulty><d2l_2p0:isbonus>no</d2l_2p0:isbonus><d2l_2p0:ismandatory>no</d2l_2p0:ismandatory></itemproc_extension><presentation><flow><material><mattext texttype="text/html">&lt;span style="font-family:'Arial';"&gt;Below is a graph of a function &lt;/span&gt;&lt;span style="font-family:'Arial'; color:#000000;"&gt;&lt;IMG src="Differentiability_and_Local_Linearity_Pre_D2L/eq_2197d8aa.gif" alt="equation" border=0 style="vertical-align:text-bottom;" /&gt;&lt;/span&gt;&lt;span style="font-family:'Arial';"&gt;. For each of the input values labeled on the graph (A through I), indicate whether or not &lt;/span&gt;&lt;span style="font-family:'Arial'; color:#000000;"&gt;&lt;IMG src="Differentiability_and_Local_Linearity_Pre_D2L/eq_2197f7aa.gif" alt="equation" border=0 style="vertical-align:text-bottom;" /&gt;&lt;/span&gt;&lt;span style="font-family:'Arial';"&gt; is locally linear for that value of &lt;/span&gt;&lt;span style="font-family:'Arial'; color:#000000;"&gt;&lt;IMG src="Differentiability_and_Local_Linearity_Pre_D2L/eq_219802aa.gif" alt="equation" border=0 style="vertical-align:text-bottom;" /&gt;&lt;/span&gt;&lt;span style="font-family:'Arial';"&gt;.&lt;br&gt;
&lt;/span&gt;&lt;span style="font-family:'Arial'; color:#000000;"&gt;&lt;IMG src="Differentiability_and_Local_Linearity_Pre_D2L/pre_video_graph.png" alt="image" border=0 style="vertical-align:text-bottom;" /&gt;&lt;/span&gt;&lt;span style="font-family:'Arial';"&gt;&lt;br&gt;
Point C: &lt;/span&gt;</mattext></material><response_extension><d2l_2p0:display_style>2</d2l_2p0:display_style><d2l_2p0:enumeration>1</d2l_2p0:enumeration><d2l_2p0:grading_type>0</d2l_2p0:grading_type></response_extension><response_lid ident="QUES_42757122_42761212_LID" rcardinality="Single"><render_choice shuffle="no"><flow_label class="Block"><response_label ident="QUES_42757122_42761212_A130833933"><flow_mat><material><mattext texttype="text/html">&lt;span style="font-family:'Arial';"&gt;Is locallly linear&lt;/span&gt;</mattext></material></flow_mat></response_label></flow_label><flow_label class="Block"><response_label ident="QUES_42757122_42761212_A130833934"><flow_mat><material><mattext texttype="text/html">&lt;span style="font-family:'Arial';"&gt;isn't locally linear&lt;/span&gt;</mattext></material></flow_mat></response_label></flow_label></render_choice></response_lid></flow></presentation><resprocessing><respcondition title="Response Condition 1"><conditionvar><varequal respident="QUES_42757122_42761212_LID">QUES_42757122_42761212_A130833933</varequal></conditionvar><setvar action="Set">100.000000000</setvar><displayfeedback feedbacktype="Response" linkrefid="QUES_42757122_42761212_IF130833933" /></respcondition><respcondition title="Response Condition 2"><conditionvar><varequal respident="QUES_42757122_42761212_LID">QUES_42757122_42761212_A130833934</varequal></conditionvar><setvar action="Set">0.000000000</setvar><displayfeedback feedbacktype="Response" linkrefid="QUES_42757122_42761212_IF130833934" /></respcondition></resprocessing><itemfeedback ident="QUES_42757122_42761212_IF130833933"><material><mattext texttype="text/plain" /></material></itemfeedback><itemfeedback ident="QUES_42757122_42761212_IF130833934"><material><mattext texttype="text/plain" /></material></itemfeedback></item><item ident="OBJ_1652658" label="QUES_42757123_42761213" d2l_2p0:page="1" title="Problem 4"><itemmetadata><qtimetadata><qti_metadatafield><fieldlabel>qmd_computerscored</fieldlabel><fieldentry>yes</fieldentry></qti_metadatafield><qti_metadatafield><fieldlabel>qmd_questiontype</fieldlabel><fieldentry>Multiple Choice</fieldentry></qti_metadatafield><qti_metadatafield><fieldlabel>qmd_weighting</fieldlabel><fieldentry>1.000000000</fieldentry></qti_metadatafield><qti_metadatafield><fieldlabel>qmd_globalid</fieldlabel><fieldentry>363612eb-b80c-4454-ab79-d5e4b8ddca27</fieldentry></qti_metadatafield><qti_metadatafield><fieldlabel>qmd_displayid</fieldlabel><fieldentry>Sample Course-74293</fieldentry></qti_metadatafield></qtimetadata></itemmetadata><itemproc_extension><d2l_2p0:difficulty>1</d2l_2p0:difficulty><d2l_2p0:isbonus>no</d2l_2p0:isbonus><d2l_2p0:ismandatory>no</d2l_2p0:ismandatory></itemproc_extension><presentation><flow><material><mattext texttype="text/html">&lt;span style="font-family:'Arial';"&gt;Below is a graph of a function &lt;/span&gt;&lt;span style="font-family:'Arial'; color:#000000;"&gt;&lt;IMG src="Differentiability_and_Local_Linearity_Pre_D2L/eq_2197d8aaa.gif" alt="equation" border=0 style="vertical-align:text-bottom;" /&gt;&lt;/span&gt;&lt;span style="font-family:'Arial';"&gt;. For each of the input values labeled on the graph (A through I), indicate whether or not &lt;/span&gt;&lt;span style="font-family:'Arial'; color:#000000;"&gt;&lt;IMG src="Differentiability_and_Local_Linearity_Pre_D2L/eq_2197f7aaa.gif" alt="equation" border=0 style="vertical-align:text-bottom;" /&gt;&lt;/span&gt;&lt;span style="font-family:'Arial';"&gt; is locally linear for that value of &lt;/span&gt;&lt;span style="font-family:'Arial'; color:#000000;"&gt;&lt;IMG src="Differentiability_and_Local_Linearity_Pre_D2L/eq_219802aaa.gif" alt="equation" border=0 style="vertical-align:text-bottom;" /&gt;&lt;/span&gt;&lt;span style="font-family:'Arial';"&gt;.&lt;br&gt;
&lt;/span&gt;&lt;span style="font-family:'Arial'; color:#000000;"&gt;&lt;IMG src="Differentiability_and_Local_Linearity_Pre_D2L/pre_video_graph.png" alt="image" border=0 style="vertical-align:text-bottom;" /&gt;&lt;/span&gt;&lt;span style="font-family:'Arial';"&gt;&lt;br&gt;
Point D: &lt;/span&gt;</mattext></material><response_extension><d2l_2p0:display_style>2</d2l_2p0:display_style><d2l_2p0:enumeration>1</d2l_2p0:enumeration><d2l_2p0:grading_type>0</d2l_2p0:grading_type></response_extension><response_lid ident="QUES_42757123_42761213_LID" rcardinality="Single"><render_choice shuffle="no"><flow_label class="Block"><response_label ident="QUES_42757123_42761213_A130833935"><flow_mat><material><mattext texttype="text/html">&lt;span style="font-family:'Arial';"&gt;Is locallly linear&lt;/span&gt;</mattext></material></flow_mat></response_label></flow_label><flow_label class="Block"><response_label ident="QUES_42757123_42761213_A130833936"><flow_mat><material><mattext texttype="text/html">&lt;span style="font-family:'Arial';"&gt;isn't locally linear&lt;/span&gt;</mattext></material></flow_mat></response_label></flow_label></render_choice></response_lid></flow></presentation><resprocessing><respcondition title="Response Condition 1"><conditionvar><varequal respident="QUES_42757123_42761213_LID">QUES_42757123_42761213_A130833935</varequal></conditionvar><setvar action="Set">0.000000000</setvar><displayfeedback feedbacktype="Response" linkrefid="QUES_42757123_42761213_IF130833935" /></respcondition><respcondition title="Response Condition 2"><conditionvar><varequal respident="QUES_42757123_42761213_LID">QUES_42757123_42761213_A130833936</varequal></conditionvar><setvar action="Set">100.000000000</setvar><displayfeedback feedbacktype="Response" linkrefid="QUES_42757123_42761213_IF130833936" /></respcondition></resprocessing><itemfeedback ident="QUES_42757123_42761213_IF130833935"><material><mattext texttype="text/plain" /></material></itemfeedback><itemfeedback ident="QUES_42757123_42761213_IF130833936"><material><mattext texttype="text/plain" /></material></itemfeedback></item><item ident="OBJ_1652659" label="QUES_42757124_42773937" d2l_2p0:page="1" title="Problem 5"><itemmetadata><qtimetadata><qti_metadatafield><fieldlabel>qmd_computerscored</fieldlabel><fieldentry>yes</fieldentry></qti_metadatafield><qti_metadatafield><fieldlabel>qmd_questiontype</fieldlabel><fieldentry>Multiple Choice</fieldentry></qti_metadatafield><qti_metadatafield><fieldlabel>qmd_weighting</fieldlabel><fieldentry>1.000000000</fieldentry></qti_metadatafield><qti_metadatafield><fieldlabel>qmd_globalid</fieldlabel><fieldentry>edb9c3a9-e398-4226-a406-a1441d3f4be6</fieldentry></qti_metadatafield><qti_metadatafield><fieldlabel>qmd_displayid</fieldlabel><fieldentry>Sample Course-74294</fieldentry></qti_metadatafield></qtimetadata></itemmetadata><itemproc_extension><d2l_2p0:difficulty>1</d2l_2p0:difficulty><d2l_2p0:isbonus>no</d2l_2p0:isbonus><d2l_2p0:ismandatory>no</d2l_2p0:ismandatory></itemproc_extension><presentation><flow><material><mattext texttype="text/html">&lt;span style="font-family:'Arial';"&gt;Below is a graph of a function &lt;/span&gt;&lt;span style="font-family:'Arial'; color:#000000;"&gt;&lt;IMG src="Differentiability_and_Local_Linearity_Pre_D2L/eq_2197d8aab.gif" alt="equation" border=0 style="vertical-align:text-bottom;" /&gt;&lt;/span&gt;&lt;span style="font-family:'Arial';"&gt;. For each of the input values labeled on the graph (A through I), indicate whether or not &lt;/span&gt;&lt;span style="font-family:'Arial'; color:#000000;"&gt;&lt;IMG src="Differentiability_and_Local_Linearity_Pre_D2L/eq_2197f7aab.gif" alt="equation" border=0 style="vertical-align:text-bottom;" /&gt;&lt;/span&gt;&lt;span style="font-family:'Arial';"&gt; is locally linear for that value of &lt;/span&gt;&lt;span style="font-family:'Arial'; color:#000000;"&gt;&lt;IMG src="Differentiability_and_Local_Linearity_Pre_D2L/eq_219802aab.gif" alt="equation" border=0 style="vertical-align:text-bottom;" /&gt;&lt;/span&gt;&lt;span style="font-family:'Arial';"&gt;.&lt;br&gt;
&lt;/span&gt;&lt;span style="font-family:'Arial'; color:#000000;"&gt;&lt;IMG src="Differentiability_and_Local_Linearity_Pre_D2L/pre_video_graph.png" alt="image" border=0 style="vertical-align:text-bottom;" /&gt;&lt;/span&gt;&lt;span style="font-family:'Arial';"&gt;&lt;br&gt;
Point E: &lt;/span&gt;</mattext></material><response_extension><d2l_2p0:display_style>2</d2l_2p0:display_style><d2l_2p0:enumeration>1</d2l_2p0:enumeration><d2l_2p0:grading_type>0</d2l_2p0:grading_type></response_extension><response_lid ident="QUES_42757124_42773937_LID" rcardinality="Single"><render_choice shuffle="no"><flow_label class="Block"><response_label ident="QUES_42757124_42773937_A130886970"><flow_mat><material><mattext texttype="text/html">&lt;span style="font-family:'Arial';"&gt;Is locallly linear&lt;/span&gt;</mattext></material></flow_mat></response_label></flow_label><flow_label class="Block"><response_label ident="QUES_42757124_42773937_A130886971"><flow_mat><material><mattext texttype="text/html">&lt;span style="font-family:'Arial';"&gt;isn't locally linear&lt;/span&gt;</mattext></material></flow_mat></response_label></flow_label></render_choice></response_lid></flow></presentation><resprocessing><respcondition title="Response Condition 1"><conditionvar><varequal respident="QUES_42757124_42773937_LID">QUES_42757124_42773937_A130886970</varequal></conditionvar><setvar action="Set">0.000000000</setvar><displayfeedback feedbacktype="Response" linkrefid="QUES_42757124_42773937_IF130886970" /></respcondition><respcondition title="Response Condition 2"><conditionvar><varequal respident="QUES_42757124_42773937_LID">QUES_42757124_42773937_A130886971</varequal></conditionvar><setvar action="Set">100.000000000</setvar><displayfeedback feedbacktype="Response" linkrefid="QUES_42757124_42773937_IF130886971" /></respcondition></resprocessing><itemfeedback ident="QUES_42757124_42773937_IF130886970"><material><mattext texttype="text/plain" /></material></itemfeedback><itemfeedback ident="QUES_42757124_42773937_IF130886971"><material><mattext texttype="text/plain" /></material></itemfeedback></item><item ident="OBJ_1652660" label="QUES_42757125_42761215" d2l_2p0:page="1" title="Problem 6"><itemmetadata><qtimetadata><qti_metadatafield><fieldlabel>qmd_computerscored</fieldlabel><fieldentry>yes</fieldentry></qti_metadatafield><qti_metadatafield><fieldlabel>qmd_questiontype</fieldlabel><fieldentry>Multiple Choice</fieldentry></qti_metadatafield><qti_metadatafield><fieldlabel>qmd_weighting</fieldlabel><fieldentry>1.000000000</fieldentry></qti_metadatafield><qti_metadatafield><fieldlabel>qmd_globalid</fieldlabel><fieldentry>21ecaa5f-e05c-4c76-88cf-37679184a45f</fieldentry></qti_metadatafield><qti_metadatafield><fieldlabel>qmd_displayid</fieldlabel><fieldentry>Sample Course-74295</fieldentry></qti_metadatafield></qtimetadata></itemmetadata><itemproc_extension><d2l_2p0:difficulty>1</d2l_2p0:difficulty><d2l_2p0:isbonus>no</d2l_2p0:isbonus><d2l_2p0:ismandatory>no</d2l_2p0:ismandatory></itemproc_extension><presentation><flow><material><mattext texttype="text/html">&lt;span style="font-family:'Arial';"&gt;Below is a graph of a function &lt;/span&gt;&lt;span style="font-family:'Arial'; color:#000000;"&gt;&lt;IMG src="Differentiability_and_Local_Linearity_Pre_D2L/eq_2197d8aaaa.gif" alt="equation" border=0 style="vertical-align:text-bottom;" /&gt;&lt;/span&gt;&lt;span style="font-family:'Arial';"&gt;. For each of the input values labeled on the graph (A through I), indicate whether or not &lt;/span&gt;&lt;span style="font-family:'Arial'; color:#000000;"&gt;&lt;IMG src="Differentiability_and_Local_Linearity_Pre_D2L/eq_2197f7aaaa.gif" alt="equation" border=0 style="vertical-align:text-bottom;" /&gt;&lt;/span&gt;&lt;span style="font-family:'Arial';"&gt; is locally linear for that value of &lt;/span&gt;&lt;span style="font-family:'Arial'; color:#000000;"&gt;&lt;IMG src="Differentiability_and_Local_Linearity_Pre_D2L/eq_219802aaaa.gif" alt="equation" border=0 style="vertical-align:text-bottom;" /&gt;&lt;/span&gt;&lt;span style="font-family:'Arial';"&gt;.&lt;br&gt;
&lt;/span&gt;&lt;span style="font-family:'Arial'; color:#000000;"&gt;&lt;IMG src="Differentiability_and_Local_Linearity_Pre_D2L/pre_video_graph.png" alt="image" border=0 style="vertical-align:text-bottom;" /&gt;&lt;/span&gt;&lt;span style="font-family:'Arial';"&gt;&lt;br&gt;
Point F: &lt;/span&gt;</mattext></material><response_extension><d2l_2p0:display_style>2</d2l_2p0:display_style><d2l_2p0:enumeration>1</d2l_2p0:enumeration><d2l_2p0:grading_type>0</d2l_2p0:grading_type></response_extension><response_lid ident="QUES_42757125_42761215_LID" rcardinality="Single"><render_choice shuffle="no"><flow_label class="Block"><response_label ident="QUES_42757125_42761215_A130833939"><flow_mat><material><mattext texttype="text/html">&lt;span style="font-family:'Arial';"&gt;Is locallly linear&lt;/span&gt;</mattext></material></flow_mat></response_label></flow_label><flow_label class="Block"><response_label ident="QUES_42757125_42761215_A130833940"><flow_mat><material><mattext texttype="text/html">&lt;span style="font-family:'Arial';"&gt;isn't locally linear&lt;/span&gt;</mattext></material></flow_mat></response_label></flow_label></render_choice></response_lid></flow></presentation><resprocessing><respcondition title="Response Condition 1"><conditionvar><varequal respident="QUES_42757125_42761215_LID">QUES_42757125_42761215_A130833939</varequal></conditionvar><setvar action="Set">0.000000000</setvar><displayfeedback feedbacktype="Response" linkrefid="QUES_42757125_42761215_IF130833939" /></respcondition><respcondition title="Response Condition 2"><conditionvar><varequal respident="QUES_42757125_42761215_LID">QUES_42757125_42761215_A130833940</varequal></conditionvar><setvar action="Set">100.000000000</setvar><displayfeedback feedbacktype="Response" linkrefid="QUES_42757125_42761215_IF130833940" /></respcondition></resprocessing><itemfeedback ident="QUES_42757125_42761215_IF130833939"><material><mattext texttype="text/plain" /></material></itemfeedback><itemfeedback ident="QUES_42757125_42761215_IF130833940"><material><mattext texttype="text/plain" /></material></itemfeedback></item><item ident="OBJ_1652661" label="QUES_42757126_42761216" d2l_2p0:page="1" title="Problem 7"><itemmetadata><qtimetadata><qti_metadatafield><fieldlabel>qmd_computerscored</fieldlabel><fieldentry>yes</fieldentry></qti_metadatafield><qti_metadatafield><fieldlabel>qmd_questiontype</fieldlabel><fieldentry>Multiple Choice</fieldentry></qti_metadatafield><qti_metadatafield><fieldlabel>qmd_weighting</fieldlabel><fieldentry>1.000000000</fieldentry></qti_metadatafield><qti_metadatafield><fieldlabel>qmd_globalid</fieldlabel><fieldentry>11ed4604-f375-43f3-bcc7-592ad340e67f</fieldentry></qti_metadatafield><qti_metadatafield><fieldlabel>qmd_displayid</fieldlabel><fieldentry>Sample Course-74296</fieldentry></qti_metadatafield></qtimetadata></itemmetadata><itemproc_extension><d2l_2p0:difficulty>1</d2l_2p0:difficulty><d2l_2p0:isbonus>no</d2l_2p0:isbonus><d2l_2p0:ismandatory>no</d2l_2p0:ismandatory></itemproc_extension><presentation><flow><material><mattext texttype="text/html">&lt;span style="font-family:'Arial';"&gt;Below is a graph of a function &lt;/span&gt;&lt;span style="font-family:'Arial'; color:#000000;"&gt;&lt;IMG src="Differentiability_and_Local_Linearity_Pre_D2L/eq_2197d8aaba.gif" alt="equation" border=0 style="vertical-align:text-bottom;" /&gt;&lt;/span&gt;&lt;span style="font-family:'Arial';"&gt;. For each of the input values labeled on the graph (A through I), indicate whether or not &lt;/span&gt;&lt;span style="font-family:'Arial'; color:#000000;"&gt;&lt;IMG src="Differentiability_and_Local_Linearity_Pre_D2L/eq_2197f7aaba.gif" alt="equation" border=0 style="vertical-align:text-bottom;" /&gt;&lt;/span&gt;&lt;span style="font-family:'Arial';"&gt; is locally linear for that value of &lt;/span&gt;&lt;span style="font-family:'Arial'; color:#000000;"&gt;&lt;IMG src="Differentiability_and_Local_Linearity_Pre_D2L/eq_219802aaba.gif" alt="equation" border=0 style="vertical-align:text-bottom;" /&gt;&lt;/span&gt;&lt;span style="font-family:'Arial';"&gt;.&lt;br&gt;
&lt;/span&gt;&lt;span style="font-family:'Arial'; color:#000000;"&gt;&lt;IMG src="Differentiability_and_Local_Linearity_Pre_D2L/pre_video_graph.png" alt="image" border=0 style="vertical-align:text-bottom;" /&gt;&lt;/span&gt;&lt;span style="font-family:'Arial';"&gt;&lt;br&gt;
Point G: &lt;/span&gt;</mattext></material><response_extension><d2l_2p0:display_style>2</d2l_2p0:display_style><d2l_2p0:enumeration>1</d2l_2p0:enumeration><d2l_2p0:grading_type>0</d2l_2p0:grading_type></response_extension><response_lid ident="QUES_42757126_42761216_LID" rcardinality="Single"><render_choice shuffle="no"><flow_label class="Block"><response_label ident="QUES_42757126_42761216_A130833941"><flow_mat><material><mattext texttype="text/html">&lt;span style="font-family:'Arial';"&gt;Is locallly linear&lt;/span&gt;</mattext></material></flow_mat></response_label></flow_label><flow_label class="Block"><response_label ident="QUES_42757126_42761216_A130833942"><flow_mat><material><mattext texttype="text/html">&lt;span style="font-family:'Arial';"&gt;isn't locally linear&lt;/span&gt;</mattext></material></flow_mat></response_label></flow_label></render_choice></response_lid></flow></presentation><resprocessing><respcondition title="Response Condition 1"><conditionvar><varequal respident="QUES_42757126_42761216_LID">QUES_42757126_42761216_A130833941</varequal></conditionvar><setvar action="Set">100.000000000</setvar><displayfeedback feedbacktype="Response" linkrefid="QUES_42757126_42761216_IF130833941" /></respcondition><respcondition title="Response Condition 2"><conditionvar><varequal respident="QUES_42757126_42761216_LID">QUES_42757126_42761216_A130833942</varequal></conditionvar><setvar action="Set">0.000000000</setvar><displayfeedback feedbacktype="Response" linkrefid="QUES_42757126_42761216_IF130833942" /></respcondition></resprocessing><itemfeedback ident="QUES_42757126_42761216_IF130833941"><material><mattext texttype="text/plain" /></material></itemfeedback><itemfeedback ident="QUES_42757126_42761216_IF130833942"><material><mattext texttype="text/plain" /></material></itemfeedback></item><item ident="OBJ_1652662" label="QUES_42757127_42761217" d2l_2p0:page="1" title="Problem 8"><itemmetadata><qtimetadata><qti_metadatafield><fieldlabel>qmd_computerscored</fieldlabel><fieldentry>yes</fieldentry></qti_metadatafield><qti_metadatafield><fieldlabel>qmd_questiontype</fieldlabel><fieldentry>Multiple Choice</fieldentry></qti_metadatafield><qti_metadatafield><fieldlabel>qmd_weighting</fieldlabel><fieldentry>1.000000000</fieldentry></qti_metadatafield><qti_metadatafield><fieldlabel>qmd_globalid</fieldlabel><fieldentry>dfe85fa9-2ff2-4d6c-8e85-6eef4e2bdd22</fieldentry></qti_metadatafield><qti_metadatafield><fieldlabel>qmd_displayid</fieldlabel><fieldentry>Sample Course-74297</fieldentry></qti_metadatafield></qtimetadata></itemmetadata><itemproc_extension><d2l_2p0:difficulty>1</d2l_2p0:difficulty><d2l_2p0:isbonus>no</d2l_2p0:isbonus><d2l_2p0:ismandatory>no</d2l_2p0:ismandatory></itemproc_extension><presentation><flow><material><mattext texttype="text/html">&lt;span style="font-family:'Arial';"&gt;Below is a graph of a function &lt;/span&gt;&lt;span style="font-family:'Arial'; color:#000000;"&gt;&lt;IMG src="Differentiability_and_Local_Linearity_Pre_D2L/eq_2197d8aaaaa.gif" alt="equation" border=0 style="vertical-align:text-bottom;" /&gt;&lt;/span&gt;&lt;span style="font-family:'Arial';"&gt;. For each of the input values labeled on the graph (A through I), indicate whether or not &lt;/span&gt;&lt;span style="font-family:'Arial'; color:#000000;"&gt;&lt;IMG src="Differentiability_and_Local_Linearity_Pre_D2L/eq_2197f7aaaaa.gif" alt="equation" border=0 style="vertical-align:text-bottom;" /&gt;&lt;/span&gt;&lt;span style="font-family:'Arial';"&gt; is locally linear for that value of &lt;/span&gt;&lt;span style="font-family:'Arial'; color:#000000;"&gt;&lt;IMG src="Differentiability_and_Local_Linearity_Pre_D2L/eq_219802aaaaa.gif" alt="equation" border=0 style="vertical-align:text-bottom;" /&gt;&lt;/span&gt;&lt;span style="font-family:'Arial';"&gt;.&lt;br&gt;
&lt;/span&gt;&lt;span style="font-family:'Arial'; color:#000000;"&gt;&lt;IMG src="Differentiability_and_Local_Linearity_Pre_D2L/pre_video_graph.png" alt="image" border=0 style="vertical-align:text-bottom;" /&gt;&lt;/span&gt;&lt;span style="font-family:'Arial';"&gt;&lt;br&gt;
Point H: &lt;/span&gt;</mattext></material><response_extension><d2l_2p0:display_style>2</d2l_2p0:display_style><d2l_2p0:enumeration>1</d2l_2p0:enumeration><d2l_2p0:grading_type>0</d2l_2p0:grading_type></response_extension><response_lid ident="QUES_42757127_42761217_LID" rcardinality="Single"><render_choice shuffle="no"><flow_label class="Block"><response_label ident="QUES_42757127_42761217_A130833943"><flow_mat><material><mattext texttype="text/html">&lt;span style="font-family:'Arial';"&gt;Is locallly linear&lt;/span&gt;</mattext></material></flow_mat></response_label></flow_label><flow_label class="Block"><response_label ident="QUES_42757127_42761217_A130833944"><flow_mat><material><mattext texttype="text/html">&lt;span style="font-family:'Arial';"&gt;isn't locally linear&lt;/span&gt;</mattext></material></flow_mat></response_label></flow_label></render_choice></response_lid></flow></presentation><resprocessing><respcondition title="Response Condition 1"><conditionvar><varequal respident="QUES_42757127_42761217_LID">QUES_42757127_42761217_A130833943</varequal></conditionvar><setvar action="Set">0.000000000</setvar><displayfeedback feedbacktype="Response" linkrefid="QUES_42757127_42761217_IF130833943" /></respcondition><respcondition title="Response Condition 2"><conditionvar><varequal respident="QUES_42757127_42761217_LID">QUES_42757127_42761217_A130833944</varequal></conditionvar><setvar action="Set">100.000000000</setvar><displayfeedback feedbacktype="Response" linkrefid="QUES_42757127_42761217_IF130833944" /></respcondition></resprocessing><itemfeedback ident="QUES_42757127_42761217_IF130833943"><material><mattext texttype="text/plain" /></material></itemfeedback><itemfeedback ident="QUES_42757127_42761217_IF130833944"><material><mattext texttype="text/plain" /></material></itemfeedback></item><item ident="OBJ_1652663" label="QUES_42757128_42761218" d2l_2p0:page="1" title="Problem 9"><itemmetadata><qtimetadata><qti_metadatafield><fieldlabel>qmd_computerscored</fieldlabel><fieldentry>yes</fieldentry></qti_metadatafield><qti_metadatafield><fieldlabel>qmd_questiontype</fieldlabel><fieldentry>Multiple Choice</fieldentry></qti_metadatafield><qti_metadatafield><fieldlabel>qmd_weighting</fieldlabel><fieldentry>1.000000000</fieldentry></qti_metadatafield><qti_metadatafield><fieldlabel>qmd_globalid</fieldlabel><fieldentry>d7ccc798-3bf0-4206-873e-bd52b88b0c6f</fieldentry></qti_metadatafield><qti_metadatafield><fieldlabel>qmd_displayid</fieldlabel><fieldentry>Sample Course-74298</fieldentry></qti_metadatafield></qtimetadata></itemmetadata><itemproc_extension><d2l_2p0:difficulty>1</d2l_2p0:difficulty><d2l_2p0:isbonus>no</d2l_2p0:isbonus><d2l_2p0:ismandatory>no</d2l_2p0:ismandatory></itemproc_extension><presentation><flow><material><mattext texttype="text/html">&lt;span style="font-family:'Arial';"&gt;Below is a graph of a function &lt;/span&gt;&lt;span style="font-family:'Arial'; color:#000000;"&gt;&lt;IMG src="Differentiability_and_Local_Linearity_Pre_D2L/eq_2197d8aabaa.gif" alt="equation" border=0 style="vertical-align:text-bottom;" /&gt;&lt;/span&gt;&lt;span style="font-family:'Arial';"&gt;. For each of the input values labeled on the graph (A through I), indicate whether or not &lt;/span&gt;&lt;span style="font-family:'Arial'; color:#000000;"&gt;&lt;IMG src="Differentiability_and_Local_Linearity_Pre_D2L/eq_2197f7aabaa.gif" alt="equation" border=0 style="vertical-align:text-bottom;" /&gt;&lt;/span&gt;&lt;span style="font-family:'Arial';"&gt; is locally linear for that value of &lt;/span&gt;&lt;span style="font-family:'Arial'; color:#000000;"&gt;&lt;IMG src="Differentiability_and_Local_Linearity_Pre_D2L/eq_219802aabaa.gif" alt="equation" border=0 style="vertical-align:text-bottom;" /&gt;&lt;/span&gt;&lt;span style="font-family:'Arial';"&gt;.&lt;br&gt;
&lt;/span&gt;&lt;span style="font-family:'Arial'; color:#000000;"&gt;&lt;IMG src="Differentiability_and_Local_Linearity_Pre_D2L/pre_video_graph.png" alt="image" border=0 style="vertical-align:text-bottom;" /&gt;&lt;/span&gt;&lt;span style="font-family:'Arial';"&gt;&lt;br&gt;
Point I: &lt;/span&gt;</mattext></material><response_extension><d2l_2p0:display_style>2</d2l_2p0:display_style><d2l_2p0:enumeration>1</d2l_2p0:enumeration><d2l_2p0:grading_type>0</d2l_2p0:grading_type></response_extension><response_lid ident="QUES_42757128_42761218_LID" rcardinality="Single"><render_choice shuffle="no"><flow_label class="Block"><response_label ident="QUES_42757128_42761218_A130833945"><flow_mat><material><mattext texttype="text/html">&lt;span style="font-family:'Arial';"&gt;Is locallly linear&lt;/span&gt;</mattext></material></flow_mat></response_label></flow_label><flow_label class="Block"><response_label ident="QUES_42757128_42761218_A130833946"><flow_mat><material><mattext texttype="text/html">&lt;span style="font-family:'Arial';"&gt;isn't locally linear&lt;/span&gt;</mattext></material></flow_mat></response_label></flow_label></render_choice></response_lid></flow></presentation><resprocessing><respcondition title="Response Condition 1"><conditionvar><varequal respident="QUES_42757128_42761218_LID">QUES_42757128_42761218_A130833945</varequal></conditionvar><setvar action="Set">100.000000000</setvar><displayfeedback feedbacktype="Response" linkrefid="QUES_42757128_42761218_IF130833945" /></respcondition><respcondition title="Response Condition 2"><conditionvar><varequal respident="QUES_42757128_42761218_LID">QUES_42757128_42761218_A130833946</varequal></conditionvar><setvar action="Set">0.000000000</setvar><displayfeedback feedbacktype="Response" linkrefid="QUES_42757128_42761218_IF130833946" /></respcondition></resprocessing><itemfeedback ident="QUES_42757128_42761218_IF130833945"><material><mattext texttype="text/plain" /></material></itemfeedback><itemfeedback ident="QUES_42757128_42761218_IF130833946"><material><mattext texttype="text/plain" /></material></itemfeedback></item></section></assessment></questestinterop>