﻿<?xml version="1.0" encoding="UTF-8"?><questestinterop xmlns:d2l_2p0="http://desire2learn.com/xsd/d2lcp_v2p0"><assessment d2l_2p0:id="440" title="Definite Integrals PreVideo Questions" ident="res_quiz_122395" d2l_2p0:resource_code="ef9e56cc46d3486a98963923-120"><rubric><flow_mat><material><mattext d2l_2p0:isdisplayed="no" texttype="text/html" /></material></flow_mat></rubric><assessmentcontrol hintswitch="no" solutionswitch="yes" feedbackswitch="no" /><presentation_material><flow_mat><material label="page header"><mattext d2l_2p0:isdisplayed="no" texttype="text/html" /></material><material label="page footer"><mattext d2l_2p0:isdisplayed="no" texttype="text/html" /></material></flow_mat></presentation_material><assess_procextension><d2l_2p0:intro_message d2l_2p0:isdisplayed="yes" texttype="text/html">Respondus</d2l_2p0:intro_message><d2l_2p0:disable_right_click>no</d2l_2p0:disable_right_click><d2l_2p0:disable_pager_access>no</d2l_2p0:disable_pager_access><is_active>yes</is_active><d2l_2p0:date_start /><d2l_2p0:date_end /><d2l_2p0:date_due /><d2l_2p0:has_schedule_event>no</d2l_2p0:has_schedule_event><d2l_2p0:is_attempt_Rldb>no</d2l_2p0:is_attempt_Rldb><d2l_2p0:is_subview_Rldb>no</d2l_2p0:is_subview_Rldb><d2l_2p0:time_limit>120</d2l_2p0:time_limit><d2l_2p0:show_clock>yes</d2l_2p0:show_clock><d2l_2p0:enforce_time_limit>yes</d2l_2p0:enforce_time_limit><d2l_2p0:grace_period>5</d2l_2p0:grace_period><d2l_2p0:late_limit>0</d2l_2p0:late_limit><d2l_2p0:attempts_allowed>3</d2l_2p0:attempts_allowed><d2l_2p0:attempt_restrictions /><d2l_2p0:mark_calculation_type>1</d2l_2p0:mark_calculation_type><d2l_2p0:is_forward_only>no</d2l_2p0:is_forward_only></assess_procextension><assessfeedback title=""><rubric><flow_mat><material><mattext texttype="yes">Your quiz has been submitted successfully.</mattext></material></flow_mat></rubric><d2l_2p0:duration>0</d2l_2p0:duration><d2l_2p0:response_display_type_id>1</d2l_2p0:response_display_type_id><d2l_2p0:show_correct_answers>no</d2l_2p0:show_correct_answers><d2l_2p0:submission_restrictip>no</d2l_2p0:submission_restrictip><d2l_2p0:show_class_average>no</d2l_2p0:show_class_average><d2l_2p0:show_score_distribution>no</d2l_2p0:show_score_distribution></assessfeedback><section ident="CONTAINER_SECTION"><item ident="OBJ_1651140" label="QUES_42756947_42761028" d2l_2p0:page="1"><itemmetadata><qtimetadata><qti_metadatafield><fieldlabel>qmd_computerscored</fieldlabel><fieldentry>yes</fieldentry></qti_metadatafield><qti_metadatafield><fieldlabel>qmd_questiontype</fieldlabel><fieldentry>Multiple Choice</fieldentry></qti_metadatafield><qti_metadatafield><fieldlabel>qmd_weighting</fieldlabel><fieldentry>1.000000000</fieldentry></qti_metadatafield><qti_metadatafield><fieldlabel>qmd_globalid</fieldlabel><fieldentry>35d35628-a6dd-45d7-a8ac-63d6d001b93a</fieldentry></qti_metadatafield><qti_metadatafield><fieldlabel>qmd_displayid</fieldlabel><fieldentry>Sample Course-74146</fieldentry></qti_metadatafield></qtimetadata></itemmetadata><itemproc_extension><d2l_2p0:difficulty>3</d2l_2p0:difficulty><d2l_2p0:isbonus>no</d2l_2p0:isbonus><d2l_2p0:ismandatory>yes</d2l_2p0:ismandatory></itemproc_extension><presentation><flow><material><mattext texttype="text/html">&lt;!--RsQ_001--&gt;&lt;span style="font-family:'Arial';"&gt;The velocity of a runner at different moments in time since starting a race is given by the following table.&lt;br&gt;&lt;/span&gt;&lt;span style="font-family:'Arial'; color:#000000;"&gt;&lt;IMG src="ppg/respondus/Definite_Integrals_Pre_BB_Test/capture1.png" alt="image" align="bottom" border=0&gt;&lt;/span&gt;&lt;span style="font-family:'Arial';"&gt; &lt;br&gt;Based on the table, which of the following is an approximation to &lt;/span&gt;&lt;span style="font-family:'Arial'; color:#000000;"&gt;&lt;IMG src="ppg/respondus/Definite_Integrals_Pre_BB_Test/eq_08a88c.gif" alt="equation" border=0 align="absmiddle"&gt;&lt;/span&gt;&lt;span style="font-family:'Arial';"&gt;? &lt;/span&gt;</mattext></material><response_extension><d2l_2p0:display_style>2</d2l_2p0:display_style><d2l_2p0:enumeration>6</d2l_2p0:enumeration><d2l_2p0:grading_type>0</d2l_2p0:grading_type></response_extension><response_lid ident="QUES_42756947_42761028_LID" rcardinality="Single"><render_choice shuffle="no"><flow_label class="Block"><response_label ident="QUES_42756947_42761028_A130832950"><flow_mat><material><mattext texttype="text/html">&lt;span style="font-family:'Arial';"&gt;18 meters&lt;/span&gt;</mattext></material></flow_mat></response_label></flow_label><flow_label class="Block"><response_label ident="QUES_42756947_42761028_A130832951"><flow_mat><material><mattext texttype="text/html">&lt;span style="font-family:'Arial';"&gt;28 meters&lt;/span&gt;</mattext></material></flow_mat></response_label></flow_label><flow_label class="Block"><response_label ident="QUES_42756947_42761028_A130832952"><flow_mat><material><mattext texttype="text/html">&lt;span style="font-family:'Arial';"&gt;30 meters&lt;/span&gt;</mattext></material></flow_mat></response_label></flow_label><flow_label class="Block"><response_label ident="QUES_42756947_42761028_A130832953"><flow_mat><material><mattext texttype="text/html">&lt;span style="font-family:'Arial';"&gt;42 meters&lt;/span&gt;</mattext></material></flow_mat></response_label></flow_label><flow_label class="Block"><response_label ident="QUES_42756947_42761028_A130832954"><flow_mat><material><mattext texttype="text/html">&lt;span style="font-family:'Arial';"&gt;44 meters&lt;/span&gt;</mattext></material></flow_mat></response_label></flow_label><flow_label class="Block"><response_label ident="QUES_42756947_42761028_A130832955"><flow_mat><material><mattext texttype="text/html">&lt;span style="font-family:'Arial';"&gt;None of the above&lt;/span&gt;</mattext></material></flow_mat></response_label></flow_label></render_choice></response_lid></flow></presentation><resprocessing><respcondition title="Response Condition 1"><conditionvar><varequal respident="QUES_42756947_42761028_LID">QUES_42756947_42761028_A130832950</varequal></conditionvar><setvar action="Set">100.000000000</setvar><displayfeedback feedbacktype="Response" linkrefid="QUES_42756947_42761028_IF130832950" /></respcondition><respcondition title="Response Condition 2"><conditionvar><varequal respident="QUES_42756947_42761028_LID">QUES_42756947_42761028_A130832951</varequal></conditionvar><setvar action="Set">0.000000000</setvar><displayfeedback feedbacktype="Response" linkrefid="QUES_42756947_42761028_IF130832951" /></respcondition><respcondition title="Response Condition 3"><conditionvar><varequal respident="QUES_42756947_42761028_LID">QUES_42756947_42761028_A130832952</varequal></conditionvar><setvar action="Set">0.000000000</setvar><displayfeedback feedbacktype="Response" linkrefid="QUES_42756947_42761028_IF130832952" /></respcondition><respcondition title="Response Condition 4"><conditionvar><varequal respident="QUES_42756947_42761028_LID">QUES_42756947_42761028_A130832953</varequal></conditionvar><setvar action="Set">0.000000000</setvar><displayfeedback feedbacktype="Response" linkrefid="QUES_42756947_42761028_IF130832953" /></respcondition><respcondition title="Response Condition 5"><conditionvar><varequal respident="QUES_42756947_42761028_LID">QUES_42756947_42761028_A130832954</varequal></conditionvar><setvar action="Set">0.000000000</setvar><displayfeedback feedbacktype="Response" linkrefid="QUES_42756947_42761028_IF130832954" /></respcondition><respcondition title="Response Condition 6"><conditionvar><varequal respident="QUES_42756947_42761028_LID">QUES_42756947_42761028_A130832955</varequal></conditionvar><setvar action="Set">0.000000000</setvar><displayfeedback feedbacktype="Response" linkrefid="QUES_42756947_42761028_IF130832955" /></respcondition></resprocessing><itemfeedback ident="QUES_42756947_42761028_IF130832950"><material><mattext texttype="text/plain" /></material></itemfeedback><itemfeedback ident="QUES_42756947_42761028_IF130832951"><material><mattext texttype="text/plain" /></material></itemfeedback><itemfeedback ident="QUES_42756947_42761028_IF130832952"><material><mattext texttype="text/plain" /></material></itemfeedback><itemfeedback ident="QUES_42756947_42761028_IF130832953"><material><mattext texttype="text/plain" /></material></itemfeedback><itemfeedback ident="QUES_42756947_42761028_IF130832954"><material><mattext texttype="text/plain" /></material></itemfeedback><itemfeedback ident="QUES_42756947_42761028_IF130832955"><material><mattext texttype="text/plain" /></material></itemfeedback></item><item ident="OBJ_1651141" label="QUES_42756948_42761029" d2l_2p0:page="1"><itemmetadata><qtimetadata><qti_metadatafield><fieldlabel>qmd_computerscored</fieldlabel><fieldentry>yes</fieldentry></qti_metadatafield><qti_metadatafield><fieldlabel>qmd_questiontype</fieldlabel><fieldentry>Multiple Choice</fieldentry></qti_metadatafield><qti_metadatafield><fieldlabel>qmd_weighting</fieldlabel><fieldentry>1.000000000</fieldentry></qti_metadatafield><qti_metadatafield><fieldlabel>qmd_globalid</fieldlabel><fieldentry>056b619d-08cc-4f1a-8ad0-cf5e17f791d0</fieldentry></qti_metadatafield><qti_metadatafield><fieldlabel>qmd_displayid</fieldlabel><fieldentry>Sample Course-74147</fieldentry></qti_metadatafield></qtimetadata></itemmetadata><itemproc_extension><d2l_2p0:difficulty>3</d2l_2p0:difficulty><d2l_2p0:isbonus>no</d2l_2p0:isbonus><d2l_2p0:ismandatory>yes</d2l_2p0:ismandatory></itemproc_extension><presentation><flow><material><mattext texttype="text/html">&lt;!--RsQ_002--&gt;&lt;span style="font-family:'Arial';"&gt;Use the graph of the rate, &lt;/span&gt;&lt;span style="font-family:'Arial'; color:#000000;"&gt;&lt;IMG src="ppg/respondus/Definite_Integrals_Pre_BB_Test/eq_08aa0f.gif" alt="equation" border=0 align="absmiddle"&gt;&lt;/span&gt;&lt;span style="font-family:'Arial';"&gt;, to answer the following question:&lt;br&gt;&lt;/span&gt;&lt;span style="font-family:'Arial'; color:#000000;"&gt;&lt;IMG src="ppg/respondus/Definite_Integrals_Pre_BB_Test/graph11.png" alt="image" align="bottom" border=0&gt;&lt;/span&gt;&lt;span style="font-family:'Arial';"&gt;&lt;br&gt;Which value is greatest? &lt;/span&gt;</mattext></material><response_extension><d2l_2p0:display_style>2</d2l_2p0:display_style><d2l_2p0:enumeration>6</d2l_2p0:enumeration><d2l_2p0:grading_type>0</d2l_2p0:grading_type></response_extension><response_lid ident="QUES_42756948_42761029_LID" rcardinality="Single"><render_choice shuffle="no"><flow_label class="Block"><response_label ident="QUES_42756948_42761029_A130832956"><flow_mat><material><mattext texttype="text/html">&lt;span style="font-family:'Arial';"&gt;&lt;IMG src="ppg/respondus/Definite_Integrals_Pre_BB_Test/eq_08aa52.gif" alt="equation" border=0 align="absmiddle"&gt;&lt;/span&gt;</mattext></material></flow_mat></response_label></flow_label><flow_label class="Block"><response_label ident="QUES_42756948_42761029_A130832957"><flow_mat><material><mattext texttype="text/html">&lt;span style="font-family:'Arial';"&gt;&lt;IMG src="ppg/respondus/Definite_Integrals_Pre_BB_Test/eq_08aa64.gif" alt="equation" border=0 align="absmiddle"&gt;&lt;/span&gt;</mattext></material></flow_mat></response_label></flow_label><flow_label class="Block"><response_label ident="QUES_42756948_42761029_A130832958"><flow_mat><material><mattext texttype="text/html">&lt;span style="font-family:'Arial'; color:#000000;"&gt;&lt;IMG src="ppg/respondus/Definite_Integrals_Pre_BB_Test/eq_08aa6d.gif" alt="equation" border=0 align="absmiddle"&gt;&lt;/span&gt;&lt;span style="font-family:'Arial';"&gt; where &lt;/span&gt;&lt;span style="font-family:'Arial';"&gt;&lt;IMG src="ppg/respondus/Definite_Integrals_Pre_BB_Test/eq_08aa91.gif" alt="equation" border=0 align="absmiddle"&gt;&lt;/span&gt;</mattext></material></flow_mat></response_label></flow_label><flow_label class="Block"><response_label ident="QUES_42756948_42761029_A130832959"><flow_mat><material><mattext texttype="text/html">&lt;span style="font-family:'Arial'; color:#000000;"&gt;&lt;IMG src="ppg/respondus/Definite_Integrals_Pre_BB_Test/eq_08aaa1.gif" alt="equation" border=0 align="absmiddle"&gt;&lt;/span&gt;&lt;span style="font-family:'Arial';"&gt; where &lt;/span&gt;&lt;span style="font-family:'Arial';"&gt;&lt;IMG src="ppg/respondus/Definite_Integrals_Pre_BB_Test/eq_08aaaf.gif" alt="equation" border=0 align="absmiddle"&gt;&lt;/span&gt;</mattext></material></flow_mat></response_label></flow_label><flow_label class="Block"><response_label ident="QUES_42756948_42761029_A130832960"><flow_mat><material><mattext texttype="text/html">&lt;span style="font-family:'Arial';"&gt;None of the above&lt;/span&gt;</mattext></material></flow_mat></response_label></flow_label><flow_label class="Block"><response_label ident="QUES_42756948_42761029_A130832961"><flow_mat><material><mattext texttype="text/html">&lt;span style="font-family:'Arial';"&gt;More information is needed&lt;/span&gt;</mattext></material></flow_mat></response_label></flow_label></render_choice></response_lid></flow></presentation><resprocessing><respcondition title="Response Condition 1"><conditionvar><varequal respident="QUES_42756948_42761029_LID">QUES_42756948_42761029_A130832956</varequal></conditionvar><setvar action="Set">0.000000000</setvar><displayfeedback feedbacktype="Response" linkrefid="QUES_42756948_42761029_IF130832956" /></respcondition><respcondition title="Response Condition 2"><conditionvar><varequal respident="QUES_42756948_42761029_LID">QUES_42756948_42761029_A130832957</varequal></conditionvar><setvar action="Set">0.000000000</setvar><displayfeedback feedbacktype="Response" linkrefid="QUES_42756948_42761029_IF130832957" /></respcondition><respcondition title="Response Condition 3"><conditionvar><varequal respident="QUES_42756948_42761029_LID">QUES_42756948_42761029_A130832958</varequal></conditionvar><setvar action="Set">0.000000000</setvar><displayfeedback feedbacktype="Response" linkrefid="QUES_42756948_42761029_IF130832958" /></respcondition><respcondition title="Response Condition 4"><conditionvar><varequal respident="QUES_42756948_42761029_LID">QUES_42756948_42761029_A130832959</varequal></conditionvar><setvar action="Set">100.000000000</setvar><displayfeedback feedbacktype="Response" linkrefid="QUES_42756948_42761029_IF130832959" /></respcondition><respcondition title="Response Condition 5"><conditionvar><varequal respident="QUES_42756948_42761029_LID">QUES_42756948_42761029_A130832960</varequal></conditionvar><setvar action="Set">0.000000000</setvar><displayfeedback feedbacktype="Response" linkrefid="QUES_42756948_42761029_IF130832960" /></respcondition><respcondition title="Response Condition 6"><conditionvar><varequal respident="QUES_42756948_42761029_LID">QUES_42756948_42761029_A130832961</varequal></conditionvar><setvar action="Set">0.000000000</setvar><displayfeedback feedbacktype="Response" linkrefid="QUES_42756948_42761029_IF130832961" /></respcondition></resprocessing><itemfeedback ident="QUES_42756948_42761029_IF130832956"><material><mattext texttype="text/plain" /></material></itemfeedback><itemfeedback ident="QUES_42756948_42761029_IF130832957"><material><mattext texttype="text/plain" /></material></itemfeedback><itemfeedback ident="QUES_42756948_42761029_IF130832958"><material><mattext texttype="text/plain" /></material></itemfeedback><itemfeedback ident="QUES_42756948_42761029_IF130832959"><material><mattext texttype="text/plain" /></material></itemfeedback><itemfeedback ident="QUES_42756948_42761029_IF130832960"><material><mattext texttype="text/plain" /></material></itemfeedback><itemfeedback ident="QUES_42756948_42761029_IF130832961"><material><mattext texttype="text/plain" /></material></itemfeedback></item><item ident="OBJ_1651142" label="QUES_42756949_42761030" d2l_2p0:page="1"><itemmetadata><qtimetadata><qti_metadatafield><fieldlabel>qmd_computerscored</fieldlabel><fieldentry>yes</fieldentry></qti_metadatafield><qti_metadatafield><fieldlabel>qmd_questiontype</fieldlabel><fieldentry>Multiple Choice</fieldentry></qti_metadatafield><qti_metadatafield><fieldlabel>qmd_weighting</fieldlabel><fieldentry>1.000000000</fieldentry></qti_metadatafield><qti_metadatafield><fieldlabel>qmd_globalid</fieldlabel><fieldentry>cde8043d-871e-465d-89cb-bf32e21c44f4</fieldentry></qti_metadatafield><qti_metadatafield><fieldlabel>qmd_displayid</fieldlabel><fieldentry>Sample Course-74148</fieldentry></qti_metadatafield></qtimetadata></itemmetadata><itemproc_extension><d2l_2p0:difficulty>3</d2l_2p0:difficulty><d2l_2p0:isbonus>no</d2l_2p0:isbonus><d2l_2p0:ismandatory>yes</d2l_2p0:ismandatory></itemproc_extension><presentation><flow><material><mattext texttype="text/html">&lt;!--RsQ_003--&gt;&lt;span style="font-family:'Arial';"&gt;The following picture illustrates a Riemann sum using &lt;/span&gt;&lt;span style="font-family:'Arial'; color:#000000;"&gt;&lt;IMG src="ppg/respondus/Definite_Integrals_Pre_BB_Test/eq_08aae4.gif" alt="equation" border=0 align="absmiddle"&gt;&lt;/span&gt;&lt;span style="font-family:'Arial';"&gt; terms. The dotted lines are located at &lt;/span&gt;&lt;span style="font-family:'Arial'; color:#000000;"&gt;&lt;IMG src="ppg/respondus/Definite_Integrals_Pre_BB_Test/eq_08aaee.gif" alt="equation" border=0 align="absmiddle"&gt;&lt;/span&gt;&lt;span style="font-family:'Arial';"&gt; etc.&lt;br&gt;&lt;/span&gt;&lt;span style="font-family:'Arial'; color:#000000;"&gt;&lt;IMG src="ppg/respondus/Definite_Integrals_Pre_BB_Test/definite_integral_pre.png" alt="image" align="bottom" border=0&gt;&lt;/span&gt;&lt;span style="font-family:'Arial';"&gt;&lt;br&gt;Which expression from the Riemann Sum definition of the definite integral represents the green shaded region? &lt;/span&gt;</mattext></material><response_extension><d2l_2p0:display_style>2</d2l_2p0:display_style><d2l_2p0:enumeration>6</d2l_2p0:enumeration><d2l_2p0:grading_type>0</d2l_2p0:grading_type></response_extension><response_lid ident="QUES_42756949_42761030_LID" rcardinality="Single"><render_choice shuffle="no"><flow_label class="Block"><response_label ident="QUES_42756949_42761030_A130832962"><flow_mat><material><mattext texttype="text/html">&lt;span style="font-family:'Arial';"&gt;&lt;IMG src="ppg/respondus/Definite_Integrals_Pre_BB_Test/eq_08ab27.gif" alt="equation" border=0 align="absmiddle"&gt;&lt;/span&gt;</mattext></material></flow_mat></response_label></flow_label><flow_label class="Block"><response_label ident="QUES_42756949_42761030_A130832963"><flow_mat><material><mattext texttype="text/html">&lt;span style="font-family:'Arial';"&gt;&lt;IMG src="ppg/respondus/Definite_Integrals_Pre_BB_Test/eq_08ab6b.gif" alt="equation" border=0 align="absmiddle"&gt;&lt;/span&gt;</mattext></material></flow_mat></response_label></flow_label><flow_label class="Block"><response_label ident="QUES_42756949_42761030_A130832964"><flow_mat><material><mattext texttype="text/html">&lt;span style="font-family:'Arial';"&gt;&lt;IMG src="ppg/respondus/Definite_Integrals_Pre_BB_Test/eq_08ab7d.gif" alt="equation" border=0 align="absmiddle"&gt;&lt;/span&gt;</mattext></material></flow_mat></response_label></flow_label><flow_label class="Block"><response_label ident="QUES_42756949_42761030_A130832965"><flow_mat><material><mattext texttype="text/html">&lt;span style="font-family:'Arial';"&gt;&lt;IMG src="ppg/respondus/Definite_Integrals_Pre_BB_Test/eq_08ab86.gif" alt="equation" border=0 align="absmiddle"&gt;&lt;/span&gt;</mattext></material></flow_mat></response_label></flow_label><flow_label class="Block"><response_label ident="QUES_42756949_42761030_A130832966"><flow_mat><material><mattext texttype="text/html">&lt;span style="font-family:'Arial';"&gt;&lt;IMG src="ppg/respondus/Definite_Integrals_Pre_BB_Test/eq_08ab8e.gif" alt="equation" border=0 align="absmiddle"&gt;&lt;/span&gt;</mattext></material></flow_mat></response_label></flow_label><flow_label class="Block"><response_label ident="QUES_42756949_42761030_A130832967"><flow_mat><material><mattext texttype="text/html">&lt;span style="font-family:'Arial';"&gt;&lt;IMG src="ppg/respondus/Definite_Integrals_Pre_BB_Test/eq_08ab9b.gif" alt="equation" border=0 align="absmiddle"&gt;&lt;/span&gt;</mattext></material></flow_mat></response_label></flow_label></render_choice></response_lid></flow></presentation><resprocessing><respcondition title="Response Condition 1"><conditionvar><varequal respident="QUES_42756949_42761030_LID">QUES_42756949_42761030_A130832962</varequal></conditionvar><setvar action="Set">0.000000000</setvar><displayfeedback feedbacktype="Response" linkrefid="QUES_42756949_42761030_IF130832962" /></respcondition><respcondition title="Response Condition 2"><conditionvar><varequal respident="QUES_42756949_42761030_LID">QUES_42756949_42761030_A130832963</varequal></conditionvar><setvar action="Set">0.000000000</setvar><displayfeedback feedbacktype="Response" linkrefid="QUES_42756949_42761030_IF130832963" /></respcondition><respcondition title="Response Condition 3"><conditionvar><varequal respident="QUES_42756949_42761030_LID">QUES_42756949_42761030_A130832964</varequal></conditionvar><setvar action="Set">0.000000000</setvar><displayfeedback feedbacktype="Response" linkrefid="QUES_42756949_42761030_IF130832964" /></respcondition><respcondition title="Response Condition 4"><conditionvar><varequal respident="QUES_42756949_42761030_LID">QUES_42756949_42761030_A130832965</varequal></conditionvar><setvar action="Set">0.000000000</setvar><displayfeedback feedbacktype="Response" linkrefid="QUES_42756949_42761030_IF130832965" /></respcondition><respcondition title="Response Condition 5"><conditionvar><varequal respident="QUES_42756949_42761030_LID">QUES_42756949_42761030_A130832966</varequal></conditionvar><setvar action="Set">100.000000000</setvar><displayfeedback feedbacktype="Response" linkrefid="QUES_42756949_42761030_IF130832966" /></respcondition><respcondition title="Response Condition 6"><conditionvar><varequal respident="QUES_42756949_42761030_LID">QUES_42756949_42761030_A130832967</varequal></conditionvar><setvar action="Set">0.000000000</setvar><displayfeedback feedbacktype="Response" linkrefid="QUES_42756949_42761030_IF130832967" /></respcondition></resprocessing><itemfeedback ident="QUES_42756949_42761030_IF130832962"><material><mattext texttype="text/plain" /></material></itemfeedback><itemfeedback ident="QUES_42756949_42761030_IF130832963"><material><mattext texttype="text/plain" /></material></itemfeedback><itemfeedback ident="QUES_42756949_42761030_IF130832964"><material><mattext texttype="text/plain" /></material></itemfeedback><itemfeedback ident="QUES_42756949_42761030_IF130832965"><material><mattext texttype="text/plain" /></material></itemfeedback><itemfeedback ident="QUES_42756949_42761030_IF130832966"><material><mattext texttype="text/plain" /></material></itemfeedback><itemfeedback ident="QUES_42756949_42761030_IF130832967"><material><mattext texttype="text/plain" /></material></itemfeedback></item></section></assessment></questestinterop>