﻿<?xml version="1.0" encoding="UTF-8"?><questestinterop xmlns:d2l_2p0="http://desire2learn.com/xsd/d2lcp_v2p0"><assessment d2l_2p0:id="408" title="Basic Derivative Rules PreVideo Questions" ident="res_quiz_122363" d2l_2p0:resource_code="ef9e56cc46d3486a98963923-88"><rubric><flow_mat><material><mattext d2l_2p0:isdisplayed="no" texttype="text/html" /></material></flow_mat></rubric><assessmentcontrol hintswitch="no" solutionswitch="yes" feedbackswitch="no" /><presentation_material><flow_mat><material label="page header"><mattext d2l_2p0:isdisplayed="no" texttype="text/html" /></material><material label="page footer"><mattext d2l_2p0:isdisplayed="no" texttype="text/html" /></material></flow_mat></presentation_material><assess_procextension><d2l_2p0:intro_message d2l_2p0:isdisplayed="yes" texttype="text/html">Respondus</d2l_2p0:intro_message><d2l_2p0:disable_right_click>no</d2l_2p0:disable_right_click><d2l_2p0:disable_pager_access>no</d2l_2p0:disable_pager_access><is_active>yes</is_active><d2l_2p0:date_start /><d2l_2p0:date_end /><d2l_2p0:date_due /><d2l_2p0:has_schedule_event>no</d2l_2p0:has_schedule_event><d2l_2p0:is_attempt_Rldb>no</d2l_2p0:is_attempt_Rldb><d2l_2p0:is_subview_Rldb>no</d2l_2p0:is_subview_Rldb><d2l_2p0:time_limit>120</d2l_2p0:time_limit><d2l_2p0:show_clock>yes</d2l_2p0:show_clock><d2l_2p0:enforce_time_limit>yes</d2l_2p0:enforce_time_limit><d2l_2p0:grace_period>5</d2l_2p0:grace_period><d2l_2p0:late_limit>0</d2l_2p0:late_limit><d2l_2p0:attempts_allowed>3</d2l_2p0:attempts_allowed><d2l_2p0:attempt_restrictions /><d2l_2p0:mark_calculation_type>1</d2l_2p0:mark_calculation_type><d2l_2p0:is_forward_only>no</d2l_2p0:is_forward_only></assess_procextension><assessfeedback title=""><rubric><flow_mat><material><mattext texttype="yes">Your quiz has been submitted successfully.</mattext></material></flow_mat></rubric><d2l_2p0:duration>0</d2l_2p0:duration><d2l_2p0:response_display_type_id>1</d2l_2p0:response_display_type_id><d2l_2p0:show_correct_answers>no</d2l_2p0:show_correct_answers><d2l_2p0:submission_restrictip>no</d2l_2p0:submission_restrictip><d2l_2p0:show_class_average>no</d2l_2p0:show_class_average><d2l_2p0:show_score_distribution>no</d2l_2p0:show_score_distribution></assessfeedback><section ident="CONTAINER_SECTION"><item ident="OBJ_1651057" label="QUES_42756864_42760945" d2l_2p0:page="1"><itemmetadata><qtimetadata><qti_metadatafield><fieldlabel>qmd_computerscored</fieldlabel><fieldentry>yes</fieldentry></qti_metadatafield><qti_metadatafield><fieldlabel>qmd_questiontype</fieldlabel><fieldentry>Multiple Choice</fieldentry></qti_metadatafield><qti_metadatafield><fieldlabel>qmd_weighting</fieldlabel><fieldentry>1.000000000</fieldentry></qti_metadatafield><qti_metadatafield><fieldlabel>qmd_globalid</fieldlabel><fieldentry>72c1b2fc-3e19-40a8-8d16-a8962d7488a4</fieldentry></qti_metadatafield><qti_metadatafield><fieldlabel>qmd_displayid</fieldlabel><fieldentry>Sample Course-74063</fieldentry></qti_metadatafield></qtimetadata></itemmetadata><itemproc_extension><d2l_2p0:difficulty>3</d2l_2p0:difficulty><d2l_2p0:isbonus>no</d2l_2p0:isbonus><d2l_2p0:ismandatory>yes</d2l_2p0:ismandatory></itemproc_extension><presentation><flow><material><mattext texttype="text/html">&lt;!--RsQ_001--&gt;&lt;span style="font-family:'Arial';"&gt;Compute the Derivative:&lt;br&gt;&lt;/span&gt;&lt;span style="font-family:'Arial';"&gt;&lt;i&gt;f&lt;/i&gt;&lt;/span&gt;&lt;span style="font-family:'Arial';"&gt;(&lt;/span&gt;&lt;span style="font-family:'Arial';"&gt;&lt;i&gt;x&lt;/i&gt;&lt;/span&gt;&lt;span style="font-family:'Arial';"&gt;) = 2&lt;/span&gt;&lt;span style="font-family:'Arial';"&gt;&lt;i&gt;x&lt;/i&gt;&lt;/span&gt;&lt;span style="font-family:'Arial';"&gt;&lt;sup&gt;3&lt;/SUP&gt;&lt;/span&gt;&lt;span style="font-family:'Arial';"&gt; + 7 &lt;/span&gt;</mattext></material><response_extension><d2l_2p0:display_style>2</d2l_2p0:display_style><d2l_2p0:enumeration>6</d2l_2p0:enumeration><d2l_2p0:grading_type>0</d2l_2p0:grading_type></response_extension><response_lid ident="QUES_42756864_42760945_LID" rcardinality="Single"><render_choice shuffle="no"><flow_label class="Block"><response_label ident="QUES_42756864_42760945_A130832552"><flow_mat><material><mattext texttype="text/html">&lt;span style="font-family:'Arial';"&gt;2&lt;/span&gt;&lt;span style="font-family:'Arial';"&gt;&lt;i&gt;x&lt;/i&gt;&lt;/span&gt;&lt;span style="font-family:'Arial';"&gt;&lt;sup&gt;3&lt;/SUP&gt;&lt;/span&gt;&lt;span style="font-family:'Arial';"&gt; + 7&lt;/span&gt;</mattext></material></flow_mat></response_label></flow_label><flow_label class="Block"><response_label ident="QUES_42756864_42760945_A130832553"><flow_mat><material><mattext texttype="text/html">&lt;span style="font-family:'Arial';"&gt;2&lt;/span&gt;&lt;span style="font-family:'Arial';"&gt;&lt;i&gt;x&lt;/i&gt;&lt;/span&gt;&lt;span style="font-family:'Arial';"&gt;&lt;sup&gt;3&lt;/sup&gt;&lt;/span&gt;</mattext></material></flow_mat></response_label></flow_label><flow_label class="Block"><response_label ident="QUES_42756864_42760945_A130832554"><flow_mat><material><mattext texttype="text/html">&lt;span style="font-family:'Arial';"&gt;6&lt;/span&gt;&lt;span style="font-family:'Arial';"&gt;&lt;i&gt;x&lt;/i&gt;&lt;/span&gt;&lt;span style="font-family:'Arial';"&gt;&lt;sup&gt;3&lt;/SUP&gt;&lt;/span&gt;&lt;span style="font-family:'Arial';"&gt; + 7&lt;/span&gt;</mattext></material></flow_mat></response_label></flow_label><flow_label class="Block"><response_label ident="QUES_42756864_42760945_A130832555"><flow_mat><material><mattext texttype="text/html">&lt;span style="font-family:'Arial';"&gt;6&lt;/span&gt;&lt;span style="font-family:'Arial';"&gt;&lt;i&gt;x&lt;/i&gt;&lt;/span&gt;&lt;span style="font-family:'Arial';"&gt;&lt;sup&gt;2&lt;/sup&gt;&lt;/span&gt;</mattext></material></flow_mat></response_label></flow_label><flow_label class="Block"><response_label ident="QUES_42756864_42760945_A130832556"><flow_mat><material><mattext texttype="text/html">&lt;span style="font-family:'Arial';"&gt;6&lt;/span&gt;&lt;span style="font-family:'Arial';"&gt;&lt;i&gt;x&lt;/i&gt;&lt;/span&gt;&lt;span style="font-family:'Arial';"&gt;&lt;sup&gt;2&lt;/SUP&gt;&lt;/span&gt;&lt;span style="font-family:'Arial';"&gt; + 7&lt;/span&gt;</mattext></material></flow_mat></response_label></flow_label></render_choice></response_lid></flow></presentation><resprocessing><respcondition title="Response Condition 1"><conditionvar><varequal respident="QUES_42756864_42760945_LID">QUES_42756864_42760945_A130832552</varequal></conditionvar><setvar action="Set">0.000000000</setvar><displayfeedback feedbacktype="Response" linkrefid="QUES_42756864_42760945_IF130832552" /></respcondition><respcondition title="Response Condition 2"><conditionvar><varequal respident="QUES_42756864_42760945_LID">QUES_42756864_42760945_A130832553</varequal></conditionvar><setvar action="Set">0.000000000</setvar><displayfeedback feedbacktype="Response" linkrefid="QUES_42756864_42760945_IF130832553" /></respcondition><respcondition title="Response Condition 3"><conditionvar><varequal respident="QUES_42756864_42760945_LID">QUES_42756864_42760945_A130832554</varequal></conditionvar><setvar action="Set">0.000000000</setvar><displayfeedback feedbacktype="Response" linkrefid="QUES_42756864_42760945_IF130832554" /></respcondition><respcondition title="Response Condition 4"><conditionvar><varequal respident="QUES_42756864_42760945_LID">QUES_42756864_42760945_A130832555</varequal></conditionvar><setvar action="Set">100.000000000</setvar><displayfeedback feedbacktype="Response" linkrefid="QUES_42756864_42760945_IF130832555" /></respcondition><respcondition title="Response Condition 5"><conditionvar><varequal respident="QUES_42756864_42760945_LID">QUES_42756864_42760945_A130832556</varequal></conditionvar><setvar action="Set">0.000000000</setvar><displayfeedback feedbacktype="Response" linkrefid="QUES_42756864_42760945_IF130832556" /></respcondition></resprocessing><itemfeedback ident="QUES_42756864_42760945_IF130832552"><material><mattext texttype="text/plain" /></material></itemfeedback><itemfeedback ident="QUES_42756864_42760945_IF130832553"><material><mattext texttype="text/plain" /></material></itemfeedback><itemfeedback ident="QUES_42756864_42760945_IF130832554"><material><mattext texttype="text/plain" /></material></itemfeedback><itemfeedback ident="QUES_42756864_42760945_IF130832555"><material><mattext texttype="text/plain" /></material></itemfeedback><itemfeedback ident="QUES_42756864_42760945_IF130832556"><material><mattext texttype="text/plain" /></material></itemfeedback></item><item ident="OBJ_1651058" label="QUES_42756865_42760946" d2l_2p0:page="1"><itemmetadata><qtimetadata><qti_metadatafield><fieldlabel>qmd_computerscored</fieldlabel><fieldentry>yes</fieldentry></qti_metadatafield><qti_metadatafield><fieldlabel>qmd_questiontype</fieldlabel><fieldentry>Multiple Choice</fieldentry></qti_metadatafield><qti_metadatafield><fieldlabel>qmd_weighting</fieldlabel><fieldentry>1.000000000</fieldentry></qti_metadatafield><qti_metadatafield><fieldlabel>qmd_globalid</fieldlabel><fieldentry>d07d8a2f-b917-4966-86f6-d88befae4eb6</fieldentry></qti_metadatafield><qti_metadatafield><fieldlabel>qmd_displayid</fieldlabel><fieldentry>Sample Course-74064</fieldentry></qti_metadatafield></qtimetadata></itemmetadata><itemproc_extension><d2l_2p0:difficulty>3</d2l_2p0:difficulty><d2l_2p0:isbonus>no</d2l_2p0:isbonus><d2l_2p0:ismandatory>yes</d2l_2p0:ismandatory></itemproc_extension><presentation><flow><material><mattext texttype="text/html">&lt;!--RsQ_002--&gt;&lt;span style="font-family:'Arial';"&gt;Compute the Derivative:&lt;br&gt;&lt;/span&gt;&lt;span style="font-family:'Arial';"&gt;&lt;i&gt;f&lt;/i&gt;&lt;/span&gt;&lt;span style="font-family:'Arial';"&gt;(&lt;/span&gt;&lt;span style="font-family:'Arial';"&gt;&lt;i&gt;x&lt;/i&gt;&lt;/span&gt;&lt;span style="font-family:'Arial';"&gt;) = 7&lt;/span&gt;&lt;span style="font-family:'Arial';"&gt;&lt;i&gt;&lt;sup&gt;x&lt;/SUP&gt;&lt;/i&gt;&lt;/span&gt;&lt;span style="font-family:'Arial';"&gt; &lt;/span&gt;</mattext></material><response_extension><d2l_2p0:display_style>2</d2l_2p0:display_style><d2l_2p0:enumeration>6</d2l_2p0:enumeration><d2l_2p0:grading_type>0</d2l_2p0:grading_type></response_extension><response_lid ident="QUES_42756865_42760946_LID" rcardinality="Single"><render_choice shuffle="no"><flow_label class="Block"><response_label ident="QUES_42756865_42760946_A130832557"><flow_mat><material><mattext texttype="text/html">&lt;span style="font-family:'Arial';"&gt;ln(7)7&lt;/span&gt;&lt;span style="font-family:'Arial';"&gt;&lt;i&gt;&lt;sup&gt;x&lt;/SUP&gt;&lt;/i&gt;&lt;/span&gt;&lt;span style="font-family:'Arial';"&gt; &lt;/span&gt;</mattext></material></flow_mat></response_label></flow_label><flow_label class="Block"><response_label ident="QUES_42756865_42760946_A130832558"><flow_mat><material><mattext texttype="text/html">&lt;span style="font-family:'Arial';"&gt;7&lt;/span&gt;&lt;span style="font-family:'Arial';"&gt;&lt;i&gt;&lt;sup&gt;x&lt;/SUP&gt;&lt;/i&gt;&lt;/span&gt;&lt;span style="font-family:'Arial';"&gt; &lt;/span&gt;</mattext></material></flow_mat></response_label></flow_label><flow_label class="Block"><response_label ident="QUES_42756865_42760946_A130832559"><flow_mat><material><mattext texttype="text/html">&lt;span style="font-family:'Arial';"&gt;&lt;i&gt;x&lt;/i&gt;&lt;/span&gt;&lt;span style="font-family:'Arial';"&gt;7&lt;/span&gt;&lt;span style="font-family:'Arial';"&gt;&lt;i&gt;&lt;sup&gt;x&lt;/i&gt;&lt;/span&gt;&lt;span style="font-family:'Arial';"&gt;-1&lt;/SUP&gt;&lt;/span&gt;&lt;span style="font-family:'Arial';"&gt; &lt;/span&gt;</mattext></material></flow_mat></response_label></flow_label><flow_label class="Block"><response_label ident="QUES_42756865_42760946_A130832560"><flow_mat><material><mattext texttype="text/html">&lt;span style="font-family:'Arial';"&gt;7*7&lt;/span&gt;&lt;span style="font-family:'Arial';"&gt;&lt;i&gt;&lt;sup&gt;x&lt;/SUP&gt;&lt;/i&gt;&lt;/span&gt;&lt;span style="font-family:'Arial';"&gt; &lt;/span&gt;</mattext></material></flow_mat></response_label></flow_label><flow_label class="Block"><response_label ident="QUES_42756865_42760946_A130832561"><flow_mat><material><mattext texttype="text/html">&lt;span style="font-family:'Arial';"&gt;6&lt;/span&gt;&lt;span style="font-family:'Arial';"&gt;&lt;i&gt;x&lt;/i&gt;&lt;/span&gt;&lt;span style="font-family:'Arial';"&gt;&lt;sup&gt;2&lt;/SUP&gt;&lt;/span&gt;&lt;span style="font-family:'Arial';"&gt; + 7&lt;/span&gt;</mattext></material></flow_mat></response_label></flow_label></render_choice></response_lid></flow></presentation><resprocessing><respcondition title="Response Condition 1"><conditionvar><varequal respident="QUES_42756865_42760946_LID">QUES_42756865_42760946_A130832557</varequal></conditionvar><setvar action="Set">100.000000000</setvar><displayfeedback feedbacktype="Response" linkrefid="QUES_42756865_42760946_IF130832557" /></respcondition><respcondition title="Response Condition 2"><conditionvar><varequal respident="QUES_42756865_42760946_LID">QUES_42756865_42760946_A130832558</varequal></conditionvar><setvar action="Set">0.000000000</setvar><displayfeedback feedbacktype="Response" linkrefid="QUES_42756865_42760946_IF130832558" /></respcondition><respcondition title="Response Condition 3"><conditionvar><varequal respident="QUES_42756865_42760946_LID">QUES_42756865_42760946_A130832559</varequal></conditionvar><setvar action="Set">0.000000000</setvar><displayfeedback feedbacktype="Response" linkrefid="QUES_42756865_42760946_IF130832559" /></respcondition><respcondition title="Response Condition 4"><conditionvar><varequal respident="QUES_42756865_42760946_LID">QUES_42756865_42760946_A130832560</varequal></conditionvar><setvar action="Set">0.000000000</setvar><displayfeedback feedbacktype="Response" linkrefid="QUES_42756865_42760946_IF130832560" /></respcondition><respcondition title="Response Condition 5"><conditionvar><varequal respident="QUES_42756865_42760946_LID">QUES_42756865_42760946_A130832561</varequal></conditionvar><setvar action="Set">0.000000000</setvar><displayfeedback feedbacktype="Response" linkrefid="QUES_42756865_42760946_IF130832561" /></respcondition></resprocessing><itemfeedback ident="QUES_42756865_42760946_IF130832557"><material><mattext texttype="text/plain" /></material></itemfeedback><itemfeedback ident="QUES_42756865_42760946_IF130832558"><material><mattext texttype="text/plain" /></material></itemfeedback><itemfeedback ident="QUES_42756865_42760946_IF130832559"><material><mattext texttype="text/plain" /></material></itemfeedback><itemfeedback ident="QUES_42756865_42760946_IF130832560"><material><mattext texttype="text/plain" /></material></itemfeedback><itemfeedback ident="QUES_42756865_42760946_IF130832561"><material><mattext texttype="text/plain" /></material></itemfeedback></item><item ident="OBJ_1651059" label="QUES_42756866_42760947" d2l_2p0:page="1"><itemmetadata><qtimetadata><qti_metadatafield><fieldlabel>qmd_computerscored</fieldlabel><fieldentry>yes</fieldentry></qti_metadatafield><qti_metadatafield><fieldlabel>qmd_questiontype</fieldlabel><fieldentry>Multiple Choice</fieldentry></qti_metadatafield><qti_metadatafield><fieldlabel>qmd_weighting</fieldlabel><fieldentry>1.000000000</fieldentry></qti_metadatafield><qti_metadatafield><fieldlabel>qmd_globalid</fieldlabel><fieldentry>78c368d9-7dce-4a37-a067-eaf36ddb2334</fieldentry></qti_metadatafield><qti_metadatafield><fieldlabel>qmd_displayid</fieldlabel><fieldentry>Sample Course-74065</fieldentry></qti_metadatafield></qtimetadata></itemmetadata><itemproc_extension><d2l_2p0:difficulty>3</d2l_2p0:difficulty><d2l_2p0:isbonus>no</d2l_2p0:isbonus><d2l_2p0:ismandatory>yes</d2l_2p0:ismandatory></itemproc_extension><presentation><flow><material><mattext texttype="text/html">&lt;!--RsQ_003--&gt;&lt;span style="font-family:'Arial';"&gt;Compute the Derivative:&lt;br&gt;&lt;/span&gt;&lt;span style="font-family:'Arial';"&gt;&lt;i&gt;f&lt;/i&gt;&lt;/span&gt;&lt;span style="font-family:'Arial';"&gt;(&lt;/span&gt;&lt;span style="font-family:'Arial';"&gt;&lt;i&gt;x&lt;/i&gt;&lt;/span&gt;&lt;span style="font-family:'Arial';"&gt;) = log&lt;/span&gt;&lt;span style="font-family:'Arial';"&gt;&lt;sub&gt;7&lt;/SUB&gt;&lt;/span&gt;&lt;span style="font-family:'Arial';"&gt;(&lt;/span&gt;&lt;span style="font-family:'Arial';"&gt;&lt;i&gt;x&lt;/i&gt;&lt;/span&gt;&lt;span style="font-family:'Arial';"&gt;) &lt;/span&gt;</mattext></material><response_extension><d2l_2p0:display_style>2</d2l_2p0:display_style><d2l_2p0:enumeration>6</d2l_2p0:enumeration><d2l_2p0:grading_type>0</d2l_2p0:grading_type></response_extension><response_lid ident="QUES_42756866_42760947_LID" rcardinality="Single"><render_choice shuffle="no"><flow_label class="Block"><response_label ident="QUES_42756866_42760947_A130832562"><flow_mat><material><mattext texttype="text/html">&lt;span style="font-family:'Arial';"&gt;&amp;nbsp; &lt;/span&gt;&lt;span style="font-family:'Arial';"&gt;&lt;IMG src="ppg/respondus/Basic_Derivative_Rules_Pre_BB_nonpool/eq_e908ab.gif" alt="equation" border=0 align="absmiddle"&gt;&lt;/span&gt;</mattext></material></flow_mat></response_label></flow_label><flow_label class="Block"><response_label ident="QUES_42756866_42760947_A130832563"><flow_mat><material><mattext texttype="text/html">&lt;span style="font-family:'Arial'; color:#000000;"&gt;&lt;IMG src="ppg/respondus/Basic_Derivative_Rules_Pre_BB_nonpool/eq_e907d3.gif" alt="equation" border=0 align="absmiddle"&gt;&lt;/span&gt;&lt;span style="font-family:'Arial';"&gt;&amp;nbsp; &lt;/span&gt;</mattext></material></flow_mat></response_label></flow_label><flow_label class="Block"><response_label ident="QUES_42756866_42760947_A130832564"><flow_mat><material><mattext texttype="text/html">&lt;span style="font-family:'Arial';"&gt;&amp;nbsp; &lt;/span&gt;&lt;span style="font-family:'Arial';"&gt;&lt;IMG src="ppg/respondus/Basic_Derivative_Rules_Pre_BB_nonpool/eq_e908c4.gif" alt="equation" border=0 align="absmiddle"&gt;&lt;/span&gt;</mattext></material></flow_mat></response_label></flow_label><flow_label class="Block"><response_label ident="QUES_42756866_42760947_A130832565"><flow_mat><material><mattext texttype="text/html">&lt;span style="font-family:'Arial';"&gt;&lt;IMG src="ppg/respondus/Basic_Derivative_Rules_Pre_BB_nonpool/eq_e907f1.gif" alt="equation" border=0 align="absmiddle"&gt;&lt;/span&gt;&lt;span style="font-family:'Arial';"&gt;&amp;nbsp; &lt;/span&gt;</mattext></material></flow_mat></response_label></flow_label></render_choice></response_lid></flow></presentation><resprocessing><respcondition title="Response Condition 1"><conditionvar><varequal respident="QUES_42756866_42760947_LID">QUES_42756866_42760947_A130832562</varequal></conditionvar><setvar action="Set">0.000000000</setvar><displayfeedback feedbacktype="Response" linkrefid="QUES_42756866_42760947_IF130832562" /></respcondition><respcondition title="Response Condition 2"><conditionvar><varequal respident="QUES_42756866_42760947_LID">QUES_42756866_42760947_A130832563</varequal></conditionvar><setvar action="Set">100.000000000</setvar><displayfeedback feedbacktype="Response" linkrefid="QUES_42756866_42760947_IF130832563" /></respcondition><respcondition title="Response Condition 3"><conditionvar><varequal respident="QUES_42756866_42760947_LID">QUES_42756866_42760947_A130832564</varequal></conditionvar><setvar action="Set">0.000000000</setvar><displayfeedback feedbacktype="Response" linkrefid="QUES_42756866_42760947_IF130832564" /></respcondition><respcondition title="Response Condition 4"><conditionvar><varequal respident="QUES_42756866_42760947_LID">QUES_42756866_42760947_A130832565</varequal></conditionvar><setvar action="Set">0.000000000</setvar><displayfeedback feedbacktype="Response" linkrefid="QUES_42756866_42760947_IF130832565" /></respcondition></resprocessing><itemfeedback ident="QUES_42756866_42760947_IF130832562"><material><mattext texttype="text/plain" /></material></itemfeedback><itemfeedback ident="QUES_42756866_42760947_IF130832563"><material><mattext texttype="text/plain" /></material></itemfeedback><itemfeedback ident="QUES_42756866_42760947_IF130832564"><material><mattext texttype="text/plain" /></material></itemfeedback><itemfeedback ident="QUES_42756866_42760947_IF130832565"><material><mattext texttype="text/plain" /></material></itemfeedback></item><item ident="OBJ_1651060" label="QUES_42756867_42760948" d2l_2p0:page="1"><itemmetadata><qtimetadata><qti_metadatafield><fieldlabel>qmd_computerscored</fieldlabel><fieldentry>yes</fieldentry></qti_metadatafield><qti_metadatafield><fieldlabel>qmd_questiontype</fieldlabel><fieldentry>Multiple Choice</fieldentry></qti_metadatafield><qti_metadatafield><fieldlabel>qmd_weighting</fieldlabel><fieldentry>1.000000000</fieldentry></qti_metadatafield><qti_metadatafield><fieldlabel>qmd_globalid</fieldlabel><fieldentry>ea45977b-4c46-4cb7-b4bd-1753401fc64f</fieldentry></qti_metadatafield><qti_metadatafield><fieldlabel>qmd_displayid</fieldlabel><fieldentry>Sample Course-74066</fieldentry></qti_metadatafield></qtimetadata></itemmetadata><itemproc_extension><d2l_2p0:difficulty>3</d2l_2p0:difficulty><d2l_2p0:isbonus>no</d2l_2p0:isbonus><d2l_2p0:ismandatory>yes</d2l_2p0:ismandatory></itemproc_extension><presentation><flow><material><mattext texttype="text/html">&lt;!--RsQ_004--&gt;&lt;span style="font-family:'Arial';"&gt;Compute the Derivative:&lt;br&gt;&lt;/span&gt;&lt;span style="font-family:'Arial';"&gt;&lt;i&gt;f&lt;/i&gt;&lt;/span&gt;&lt;span style="font-family:'Arial';"&gt;(&lt;/span&gt;&lt;span style="font-family:'Arial';"&gt;&lt;i&gt;x&lt;/i&gt;&lt;/span&gt;&lt;span style="font-family:'Arial';"&gt;) = 4cos(&lt;/span&gt;&lt;span style="font-family:'Arial';"&gt;&lt;i&gt;x&lt;/i&gt;&lt;/span&gt;&lt;span style="font-family:'Arial';"&gt;) &lt;/span&gt;</mattext></material><response_extension><d2l_2p0:display_style>2</d2l_2p0:display_style><d2l_2p0:enumeration>6</d2l_2p0:enumeration><d2l_2p0:grading_type>0</d2l_2p0:grading_type></response_extension><response_lid ident="QUES_42756867_42760948_LID" rcardinality="Single"><render_choice shuffle="no"><flow_label class="Block"><response_label ident="QUES_42756867_42760948_A130832566"><flow_mat><material><mattext texttype="text/html">&lt;span style="font-family:'Arial';"&gt;4sin(&lt;/span&gt;&lt;span style="font-family:'Arial';"&gt;&lt;i&gt;x&lt;/i&gt;&lt;/span&gt;&lt;span style="font-family:'Arial';"&gt;)&amp;nbsp; &lt;/span&gt;</mattext></material></flow_mat></response_label></flow_label><flow_label class="Block"><response_label ident="QUES_42756867_42760948_A130832567"><flow_mat><material><mattext texttype="text/html">&lt;span style="font-family:'Arial';"&gt;-4sin(&lt;/span&gt;&lt;span style="font-family:'Arial';"&gt;&lt;i&gt;x&lt;/i&gt;&lt;/span&gt;&lt;span style="font-family:'Arial';"&gt;)&lt;/span&gt;</mattext></material></flow_mat></response_label></flow_label><flow_label class="Block"><response_label ident="QUES_42756867_42760948_A130832568"><flow_mat><material><mattext texttype="text/html">&lt;span style="font-family:'Arial';"&gt;4cos(&lt;/span&gt;&lt;span style="font-family:'Arial';"&gt;&lt;i&gt;x&lt;/i&gt;&lt;/span&gt;&lt;span style="font-family:'Arial';"&gt;)&amp;nbsp; &lt;/span&gt;</mattext></material></flow_mat></response_label></flow_label><flow_label class="Block"><response_label ident="QUES_42756867_42760948_A130832569"><flow_mat><material><mattext texttype="text/html">&lt;span style="font-family:'Arial';"&gt;-4cos(&lt;/span&gt;&lt;span style="font-family:'Arial';"&gt;&lt;i&gt;x&lt;/i&gt;&lt;/span&gt;&lt;span style="font-family:'Arial';"&gt;)&amp;nbsp;&amp;nbsp; &lt;/span&gt;</mattext></material></flow_mat></response_label></flow_label></render_choice></response_lid></flow></presentation><resprocessing><respcondition title="Response Condition 1"><conditionvar><varequal respident="QUES_42756867_42760948_LID">QUES_42756867_42760948_A130832566</varequal></conditionvar><setvar action="Set">0.000000000</setvar><displayfeedback feedbacktype="Response" linkrefid="QUES_42756867_42760948_IF130832566" /></respcondition><respcondition title="Response Condition 2"><conditionvar><varequal respident="QUES_42756867_42760948_LID">QUES_42756867_42760948_A130832567</varequal></conditionvar><setvar action="Set">100.000000000</setvar><displayfeedback feedbacktype="Response" linkrefid="QUES_42756867_42760948_IF130832567" /></respcondition><respcondition title="Response Condition 3"><conditionvar><varequal respident="QUES_42756867_42760948_LID">QUES_42756867_42760948_A130832568</varequal></conditionvar><setvar action="Set">0.000000000</setvar><displayfeedback feedbacktype="Response" linkrefid="QUES_42756867_42760948_IF130832568" /></respcondition><respcondition title="Response Condition 4"><conditionvar><varequal respident="QUES_42756867_42760948_LID">QUES_42756867_42760948_A130832569</varequal></conditionvar><setvar action="Set">0.000000000</setvar><displayfeedback feedbacktype="Response" linkrefid="QUES_42756867_42760948_IF130832569" /></respcondition></resprocessing><itemfeedback ident="QUES_42756867_42760948_IF130832566"><material><mattext texttype="text/plain" /></material></itemfeedback><itemfeedback ident="QUES_42756867_42760948_IF130832567"><material><mattext texttype="text/plain" /></material></itemfeedback><itemfeedback ident="QUES_42756867_42760948_IF130832568"><material><mattext texttype="text/plain" /></material></itemfeedback><itemfeedback ident="QUES_42756867_42760948_IF130832569"><material><mattext texttype="text/plain" /></material></itemfeedback></item></section></assessment></questestinterop>