﻿<?xml version="1.0" encoding="UTF-8"?><questestinterop xmlns:d2l_2p0="http://desire2learn.com/xsd/d2lcp_v2p0"><assessment d2l_2p0:id="490" title="Differentiability and Local Linearity Task" ident="res_quiz_122588" d2l_2p0:resource_code="trynow-55589"><rubric><flow_mat><material><mattext d2l_2p0:isdisplayed="no" texttype="text/html" /></material></flow_mat></rubric><assessmentcontrol hintswitch="no" solutionswitch="no" feedbackswitch="no" /><presentation_material><flow_mat><material label="page header"><mattext d2l_2p0:isdisplayed="no" texttype="text/html" /></material><material label="page footer"><mattext d2l_2p0:isdisplayed="no" texttype="text/html" /></material></flow_mat></presentation_material><assess_procextension><d2l_2p0:intro_message d2l_2p0:isdisplayed="no" texttype="text/html" /><d2l_2p0:disable_right_click>no</d2l_2p0:disable_right_click><d2l_2p0:disable_pager_access>no</d2l_2p0:disable_pager_access><is_active>yes</is_active><d2l_2p0:date_start /><d2l_2p0:date_end /><d2l_2p0:date_due /><d2l_2p0:has_schedule_event>no</d2l_2p0:has_schedule_event><d2l_2p0:is_attempt_Rldb>no</d2l_2p0:is_attempt_Rldb><d2l_2p0:is_subview_Rldb>no</d2l_2p0:is_subview_Rldb><d2l_2p0:time_limit>120</d2l_2p0:time_limit><d2l_2p0:show_clock>no</d2l_2p0:show_clock><d2l_2p0:enforce_time_limit>no</d2l_2p0:enforce_time_limit><d2l_2p0:grace_period>5</d2l_2p0:grace_period><d2l_2p0:late_limit>0</d2l_2p0:late_limit><d2l_2p0:attempts_allowed>0</d2l_2p0:attempts_allowed><d2l_2p0:attempt_restrictions /><d2l_2p0:mark_calculation_type>1</d2l_2p0:mark_calculation_type><d2l_2p0:is_forward_only>no</d2l_2p0:is_forward_only></assess_procextension><assessfeedback title=""><rubric><flow_mat><material><mattext texttype="yes" /></material></flow_mat></rubric><d2l_2p0:duration>0</d2l_2p0:duration><d2l_2p0:response_display_type_id>1</d2l_2p0:response_display_type_id><d2l_2p0:show_correct_answers>no</d2l_2p0:show_correct_answers><d2l_2p0:submission_restrictip>no</d2l_2p0:submission_restrictip><d2l_2p0:show_class_average>no</d2l_2p0:show_class_average><d2l_2p0:show_score_distribution>no</d2l_2p0:show_score_distribution></assessfeedback><section ident="CONTAINER_SECTION"><item ident="OBJ_1652664" label="QUES_42757129_42761219" d2l_2p0:page="1" title="Problem 1"><itemmetadata><qtimetadata><qti_metadatafield><fieldlabel>qmd_computerscored</fieldlabel><fieldentry>yes</fieldentry></qti_metadatafield><qti_metadatafield><fieldlabel>qmd_questiontype</fieldlabel><fieldentry>Multiple Choice</fieldentry></qti_metadatafield><qti_metadatafield><fieldlabel>qmd_weighting</fieldlabel><fieldentry>1.000000000</fieldentry></qti_metadatafield><qti_metadatafield><fieldlabel>qmd_globalid</fieldlabel><fieldentry>91ca7a1f-8fea-48bc-8c76-edbd0fac7148</fieldentry></qti_metadatafield><qti_metadatafield><fieldlabel>qmd_displayid</fieldlabel><fieldentry>Sample Course-74299</fieldentry></qti_metadatafield></qtimetadata></itemmetadata><itemproc_extension><d2l_2p0:difficulty>1</d2l_2p0:difficulty><d2l_2p0:isbonus>no</d2l_2p0:isbonus><d2l_2p0:ismandatory>no</d2l_2p0:ismandatory></itemproc_extension><presentation><flow><material><mattext texttype="text/html">&lt;span style="font-family:'Arial';"&gt;A rabbit breeder currently has 10 female rabbits she controls their breeding so that they all mate with males at the same time, have a litter approximately 1 month later, and then wait an additional 2 months before mating again. &lt;/span&gt;&lt;span style="font-family:'Arial'; color:#000000;"&gt;&lt;IMG src="Differentiability_and_Local_Linearity_Task_D2L/eq_21dd61.gif" alt="equation" border=0 style="vertical-align:text-bottom;" /&gt;&lt;/span&gt;&lt;span style="font-family:'Arial';"&gt; is the number of rabbits at time &lt;/span&gt;&lt;span style="font-family:'Arial'; color:#000000;"&gt;&lt;IMG src="Differentiability_and_Local_Linearity_Task_D2L/eq_21dd6c.gif" alt="equation" border=0 style="vertical-align:text-bottom;" /&gt;&lt;/span&gt;&lt;span style="font-family:'Arial';"&gt; in months. The size of the population &lt;/span&gt;&lt;span style="font-family:'Arial'; color:#000000;"&gt;&lt;IMG src="Differentiability_and_Local_Linearity_Task_D2L/eq_21dd61.gif" alt="equation" border=0 style="vertical-align:text-bottom;" /&gt;&lt;/span&gt;&lt;span style="font-family:'Arial';"&gt; can be modeled by the formula &lt;/span&gt;&lt;span style="font-family:'Arial'; color:#000000;"&gt;&lt;IMG src="Differentiability_and_Local_Linearity_Task_D2L/eq_21dd86.gif" alt="equation" border=0 style="vertical-align:text-bottom;" /&gt;&lt;/span&gt;&lt;span style="font-family:'Arial';"&gt; where &lt;/span&gt;&lt;span style="font-family:'Arial'; color:#000000;"&gt;&lt;IMG src="Differentiability_and_Local_Linearity_Task_D2L/eq_21dd61.gif" alt="equation" border=0 style="vertical-align:text-bottom;" /&gt;&lt;/span&gt;&lt;span style="font-family:'Arial';"&gt; is measured in months.&lt;br&gt;
&lt;br&gt;
&amp;nbsp;&lt;br&gt;
How quickly is the rabbit population growing when &lt;/span&gt;&lt;span style="font-family:'Arial'; color:#000000;"&gt;&lt;IMG src="Differentiability_and_Local_Linearity_Task_D2L/eq_21dd9e.gif" alt="equation" border=0 style="vertical-align:text-bottom;" /&gt;&lt;/span&gt;&lt;span style="font-family:'Arial';"&gt; month? &lt;/span&gt;</mattext></material><response_extension><d2l_2p0:display_style>2</d2l_2p0:display_style><d2l_2p0:enumeration>1</d2l_2p0:enumeration><d2l_2p0:grading_type>0</d2l_2p0:grading_type></response_extension><response_lid ident="QUES_42757129_42761219_LID" rcardinality="Single"><render_choice shuffle="no"><flow_label class="Block"><response_label ident="QUES_42757129_42761219_A130833947"><flow_mat><material><mattext texttype="text/html">&lt;span style="font-family:'Arial';"&gt;0 rabbits/month&lt;/span&gt;</mattext></material></flow_mat></response_label></flow_label><flow_label class="Block"><response_label ident="QUES_42757129_42761219_A130833948"><flow_mat><material><mattext texttype="text/html">&lt;span style="font-family:'Arial';"&gt;2 rabbits/month&lt;/span&gt;</mattext></material></flow_mat></response_label></flow_label><flow_label class="Block"><response_label ident="QUES_42757129_42761219_A130833949"><flow_mat><material><mattext texttype="text/html">&lt;span style="font-family:'Arial';"&gt; 13.8629436112 rabbits/month&lt;/span&gt;</mattext></material></flow_mat></response_label></flow_label><flow_label class="Block"><response_label ident="QUES_42757129_42761219_A130833950"><flow_mat><material><mattext texttype="text/html">&lt;span style="font-family:'Arial';"&gt;20 rabbits/month&lt;/span&gt;</mattext></material></flow_mat></response_label></flow_label><flow_label class="Block"><response_label ident="QUES_42757129_42761219_A130833951"><flow_mat><material><mattext texttype="text/html">&lt;span style="font-family:'Arial';"&gt;I need more information to answer this question.&lt;/span&gt;</mattext></material></flow_mat></response_label></flow_label><flow_label class="Block"><response_label ident="QUES_42757129_42761219_A130833952"><flow_mat><material><mattext texttype="text/html">&lt;span style="font-family:'Arial';"&gt;It isn't possible to compute this value&lt;/span&gt;</mattext></material></flow_mat></response_label></flow_label></render_choice></response_lid></flow></presentation><resprocessing><respcondition title="Response Condition 1"><conditionvar><varequal respident="QUES_42757129_42761219_LID">QUES_42757129_42761219_A130833947</varequal></conditionvar><setvar action="Set">0.000000000</setvar><displayfeedback feedbacktype="Response" linkrefid="QUES_42757129_42761219_IF130833947" /></respcondition><respcondition title="Response Condition 2"><conditionvar><varequal respident="QUES_42757129_42761219_LID">QUES_42757129_42761219_A130833948</varequal></conditionvar><setvar action="Set">0.000000000</setvar><displayfeedback feedbacktype="Response" linkrefid="QUES_42757129_42761219_IF130833948" /></respcondition><respcondition title="Response Condition 3"><conditionvar><varequal respident="QUES_42757129_42761219_LID">QUES_42757129_42761219_A130833949</varequal></conditionvar><setvar action="Set">0.000000000</setvar><displayfeedback feedbacktype="Response" linkrefid="QUES_42757129_42761219_IF130833949" /></respcondition><respcondition title="Response Condition 4"><conditionvar><varequal respident="QUES_42757129_42761219_LID">QUES_42757129_42761219_A130833950</varequal></conditionvar><setvar action="Set">0.000000000</setvar><displayfeedback feedbacktype="Response" linkrefid="QUES_42757129_42761219_IF130833950" /></respcondition><respcondition title="Response Condition 5"><conditionvar><varequal respident="QUES_42757129_42761219_LID">QUES_42757129_42761219_A130833951</varequal></conditionvar><setvar action="Set">0.000000000</setvar><displayfeedback feedbacktype="Response" linkrefid="QUES_42757129_42761219_IF130833951" /></respcondition><respcondition title="Response Condition 6"><conditionvar><varequal respident="QUES_42757129_42761219_LID">QUES_42757129_42761219_A130833952</varequal></conditionvar><setvar action="Set">100.000000000</setvar><displayfeedback feedbacktype="Response" linkrefid="QUES_42757129_42761219_IF130833952" /></respcondition></resprocessing><itemfeedback ident="QUES_42757129_42761219_IF130833947"><material><mattext texttype="text/plain" /></material></itemfeedback><itemfeedback ident="QUES_42757129_42761219_IF130833948"><material><mattext texttype="text/plain" /></material></itemfeedback><itemfeedback ident="QUES_42757129_42761219_IF130833949"><material><mattext texttype="text/plain" /></material></itemfeedback><itemfeedback ident="QUES_42757129_42761219_IF130833950"><material><mattext texttype="text/plain" /></material></itemfeedback><itemfeedback ident="QUES_42757129_42761219_IF130833951"><material><mattext texttype="text/plain" /></material></itemfeedback><itemfeedback ident="QUES_42757129_42761219_IF130833952"><material><mattext texttype="text/plain" /></material></itemfeedback></item></section></assessment></questestinterop>