﻿<?xml version="1.0" encoding="UTF-8"?><questestinterop xmlns:d2l_2p0="http://desire2learn.com/xsd/d2lcp_v2p0"><assessment d2l_2p0:id="427" title="Varying Rates of Change PreVideo Questions" ident="res_quiz_122382" d2l_2p0:resource_code="ef9e56cc46d3486a98963923-107"><rubric><flow_mat><material><mattext d2l_2p0:isdisplayed="yes" texttype="text/html">&lt;p&gt;&lt;span style="color: #292b2c; font-family: 'Avenir Next', sans-serif; font-size: medium; font-style: normal; font-variant-ligatures: normal; font-variant-caps: normal; font-weight: 400; letter-spacing: normal; orphans: 2; text-align: left; text-indent: 0px; text-transform: none; white-space: normal; widows: 2; word-spacing: 0px; -webkit-text-stroke-width: 0px; background-color: #f4f4f4; text-decoration-style: initial; text-decoration-color: initial; display: inline !important; float: none;"&gt;Answer each question as best as you can.&amp;nbsp;&lt;br&gt;&lt;/span&gt;&lt;/p&gt;</mattext></material></flow_mat></rubric><assessmentcontrol hintswitch="no" solutionswitch="yes" feedbackswitch="no" /><presentation_material><flow_mat><material label="page header"><mattext d2l_2p0:isdisplayed="no" texttype="text/html" /></material><material label="page footer"><mattext d2l_2p0:isdisplayed="no" texttype="text/html" /></material></flow_mat></presentation_material><assess_procextension><d2l_2p0:intro_message d2l_2p0:isdisplayed="yes" texttype="text/html">&lt;p&gt;&lt;span style="font-family: 'Avenir Next', sans-serif; letter-spacing: normal; margin: 0px; padding: 0px; border: 0px; outline: 0px; font-weight: 400; font-style: normal; font-size: medium; font-variant-ligatures: normal; font-variant-caps: normal; orphans: 2; text-align: left; text-indent: 0px; text-transform: none; white-space: normal; widows: 2; word-spacing: 0px; -webkit-text-stroke-width: 0px; text-decoration-style: initial; text-decoration-color: initial; color: #292b2c; text-shadow: none !important;"&gt;PreVideo&amp;nbsp;Questions are intended to get you thinking about the concept. You are not expected to know all answers perfectly. You are expected to try. PreVideo&amp;nbsp;Q&lt;/span&gt;&lt;span style="font-family: 'Avenir Next', sans-serif; letter-spacing: normal; margin: 0px; padding: 0px; border: 0px; outline: 0px; font-weight: 400; font-style: normal; font-size: medium; font-variant-ligatures: normal; font-variant-caps: normal; orphans: 2; text-align: left; text-indent: 0px; text-transform: none; white-space: normal; widows: 2; word-spacing: 0px; -webkit-text-stroke-width: 0px; text-decoration-style: initial; text-decoration-color: initial; color: #292b2c; text-shadow: none !important;"&gt;uestions do NOT count for a grade.&lt;/span&gt;&lt;/p&gt;</d2l_2p0:intro_message><d2l_2p0:disable_right_click>no</d2l_2p0:disable_right_click><d2l_2p0:disable_pager_access>no</d2l_2p0:disable_pager_access><is_active>yes</is_active><d2l_2p0:date_start /><d2l_2p0:date_end /><d2l_2p0:date_due /><d2l_2p0:has_schedule_event>no</d2l_2p0:has_schedule_event><d2l_2p0:is_attempt_Rldb>no</d2l_2p0:is_attempt_Rldb><d2l_2p0:is_subview_Rldb>no</d2l_2p0:is_subview_Rldb><d2l_2p0:time_limit>120</d2l_2p0:time_limit><d2l_2p0:show_clock>yes</d2l_2p0:show_clock><d2l_2p0:enforce_time_limit>yes</d2l_2p0:enforce_time_limit><d2l_2p0:grace_period>5</d2l_2p0:grace_period><d2l_2p0:late_limit>0</d2l_2p0:late_limit><d2l_2p0:attempts_allowed>3</d2l_2p0:attempts_allowed><d2l_2p0:attempt_restrictions /><d2l_2p0:mark_calculation_type>1</d2l_2p0:mark_calculation_type><d2l_2p0:is_forward_only>no</d2l_2p0:is_forward_only></assess_procextension><assessfeedback title=""><rubric><flow_mat><material><mattext texttype="yes">Your quiz has been submitted successfully.</mattext></material></flow_mat></rubric><d2l_2p0:duration>0</d2l_2p0:duration><d2l_2p0:response_display_type_id>1</d2l_2p0:response_display_type_id><d2l_2p0:show_correct_answers>no</d2l_2p0:show_correct_answers><d2l_2p0:submission_restrictip>no</d2l_2p0:submission_restrictip><d2l_2p0:show_class_average>no</d2l_2p0:show_class_average><d2l_2p0:show_score_distribution>no</d2l_2p0:show_score_distribution></assessfeedback><section ident="CONTAINER_SECTION"><item ident="OBJ_1651107" label="QUES_42756914_42760995" d2l_2p0:page="1"><itemmetadata><qtimetadata><qti_metadatafield><fieldlabel>qmd_computerscored</fieldlabel><fieldentry>yes</fieldentry></qti_metadatafield><qti_metadatafield><fieldlabel>qmd_questiontype</fieldlabel><fieldentry>Multiple Choice</fieldentry></qti_metadatafield><qti_metadatafield><fieldlabel>qmd_weighting</fieldlabel><fieldentry>1.000000000</fieldentry></qti_metadatafield><qti_metadatafield><fieldlabel>qmd_globalid</fieldlabel><fieldentry>05e63e2a-5e7c-4ec4-95d2-edaa0ad7cd50</fieldentry></qti_metadatafield><qti_metadatafield><fieldlabel>qmd_displayid</fieldlabel><fieldentry>Sample Course-74113</fieldentry></qti_metadatafield></qtimetadata></itemmetadata><itemproc_extension><d2l_2p0:difficulty>3</d2l_2p0:difficulty><d2l_2p0:isbonus>no</d2l_2p0:isbonus><d2l_2p0:ismandatory>yes</d2l_2p0:ismandatory></itemproc_extension><presentation><flow><material><mattext texttype="text/html">&lt;p&gt;&lt;span style="font-size: 14pt; font-family: 'Avenir Next', sans-serif; color: #292b2c; background-image: initial; background-position: initial; background-size: initial; background-repeat: initial; background-attachment: initial; background-origin: initial; background-clip: initial;"&gt;A car accelerates from rest away from an intersection. Which of the following statements accurately represent the relationship between the car's distance away from the intersection and the number of seconds elapsed since the car began accelerating away from the intersection? Select the answer which correctly communicates the most information.&lt;/span&gt;&lt;/p&gt;</mattext></material><response_extension><d2l_2p0:display_style>2</d2l_2p0:display_style><d2l_2p0:enumeration>6</d2l_2p0:enumeration><d2l_2p0:grading_type>0</d2l_2p0:grading_type></response_extension><response_lid ident="QUES_42756914_42760995_LID" rcardinality="Single"><render_choice shuffle="no"><flow_label class="Block"><response_label ident="QUES_42756914_42760995_A130832757"><flow_mat><material><mattext texttype="text/html">&lt;p&gt;&lt;span style="font-size: 14.0pt; font-family: 'Avenir Next',sans-serif;"&gt;As the number of seconds elapsed since the car started moving increases, the car's distance away from the intersection increases.&lt;/span&gt;&lt;/p&gt;</mattext></material></flow_mat></response_label></flow_label><flow_label class="Block"><response_label ident="QUES_42756914_42760995_A130832758"><flow_mat><material><mattext texttype="text/html">&lt;p&gt;&lt;span style="font-size: 14.0pt; font-family: 'Avenir Next',sans-serif;"&gt;As the number of seconds elapsed since the car started moving increases, the car's distance away from the intersection decreases.&lt;/span&gt;&lt;/p&gt;</mattext></material></flow_mat></response_label></flow_label><flow_label class="Block"><response_label ident="QUES_42756914_42760995_A130832759"><flow_mat><material><mattext texttype="text/html">&lt;p&gt;&lt;span style="font-size: 14.0pt; font-family: 'Avenir Next',sans-serif;"&gt;For successive uniform changes in the number of seconds elapsed since the car started moving, the car's distance away from the intersection changes by equal amounts.&lt;/span&gt;&lt;/p&gt;</mattext></material></flow_mat></response_label></flow_label><flow_label class="Block"><response_label ident="QUES_42756914_42760995_A130832760"><flow_mat><material><mattext texttype="text/html">&lt;p&gt;&lt;span style="font-size: 14.0pt; font-family: 'Avenir Next',sans-serif;"&gt;For successive uniform changes in the number of seconds elapsed since the car started moving, the car's distance away from the intersection changes by increasing amounts.&lt;/span&gt;&lt;/p&gt;</mattext></material></flow_mat></response_label></flow_label><flow_label class="Block"><response_label ident="QUES_42756914_42760995_A130832761"><flow_mat><material><mattext texttype="text/html">&lt;p&gt;&lt;span style="font-size: 14.0pt; font-family: 'Avenir Next',sans-serif;"&gt;For successive uniform changes in the number of seconds elapsed since the car started moving, the car's distance away from the intersection changes by decreasing amounts.&lt;/span&gt;&lt;/p&gt;</mattext></material></flow_mat></response_label></flow_label></render_choice></response_lid></flow></presentation><resprocessing><respcondition title="Response Condition 1"><conditionvar><varequal respident="QUES_42756914_42760995_LID">QUES_42756914_42760995_A130832757</varequal></conditionvar><setvar action="Set">0.000000000</setvar><displayfeedback feedbacktype="Response" linkrefid="QUES_42756914_42760995_IF130832757" /></respcondition><respcondition title="Response Condition 2"><conditionvar><varequal respident="QUES_42756914_42760995_LID">QUES_42756914_42760995_A130832758</varequal></conditionvar><setvar action="Set">0.000000000</setvar><displayfeedback feedbacktype="Response" linkrefid="QUES_42756914_42760995_IF130832758" /></respcondition><respcondition title="Response Condition 3"><conditionvar><varequal respident="QUES_42756914_42760995_LID">QUES_42756914_42760995_A130832759</varequal></conditionvar><setvar action="Set">0.000000000</setvar><displayfeedback feedbacktype="Response" linkrefid="QUES_42756914_42760995_IF130832759" /></respcondition><respcondition title="Response Condition 4"><conditionvar><varequal respident="QUES_42756914_42760995_LID">QUES_42756914_42760995_A130832760</varequal></conditionvar><setvar action="Set">100.000000000</setvar><displayfeedback feedbacktype="Response" linkrefid="QUES_42756914_42760995_IF130832760" /></respcondition><respcondition title="Response Condition 5"><conditionvar><varequal respident="QUES_42756914_42760995_LID">QUES_42756914_42760995_A130832761</varequal></conditionvar><setvar action="Set">0.000000000</setvar><displayfeedback feedbacktype="Response" linkrefid="QUES_42756914_42760995_IF130832761" /></respcondition></resprocessing><itemfeedback ident="QUES_42756914_42760995_IF130832757"><material><mattext texttype="text/plain" /></material></itemfeedback><itemfeedback ident="QUES_42756914_42760995_IF130832758"><material><mattext texttype="text/plain" /></material></itemfeedback><itemfeedback ident="QUES_42756914_42760995_IF130832759"><material><mattext texttype="text/plain" /></material></itemfeedback><itemfeedback ident="QUES_42756914_42760995_IF130832760"><material><mattext texttype="text/plain" /></material></itemfeedback><itemfeedback ident="QUES_42756914_42760995_IF130832761"><material><mattext texttype="text/plain" /></material></itemfeedback></item><item ident="OBJ_1651108" label="QUES_42756915_42760996" d2l_2p0:page="1"><itemmetadata><qtimetadata><qti_metadatafield><fieldlabel>qmd_computerscored</fieldlabel><fieldentry>yes</fieldentry></qti_metadatafield><qti_metadatafield><fieldlabel>qmd_questiontype</fieldlabel><fieldentry>Multiple Choice</fieldentry></qti_metadatafield><qti_metadatafield><fieldlabel>qmd_weighting</fieldlabel><fieldentry>1.000000000</fieldentry></qti_metadatafield><qti_metadatafield><fieldlabel>qmd_globalid</fieldlabel><fieldentry>e8914655-cd61-4fbf-a09b-89242db5388d</fieldentry></qti_metadatafield><qti_metadatafield><fieldlabel>qmd_displayid</fieldlabel><fieldentry>Sample Course-74114</fieldentry></qti_metadatafield></qtimetadata></itemmetadata><itemproc_extension><d2l_2p0:difficulty>3</d2l_2p0:difficulty><d2l_2p0:isbonus>no</d2l_2p0:isbonus><d2l_2p0:ismandatory>yes</d2l_2p0:ismandatory></itemproc_extension><presentation><flow><material><mattext texttype="text/html">&lt;p&gt;&lt;span style="font-size: 14pt; font-family: 'Avenir Next', sans-serif; color: #292b2c; background-image: initial; background-position: initial; background-size: initial; background-repeat: initial; background-attachment: initial; background-origin: initial; background-clip: initial;"&gt;Imagine the bottle below being filled with water. &lt;/span&gt;&lt;/p&gt;  &lt;p&gt;&lt;span style="font-size: 14pt; font-family: 'Avenir Next', sans-serif; color: #292b2c; background-image: initial; background-position: initial; background-size: initial; background-repeat: initial; background-attachment: initial; background-origin: initial; background-clip: initial;"&gt;&lt;img src="csfiles/home_dir/JMartinBb_ImportedContent_20200715081008__xid-14754042_1/Screen Shot 2020-05-06 at 5.49.58 PM__xid-14754043_1.png" width="668" height="918" alt="Bottle"&gt;&lt;/span&gt;&lt;/p&gt;  &lt;p&gt;&lt;span style="font-size: 14pt; font-family: 'Avenir Next', sans-serif; color: #292b2c; background-image: initial; background-position: initial; background-size: initial; background-repeat: initial; background-attachment: initial; background-origin: initial; background-clip: initial;"&gt;Which of the following statements most accurately represents the relationship between the volume of water in the bottle and the height of water in the bottle?&amp;nbsp;Select the answer which correctly communicates the most information.&lt;/span&gt;&lt;/p&gt;</mattext></material><response_extension><d2l_2p0:display_style>2</d2l_2p0:display_style><d2l_2p0:enumeration>6</d2l_2p0:enumeration><d2l_2p0:grading_type>0</d2l_2p0:grading_type></response_extension><response_lid ident="QUES_42756915_42760996_LID" rcardinality="Single"><render_choice shuffle="no"><flow_label class="Block"><response_label ident="QUES_42756915_42760996_A130832762"><flow_mat><material><mattext texttype="text/html">&lt;p&gt;&lt;span style="font-size: 14.0pt; font-family: 'Avenir Next',sans-serif;"&gt;As the volume of water in the bottle increases, the height of water in the bottle decreases.&lt;/span&gt;&lt;/p&gt;</mattext></material></flow_mat></response_label></flow_label><flow_label class="Block"><response_label ident="QUES_42756915_42760996_A130832763"><flow_mat><material><mattext texttype="text/html">&lt;p&gt;&lt;span style="font-size: 14.0pt; font-family: 'Avenir Next',sans-serif;"&gt;As the volume of water in the bottle increases, the height of water in the bottle increases.&lt;/span&gt;&lt;/p&gt;</mattext></material></flow_mat></response_label></flow_label><flow_label class="Block"><response_label ident="QUES_42756915_42760996_A130832764"><flow_mat><material><mattext texttype="text/html">&lt;p&gt;&lt;span style="font-size: 14.0pt; font-family: 'Avenir Next',sans-serif;"&gt;For successive uniform changes in the volume of water in the bottle, the height of water in the bottle changes by increasing amounts.&lt;/span&gt;&lt;/p&gt;</mattext></material></flow_mat></response_label></flow_label><flow_label class="Block"><response_label ident="QUES_42756915_42760996_A130832765"><flow_mat><material><mattext texttype="text/html">&lt;p&gt;&lt;span style="font-size: 14.0pt; font-family: 'Avenir Next',sans-serif;"&gt;For successive uniform changes in the volume of water in the bottle, the height of water in the bottle changes by decreasing amounts.&lt;/span&gt;&lt;/p&gt;</mattext></material></flow_mat></response_label></flow_label><flow_label class="Block"><response_label ident="QUES_42756915_42760996_A130832766"><flow_mat><material><mattext texttype="text/html">&lt;p&gt;&lt;span style="font-size: 14.0pt; font-family: 'Avenir Next',sans-serif;"&gt;For successive uniform changes in the volume of water in the bottle, the height of water in the bottle changes by equal amounts.&lt;/span&gt;&lt;/p&gt;</mattext></material></flow_mat></response_label></flow_label></render_choice></response_lid></flow></presentation><resprocessing><respcondition title="Response Condition 1"><conditionvar><varequal respident="QUES_42756915_42760996_LID">QUES_42756915_42760996_A130832762</varequal></conditionvar><setvar action="Set">0.000000000</setvar><displayfeedback feedbacktype="Response" linkrefid="QUES_42756915_42760996_IF130832762" /></respcondition><respcondition title="Response Condition 2"><conditionvar><varequal respident="QUES_42756915_42760996_LID">QUES_42756915_42760996_A130832763</varequal></conditionvar><setvar action="Set">0.000000000</setvar><displayfeedback feedbacktype="Response" linkrefid="QUES_42756915_42760996_IF130832763" /></respcondition><respcondition title="Response Condition 3"><conditionvar><varequal respident="QUES_42756915_42760996_LID">QUES_42756915_42760996_A130832764</varequal></conditionvar><setvar action="Set">100.000000000</setvar><displayfeedback feedbacktype="Response" linkrefid="QUES_42756915_42760996_IF130832764" /></respcondition><respcondition title="Response Condition 4"><conditionvar><varequal respident="QUES_42756915_42760996_LID">QUES_42756915_42760996_A130832765</varequal></conditionvar><setvar action="Set">0.000000000</setvar><displayfeedback feedbacktype="Response" linkrefid="QUES_42756915_42760996_IF130832765" /></respcondition><respcondition title="Response Condition 5"><conditionvar><varequal respident="QUES_42756915_42760996_LID">QUES_42756915_42760996_A130832766</varequal></conditionvar><setvar action="Set">0.000000000</setvar><displayfeedback feedbacktype="Response" linkrefid="QUES_42756915_42760996_IF130832766" /></respcondition></resprocessing><itemfeedback ident="QUES_42756915_42760996_IF130832762"><material><mattext texttype="text/plain" /></material></itemfeedback><itemfeedback ident="QUES_42756915_42760996_IF130832763"><material><mattext texttype="text/plain" /></material></itemfeedback><itemfeedback ident="QUES_42756915_42760996_IF130832764"><material><mattext texttype="text/plain" /></material></itemfeedback><itemfeedback ident="QUES_42756915_42760996_IF130832765"><material><mattext texttype="text/plain" /></material></itemfeedback><itemfeedback ident="QUES_42756915_42760996_IF130832766"><material><mattext texttype="text/plain" /></material></itemfeedback></item></section></assessment></questestinterop>