﻿<?xml version="1.0" encoding="UTF-8"?><questestinterop xmlns:d2l_2p0="http://desire2learn.com/xsd/d2lcp_v2p0"><assessment d2l_2p0:id="428" title="Antiderivatives PostVideo Questions" ident="res_quiz_122383" d2l_2p0:resource_code="ef9e56cc46d3486a98963923-108"><rubric><flow_mat><material><mattext d2l_2p0:isdisplayed="no" texttype="text/html" /></material></flow_mat></rubric><assessmentcontrol hintswitch="no" solutionswitch="yes" feedbackswitch="no" /><presentation_material><flow_mat><material label="page header"><mattext d2l_2p0:isdisplayed="no" texttype="text/html" /></material><material label="page footer"><mattext d2l_2p0:isdisplayed="no" texttype="text/html" /></material></flow_mat></presentation_material><assess_procextension><d2l_2p0:intro_message d2l_2p0:isdisplayed="yes" texttype="text/html">Respondus</d2l_2p0:intro_message><d2l_2p0:disable_right_click>no</d2l_2p0:disable_right_click><d2l_2p0:disable_pager_access>no</d2l_2p0:disable_pager_access><is_active>yes</is_active><d2l_2p0:date_start /><d2l_2p0:date_end /><d2l_2p0:date_due /><d2l_2p0:has_schedule_event>no</d2l_2p0:has_schedule_event><d2l_2p0:is_attempt_Rldb>no</d2l_2p0:is_attempt_Rldb><d2l_2p0:is_subview_Rldb>no</d2l_2p0:is_subview_Rldb><d2l_2p0:time_limit>120</d2l_2p0:time_limit><d2l_2p0:show_clock>yes</d2l_2p0:show_clock><d2l_2p0:enforce_time_limit>yes</d2l_2p0:enforce_time_limit><d2l_2p0:grace_period>5</d2l_2p0:grace_period><d2l_2p0:late_limit>0</d2l_2p0:late_limit><d2l_2p0:attempts_allowed>3</d2l_2p0:attempts_allowed><d2l_2p0:attempt_restrictions /><d2l_2p0:mark_calculation_type>1</d2l_2p0:mark_calculation_type><d2l_2p0:is_forward_only>no</d2l_2p0:is_forward_only></assess_procextension><assessfeedback title=""><rubric><flow_mat><material><mattext texttype="yes">Your quiz has been submitted successfully.</mattext></material></flow_mat></rubric><d2l_2p0:duration>0</d2l_2p0:duration><d2l_2p0:response_display_type_id>1</d2l_2p0:response_display_type_id><d2l_2p0:show_correct_answers>no</d2l_2p0:show_correct_answers><d2l_2p0:submission_restrictip>no</d2l_2p0:submission_restrictip><d2l_2p0:show_class_average>no</d2l_2p0:show_class_average><d2l_2p0:show_score_distribution>no</d2l_2p0:show_score_distribution></assessfeedback><section ident="CONTAINER_SECTION"><item ident="OBJ_1651109" label="QUES_42756916_42760997" d2l_2p0:page="1"><itemmetadata><qtimetadata><qti_metadatafield><fieldlabel>qmd_computerscored</fieldlabel><fieldentry>yes</fieldentry></qti_metadatafield><qti_metadatafield><fieldlabel>qmd_questiontype</fieldlabel><fieldentry>Multiple Choice</fieldentry></qti_metadatafield><qti_metadatafield><fieldlabel>qmd_weighting</fieldlabel><fieldentry>1.000000000</fieldentry></qti_metadatafield><qti_metadatafield><fieldlabel>qmd_globalid</fieldlabel><fieldentry>97372cff-ce1f-4bdf-a8e0-2ecf266075f2</fieldentry></qti_metadatafield><qti_metadatafield><fieldlabel>qmd_displayid</fieldlabel><fieldentry>Sample Course-74115</fieldentry></qti_metadatafield></qtimetadata></itemmetadata><itemproc_extension><d2l_2p0:difficulty>3</d2l_2p0:difficulty><d2l_2p0:isbonus>no</d2l_2p0:isbonus><d2l_2p0:ismandatory>yes</d2l_2p0:ismandatory></itemproc_extension><presentation><flow><material><mattext texttype="text/html">&lt;!--RsQ_001--&gt;&lt;span style="font-family:'Arial';"&gt;For this function identify an antiderivative of the function. In other words, given &lt;/span&gt;&lt;span style="font-family:'Arial'; color:#000000;"&gt;&lt;IMG src="ppg/respondus/Antiderivatives_Post_BB_Test/eq_08b086ba.gif" alt="equation" border=0 align="absmiddle"&gt;&lt;/span&gt;&lt;span style="font-family:'Arial';"&gt;, identify a function &lt;/span&gt;&lt;span style="font-family:'Arial'; color:#000000;"&gt;&lt;IMG src="ppg/respondus/Antiderivatives_Post_BB_Test/eq_08b08fba.gif" alt="equation" border=0 align="absmiddle"&gt;&lt;/span&gt;&lt;span style="font-family:'Arial';"&gt; so that &lt;/span&gt;&lt;span style="font-family:'Arial'; color:#000000;"&gt;&lt;IMG src="ppg/respondus/Antiderivatives_Post_BB_Test/eq_08b096ba.gif" alt="equation" border=0 align="absmiddle"&gt;&lt;/span&gt;&lt;span style="font-family:'Arial';"&gt;.&lt;br&gt;&lt;br&gt;&amp;nbsp;&lt;br&gt;&lt;/span&gt;&lt;span style="font-family:'Arial'; color:#000000;"&gt;&lt;IMG src="ppg/respondus/Antiderivatives_Post_BB_Test/eq_08b0a6ba.gif" alt="equation" border=0 align="absmiddle"&gt;&lt;/span&gt;&lt;span style="font-family:'Arial';"&gt; &lt;/span&gt;</mattext></material><response_extension><d2l_2p0:display_style>2</d2l_2p0:display_style><d2l_2p0:enumeration>6</d2l_2p0:enumeration><d2l_2p0:grading_type>0</d2l_2p0:grading_type></response_extension><response_lid ident="QUES_42756916_42760997_LID" rcardinality="Single"><render_choice shuffle="no"><flow_label class="Block"><response_label ident="QUES_42756916_42760997_A130832767"><flow_mat><material><mattext texttype="text/html">&lt;span style="font-family:'Arial'; color:#000000;"&gt;&lt;IMG src="ppg/respondus/Antiderivatives_Post_BB_Test/eq_08b0e7ba.gif" alt="equation" border=0 align="absmiddle"&gt;&lt;/span&gt;&lt;span style="font-family:'Arial';"&gt; &lt;/span&gt;</mattext></material></flow_mat></response_label></flow_label><flow_label class="Block"><response_label ident="QUES_42756916_42760997_A130832768"><flow_mat><material><mattext texttype="text/html">&lt;span style="font-family:'Arial'; color:#000000;"&gt;&lt;IMG src="ppg/respondus/Antiderivatives_Post_BB_Test/eq_08b0fbba.gif" alt="equation" border=0 align="absmiddle"&gt;&lt;/span&gt;&lt;span style="font-family:'Arial';"&gt; &lt;/span&gt;</mattext></material></flow_mat></response_label></flow_label><flow_label class="Block"><response_label ident="QUES_42756916_42760997_A130832769"><flow_mat><material><mattext texttype="text/html">&lt;span style="font-family:'Arial'; color:#000000;"&gt;&lt;IMG src="ppg/respondus/Antiderivatives_Post_BB_Test/eq_08b102ba.gif" alt="equation" border=0 align="absmiddle"&gt;&lt;/span&gt;&lt;span style="font-family:'Arial';"&gt; &lt;/span&gt;</mattext></material></flow_mat></response_label></flow_label><flow_label class="Block"><response_label ident="QUES_42756916_42760997_A130832770"><flow_mat><material><mattext texttype="text/html">&lt;span style="font-family:'Arial'; color:#000000;"&gt;&lt;IMG src="ppg/respondus/Antiderivatives_Post_BB_Test/eq_08b120ba.gif" alt="equation" border=0 align="absmiddle"&gt;&lt;/span&gt;&lt;span style="font-family:'Arial';"&gt; &lt;/span&gt;</mattext></material></flow_mat></response_label></flow_label><flow_label class="Block"><response_label ident="QUES_42756916_42760997_A130832771"><flow_mat><material><mattext texttype="text/html">&lt;span style="font-family:'Arial';"&gt;&lt;IMG src="ppg/respondus/Antiderivatives_Post_BB_Test/eq_08b59f.gif" alt="equation" border=0 align="absmiddle"&gt;&lt;/span&gt;</mattext></material></flow_mat></response_label></flow_label><flow_label class="Block"><response_label ident="QUES_42756916_42760997_A130832772"><flow_mat><material><mattext texttype="text/html">&lt;span style="font-family:'Arial';"&gt;&lt;IMG src="ppg/respondus/Antiderivatives_Post_BB_Test/eq_08b5b0.gif" alt="equation" border=0 align="absmiddle"&gt;&lt;/span&gt;</mattext></material></flow_mat></response_label></flow_label><flow_label class="Block"><response_label ident="QUES_42756916_42760997_A130832773"><flow_mat><material><mattext texttype="text/html">&lt;span style="font-family:'Arial';"&gt;Another answer not listed above&lt;/span&gt;</mattext></material></flow_mat></response_label></flow_label></render_choice></response_lid></flow></presentation><resprocessing><respcondition title="Response Condition 1"><conditionvar><varequal respident="QUES_42756916_42760997_LID">QUES_42756916_42760997_A130832767</varequal></conditionvar><setvar action="Set">0.000000000</setvar><displayfeedback feedbacktype="Response" linkrefid="QUES_42756916_42760997_IF130832767" /></respcondition><respcondition title="Response Condition 2"><conditionvar><varequal respident="QUES_42756916_42760997_LID">QUES_42756916_42760997_A130832768</varequal></conditionvar><setvar action="Set">0.000000000</setvar><displayfeedback feedbacktype="Response" linkrefid="QUES_42756916_42760997_IF130832768" /></respcondition><respcondition title="Response Condition 3"><conditionvar><varequal respident="QUES_42756916_42760997_LID">QUES_42756916_42760997_A130832769</varequal></conditionvar><setvar action="Set">0.000000000</setvar><displayfeedback feedbacktype="Response" linkrefid="QUES_42756916_42760997_IF130832769" /></respcondition><respcondition title="Response Condition 4"><conditionvar><varequal respident="QUES_42756916_42760997_LID">QUES_42756916_42760997_A130832770</varequal></conditionvar><setvar action="Set">0.000000000</setvar><displayfeedback feedbacktype="Response" linkrefid="QUES_42756916_42760997_IF130832770" /></respcondition><respcondition title="Response Condition 5"><conditionvar><varequal respident="QUES_42756916_42760997_LID">QUES_42756916_42760997_A130832771</varequal></conditionvar><setvar action="Set">100.000000000</setvar><displayfeedback feedbacktype="Response" linkrefid="QUES_42756916_42760997_IF130832771" /></respcondition><respcondition title="Response Condition 6"><conditionvar><varequal respident="QUES_42756916_42760997_LID">QUES_42756916_42760997_A130832772</varequal></conditionvar><setvar action="Set">0.000000000</setvar><displayfeedback feedbacktype="Response" linkrefid="QUES_42756916_42760997_IF130832772" /></respcondition><respcondition title="Response Condition 7"><conditionvar><varequal respident="QUES_42756916_42760997_LID">QUES_42756916_42760997_A130832773</varequal></conditionvar><setvar action="Set">0.000000000</setvar><displayfeedback feedbacktype="Response" linkrefid="QUES_42756916_42760997_IF130832773" /></respcondition></resprocessing><itemfeedback ident="QUES_42756916_42760997_IF130832767"><material><mattext texttype="text/plain" /></material></itemfeedback><itemfeedback ident="QUES_42756916_42760997_IF130832768"><material><mattext texttype="text/plain" /></material></itemfeedback><itemfeedback ident="QUES_42756916_42760997_IF130832769"><material><mattext texttype="text/plain" /></material></itemfeedback><itemfeedback ident="QUES_42756916_42760997_IF130832770"><material><mattext texttype="text/plain" /></material></itemfeedback><itemfeedback ident="QUES_42756916_42760997_IF130832771"><material><mattext texttype="text/plain" /></material></itemfeedback><itemfeedback ident="QUES_42756916_42760997_IF130832772"><material><mattext texttype="text/plain" /></material></itemfeedback><itemfeedback ident="QUES_42756916_42760997_IF130832773"><material><mattext texttype="text/plain" /></material></itemfeedback></item><item ident="OBJ_1651110" label="QUES_42756917_42760998" d2l_2p0:page="1"><itemmetadata><qtimetadata><qti_metadatafield><fieldlabel>qmd_computerscored</fieldlabel><fieldentry>yes</fieldentry></qti_metadatafield><qti_metadatafield><fieldlabel>qmd_questiontype</fieldlabel><fieldentry>Multiple Choice</fieldentry></qti_metadatafield><qti_metadatafield><fieldlabel>qmd_weighting</fieldlabel><fieldentry>1.000000000</fieldentry></qti_metadatafield><qti_metadatafield><fieldlabel>qmd_globalid</fieldlabel><fieldentry>29332b75-dfdc-4102-80a3-dd7e8674f8bd</fieldentry></qti_metadatafield><qti_metadatafield><fieldlabel>qmd_displayid</fieldlabel><fieldentry>Sample Course-74116</fieldentry></qti_metadatafield></qtimetadata></itemmetadata><itemproc_extension><d2l_2p0:difficulty>3</d2l_2p0:difficulty><d2l_2p0:isbonus>no</d2l_2p0:isbonus><d2l_2p0:ismandatory>yes</d2l_2p0:ismandatory></itemproc_extension><presentation><flow><material><mattext texttype="text/html">&lt;!--RsQ_002--&gt;&lt;span style="font-family:'Arial';"&gt;For this function identify an antiderivative of the function. In other words, given &lt;/span&gt;&lt;span style="font-family:'Arial'; color:#000000;"&gt;&lt;IMG src="ppg/respondus/Antiderivatives_Post_BB_Test/eq_08b086a.gif" alt="equation" border=0 align="absmiddle"&gt;&lt;/span&gt;&lt;span style="font-family:'Arial';"&gt;, identify a function &lt;/span&gt;&lt;span style="font-family:'Arial'; color:#000000;"&gt;&lt;IMG src="ppg/respondus/Antiderivatives_Post_BB_Test/eq_08b08fa.gif" alt="equation" border=0 align="absmiddle"&gt;&lt;/span&gt;&lt;span style="font-family:'Arial';"&gt; so that &lt;/span&gt;&lt;span style="font-family:'Arial'; color:#000000;"&gt;&lt;IMG src="ppg/respondus/Antiderivatives_Post_BB_Test/eq_08b096a.gif" alt="equation" border=0 align="absmiddle"&gt;&lt;/span&gt;&lt;span style="font-family:'Arial';"&gt;.&lt;br&gt;&lt;br&gt;&amp;nbsp;&lt;br&gt;&lt;/span&gt;&lt;span style="font-family:'Arial'; color:#000000;"&gt;&lt;IMG src="ppg/respondus/Antiderivatives_Post_BB_Test/eq_08b0a6a.gif" alt="equation" border=0 align="absmiddle"&gt;&lt;/span&gt;&lt;span style="font-family:'Arial';"&gt; &lt;/span&gt;</mattext></material><response_extension><d2l_2p0:display_style>2</d2l_2p0:display_style><d2l_2p0:enumeration>6</d2l_2p0:enumeration><d2l_2p0:grading_type>0</d2l_2p0:grading_type></response_extension><response_lid ident="QUES_42756917_42760998_LID" rcardinality="Single"><render_choice shuffle="no"><flow_label class="Block"><response_label ident="QUES_42756917_42760998_A130832774"><flow_mat><material><mattext texttype="text/html">&lt;span style="font-family:'Arial'; color:#000000;"&gt;&lt;IMG src="ppg/respondus/Antiderivatives_Post_BB_Test/eq_08b0e7a.gif" alt="equation" border=0 align="absmiddle"&gt;&lt;/span&gt;&lt;span style="font-family:'Arial';"&gt; &lt;/span&gt;</mattext></material></flow_mat></response_label></flow_label><flow_label class="Block"><response_label ident="QUES_42756917_42760998_A130832775"><flow_mat><material><mattext texttype="text/html">&lt;span style="font-family:'Arial'; color:#000000;"&gt;&lt;IMG src="ppg/respondus/Antiderivatives_Post_BB_Test/eq_08b0fba.gif" alt="equation" border=0 align="absmiddle"&gt;&lt;/span&gt;&lt;span style="font-family:'Arial';"&gt; &lt;/span&gt;</mattext></material></flow_mat></response_label></flow_label><flow_label class="Block"><response_label ident="QUES_42756917_42760998_A130832776"><flow_mat><material><mattext texttype="text/html">&lt;span style="font-family:'Arial'; color:#000000;"&gt;&lt;IMG src="ppg/respondus/Antiderivatives_Post_BB_Test/eq_08b102a.gif" alt="equation" border=0 align="absmiddle"&gt;&lt;/span&gt;&lt;span style="font-family:'Arial';"&gt; &lt;/span&gt;</mattext></material></flow_mat></response_label></flow_label><flow_label class="Block"><response_label ident="QUES_42756917_42760998_A130832777"><flow_mat><material><mattext texttype="text/html">&lt;span style="font-family:'Arial'; color:#000000;"&gt;&lt;IMG src="ppg/respondus/Antiderivatives_Post_BB_Test/eq_08b120a.gif" alt="equation" border=0 align="absmiddle"&gt;&lt;/span&gt;&lt;span style="font-family:'Arial';"&gt; &lt;/span&gt;</mattext></material></flow_mat></response_label></flow_label><flow_label class="Block"><response_label ident="QUES_42756917_42760998_A130832778"><flow_mat><material><mattext texttype="text/html">&lt;span style="font-family:'Arial'; color:#000000;"&gt;&lt;IMG src="ppg/respondus/Antiderivatives_Post_BB_Test/eq_08b173.gif" alt="equation" border=0 align="absmiddle"&gt;&lt;/span&gt;&lt;span style="font-family:'Arial';"&gt; &lt;/span&gt;</mattext></material></flow_mat></response_label></flow_label><flow_label class="Block"><response_label ident="QUES_42756917_42760998_A130832779"><flow_mat><material><mattext texttype="text/html">&lt;span style="font-family:'Arial'; color:#000000;"&gt;&lt;IMG src="ppg/respondus/Antiderivatives_Post_BB_Test/eq_08b616.gif" alt="equation" border=0 align="absmiddle"&gt;&lt;/span&gt;&lt;span style="font-family:'Arial';"&gt; &lt;/span&gt;</mattext></material></flow_mat></response_label></flow_label><flow_label class="Block"><response_label ident="QUES_42756917_42760998_A130832780"><flow_mat><material><mattext texttype="text/html">&lt;span style="font-family:'Arial'; color:#000000;"&gt;&lt;IMG src="ppg/respondus/Antiderivatives_Post_BB_Test/eq_08b61b.gif" alt="equation" border=0 align="absmiddle"&gt;&lt;/span&gt;&lt;span style="font-family:'Arial';"&gt; &lt;/span&gt;</mattext></material></flow_mat></response_label></flow_label><flow_label class="Block"><response_label ident="QUES_42756917_42760998_A130832781"><flow_mat><material><mattext texttype="text/html">&lt;span style="font-family:'Arial';"&gt;Another answer not listed above  &lt;/span&gt;</mattext></material></flow_mat></response_label></flow_label><flow_label class="Block"><response_label ident="QUES_42756917_42760998_A130832782"><flow_mat><material><mattext texttype="text/html">&lt;span style="font-family:'Arial';"&gt;&amp;nbsp;&lt;/span&gt;</mattext></material></flow_mat></response_label></flow_label></render_choice></response_lid></flow></presentation><resprocessing><respcondition title="Response Condition 1"><conditionvar><varequal respident="QUES_42756917_42760998_LID">QUES_42756917_42760998_A130832774</varequal></conditionvar><setvar action="Set">0.000000000</setvar><displayfeedback feedbacktype="Response" linkrefid="QUES_42756917_42760998_IF130832774" /></respcondition><respcondition title="Response Condition 2"><conditionvar><varequal respident="QUES_42756917_42760998_LID">QUES_42756917_42760998_A130832775</varequal></conditionvar><setvar action="Set">0.000000000</setvar><displayfeedback feedbacktype="Response" linkrefid="QUES_42756917_42760998_IF130832775" /></respcondition><respcondition title="Response Condition 3"><conditionvar><varequal respident="QUES_42756917_42760998_LID">QUES_42756917_42760998_A130832776</varequal></conditionvar><setvar action="Set">0.000000000</setvar><displayfeedback feedbacktype="Response" linkrefid="QUES_42756917_42760998_IF130832776" /></respcondition><respcondition title="Response Condition 4"><conditionvar><varequal respident="QUES_42756917_42760998_LID">QUES_42756917_42760998_A130832777</varequal></conditionvar><setvar action="Set">100.000000000</setvar><displayfeedback feedbacktype="Response" linkrefid="QUES_42756917_42760998_IF130832777" /></respcondition><respcondition title="Response Condition 5"><conditionvar><varequal respident="QUES_42756917_42760998_LID">QUES_42756917_42760998_A130832778</varequal></conditionvar><setvar action="Set">0.000000000</setvar><displayfeedback feedbacktype="Response" linkrefid="QUES_42756917_42760998_IF130832778" /></respcondition><respcondition title="Response Condition 6"><conditionvar><varequal respident="QUES_42756917_42760998_LID">QUES_42756917_42760998_A130832779</varequal></conditionvar><setvar action="Set">0.000000000</setvar><displayfeedback feedbacktype="Response" linkrefid="QUES_42756917_42760998_IF130832779" /></respcondition><respcondition title="Response Condition 7"><conditionvar><varequal respident="QUES_42756917_42760998_LID">QUES_42756917_42760998_A130832780</varequal></conditionvar><setvar action="Set">0.000000000</setvar><displayfeedback feedbacktype="Response" linkrefid="QUES_42756917_42760998_IF130832780" /></respcondition><respcondition title="Response Condition 8"><conditionvar><varequal respident="QUES_42756917_42760998_LID">QUES_42756917_42760998_A130832781</varequal></conditionvar><setvar action="Set">0.000000000</setvar><displayfeedback feedbacktype="Response" linkrefid="QUES_42756917_42760998_IF130832781" /></respcondition><respcondition title="Response Condition 9"><conditionvar><varequal respident="QUES_42756917_42760998_LID">QUES_42756917_42760998_A130832782</varequal></conditionvar><setvar action="Set">0.000000000</setvar><displayfeedback feedbacktype="Response" linkrefid="QUES_42756917_42760998_IF130832782" /></respcondition></resprocessing><itemfeedback ident="QUES_42756917_42760998_IF130832774"><material><mattext texttype="text/plain" /></material></itemfeedback><itemfeedback ident="QUES_42756917_42760998_IF130832775"><material><mattext texttype="text/plain" /></material></itemfeedback><itemfeedback ident="QUES_42756917_42760998_IF130832776"><material><mattext texttype="text/plain" /></material></itemfeedback><itemfeedback ident="QUES_42756917_42760998_IF130832777"><material><mattext texttype="text/plain" /></material></itemfeedback><itemfeedback ident="QUES_42756917_42760998_IF130832778"><material><mattext texttype="text/plain" /></material></itemfeedback><itemfeedback ident="QUES_42756917_42760998_IF130832779"><material><mattext texttype="text/plain" /></material></itemfeedback><itemfeedback ident="QUES_42756917_42760998_IF130832780"><material><mattext texttype="text/plain" /></material></itemfeedback><itemfeedback ident="QUES_42756917_42760998_IF130832781"><material><mattext texttype="text/plain" /></material></itemfeedback><itemfeedback ident="QUES_42756917_42760998_IF130832782"><material><mattext texttype="text/plain" /></material></itemfeedback></item><item ident="OBJ_1651111" label="QUES_42756918_42760999" d2l_2p0:page="1"><itemmetadata><qtimetadata><qti_metadatafield><fieldlabel>qmd_computerscored</fieldlabel><fieldentry>yes</fieldentry></qti_metadatafield><qti_metadatafield><fieldlabel>qmd_questiontype</fieldlabel><fieldentry>Multiple Choice</fieldentry></qti_metadatafield><qti_metadatafield><fieldlabel>qmd_weighting</fieldlabel><fieldentry>1.000000000</fieldentry></qti_metadatafield><qti_metadatafield><fieldlabel>qmd_globalid</fieldlabel><fieldentry>0710893e-137c-4228-bc69-9cedd1fd655e</fieldentry></qti_metadatafield><qti_metadatafield><fieldlabel>qmd_displayid</fieldlabel><fieldentry>Sample Course-74117</fieldentry></qti_metadatafield></qtimetadata></itemmetadata><itemproc_extension><d2l_2p0:difficulty>3</d2l_2p0:difficulty><d2l_2p0:isbonus>no</d2l_2p0:isbonus><d2l_2p0:ismandatory>yes</d2l_2p0:ismandatory></itemproc_extension><presentation><flow><material><mattext texttype="text/html">&lt;!--RsQ_003--&gt;&lt;span style="font-family:'Arial';"&gt;For this function identify an antiderivative of the function. In other words, given &lt;/span&gt;&lt;span style="font-family:'Arial'; color:#000000;"&gt;&lt;IMG src="ppg/respondus/Antiderivatives_Post_BB_Test/eq_08b086b.gif" alt="equation" border=0 align="absmiddle"&gt;&lt;/span&gt;&lt;span style="font-family:'Arial';"&gt;, identify a function &lt;/span&gt;&lt;span style="font-family:'Arial'; color:#000000;"&gt;&lt;IMG src="ppg/respondus/Antiderivatives_Post_BB_Test/eq_08b08fb.gif" alt="equation" border=0 align="absmiddle"&gt;&lt;/span&gt;&lt;span style="font-family:'Arial';"&gt; so that &lt;/span&gt;&lt;span style="font-family:'Arial'; color:#000000;"&gt;&lt;IMG src="ppg/respondus/Antiderivatives_Post_BB_Test/eq_08b096b.gif" alt="equation" border=0 align="absmiddle"&gt;&lt;/span&gt;&lt;span style="font-family:'Arial';"&gt;.&lt;br&gt;&lt;br&gt;&amp;nbsp;&lt;br&gt;&lt;/span&gt;&lt;span style="font-family:'Arial'; color:#000000;"&gt;&lt;IMG src="ppg/respondus/Antiderivatives_Post_BB_Test/eq_08b0a6b.gif" alt="equation" border=0 align="absmiddle"&gt;&lt;/span&gt;&lt;span style="font-family:'Arial';"&gt; &lt;/span&gt;</mattext></material><response_extension><d2l_2p0:display_style>2</d2l_2p0:display_style><d2l_2p0:enumeration>6</d2l_2p0:enumeration><d2l_2p0:grading_type>0</d2l_2p0:grading_type></response_extension><response_lid ident="QUES_42756918_42760999_LID" rcardinality="Single"><render_choice shuffle="no"><flow_label class="Block"><response_label ident="QUES_42756918_42760999_A130832783"><flow_mat><material><mattext texttype="text/html">&lt;span style="font-family:'Arial'; color:#000000;"&gt;&lt;IMG src="ppg/respondus/Antiderivatives_Post_BB_Test/eq_08b0e7b.gif" alt="equation" border=0 align="absmiddle"&gt;&lt;/span&gt;&lt;span style="font-family:'Arial';"&gt; &lt;/span&gt;</mattext></material></flow_mat></response_label></flow_label><flow_label class="Block"><response_label ident="QUES_42756918_42760999_A130832784"><flow_mat><material><mattext texttype="text/html">&lt;span style="font-family:'Arial'; color:#000000;"&gt;&lt;IMG src="ppg/respondus/Antiderivatives_Post_BB_Test/eq_08b0fbb.gif" alt="equation" border=0 align="absmiddle"&gt;&lt;/span&gt;&lt;span style="font-family:'Arial';"&gt; &lt;/span&gt;</mattext></material></flow_mat></response_label></flow_label><flow_label class="Block"><response_label ident="QUES_42756918_42760999_A130832785"><flow_mat><material><mattext texttype="text/html">&lt;span style="font-family:'Arial'; color:#000000;"&gt;&lt;IMG src="ppg/respondus/Antiderivatives_Post_BB_Test/eq_08b102b.gif" alt="equation" border=0 align="absmiddle"&gt;&lt;/span&gt;&lt;span style="font-family:'Arial';"&gt; &lt;/span&gt;</mattext></material></flow_mat></response_label></flow_label><flow_label class="Block"><response_label ident="QUES_42756918_42760999_A130832786"><flow_mat><material><mattext texttype="text/html">&lt;span style="font-family:'Arial'; color:#000000;"&gt;&lt;IMG src="ppg/respondus/Antiderivatives_Post_BB_Test/eq_08b120b.gif" alt="equation" border=0 align="absmiddle"&gt;&lt;/span&gt;&lt;span style="font-family:'Arial';"&gt; &lt;/span&gt;</mattext></material></flow_mat></response_label></flow_label><flow_label class="Block"><response_label ident="QUES_42756918_42760999_A130832787"><flow_mat><material><mattext texttype="text/html">&lt;span style="font-family:'Arial';"&gt;&lt;IMG src="ppg/respondus/Antiderivatives_Post_BB_Test/eq_08b6aa.gif" alt="equation" border=0 align="absmiddle"&gt;&lt;/span&gt;</mattext></material></flow_mat></response_label></flow_label><flow_label class="Block"><response_label ident="QUES_42756918_42760999_A130832788"><flow_mat><material><mattext texttype="text/html">&lt;span style="font-family:'Arial';"&gt;&lt;IMG src="ppg/respondus/Antiderivatives_Post_BB_Test/eq_08b6c1.gif" alt="equation" border=0 align="absmiddle"&gt;&lt;/span&gt;</mattext></material></flow_mat></response_label></flow_label><flow_label class="Block"><response_label ident="QUES_42756918_42760999_A130832789"><flow_mat><material><mattext texttype="text/html">&lt;span style="font-family:'Arial';"&gt;&lt;IMG src="ppg/respondus/Antiderivatives_Post_BB_Test/eq_08b6cc.gif" alt="equation" border=0 align="absmiddle"&gt;&lt;/span&gt;</mattext></material></flow_mat></response_label></flow_label><flow_label class="Block"><response_label ident="QUES_42756918_42760999_A130832790"><flow_mat><material><mattext texttype="text/html">&lt;span style="font-family:'Arial';"&gt;&lt;IMG src="ppg/respondus/Antiderivatives_Post_BB_Test/eq_08b6d2.gif" alt="equation" border=0 align="absmiddle"&gt;&lt;/span&gt;</mattext></material></flow_mat></response_label></flow_label><flow_label class="Block"><response_label ident="QUES_42756918_42760999_A130832791"><flow_mat><material><mattext texttype="text/html">&lt;span style="font-family:'Arial';"&gt;Another answer not listed above&lt;/span&gt;</mattext></material></flow_mat></response_label></flow_label></render_choice></response_lid></flow></presentation><resprocessing><respcondition title="Response Condition 1"><conditionvar><varequal respident="QUES_42756918_42760999_LID">QUES_42756918_42760999_A130832783</varequal></conditionvar><setvar action="Set">0.000000000</setvar><displayfeedback feedbacktype="Response" linkrefid="QUES_42756918_42760999_IF130832783" /></respcondition><respcondition title="Response Condition 2"><conditionvar><varequal respident="QUES_42756918_42760999_LID">QUES_42756918_42760999_A130832784</varequal></conditionvar><setvar action="Set">0.000000000</setvar><displayfeedback feedbacktype="Response" linkrefid="QUES_42756918_42760999_IF130832784" /></respcondition><respcondition title="Response Condition 3"><conditionvar><varequal respident="QUES_42756918_42760999_LID">QUES_42756918_42760999_A130832785</varequal></conditionvar><setvar action="Set">100.000000000</setvar><displayfeedback feedbacktype="Response" linkrefid="QUES_42756918_42760999_IF130832785" /></respcondition><respcondition title="Response Condition 4"><conditionvar><varequal respident="QUES_42756918_42760999_LID">QUES_42756918_42760999_A130832786</varequal></conditionvar><setvar action="Set">0.000000000</setvar><displayfeedback feedbacktype="Response" linkrefid="QUES_42756918_42760999_IF130832786" /></respcondition><respcondition title="Response Condition 5"><conditionvar><varequal respident="QUES_42756918_42760999_LID">QUES_42756918_42760999_A130832787</varequal></conditionvar><setvar action="Set">0.000000000</setvar><displayfeedback feedbacktype="Response" linkrefid="QUES_42756918_42760999_IF130832787" /></respcondition><respcondition title="Response Condition 6"><conditionvar><varequal respident="QUES_42756918_42760999_LID">QUES_42756918_42760999_A130832788</varequal></conditionvar><setvar action="Set">0.000000000</setvar><displayfeedback feedbacktype="Response" linkrefid="QUES_42756918_42760999_IF130832788" /></respcondition><respcondition title="Response Condition 7"><conditionvar><varequal respident="QUES_42756918_42760999_LID">QUES_42756918_42760999_A130832789</varequal></conditionvar><setvar action="Set">0.000000000</setvar><displayfeedback feedbacktype="Response" linkrefid="QUES_42756918_42760999_IF130832789" /></respcondition><respcondition title="Response Condition 8"><conditionvar><varequal respident="QUES_42756918_42760999_LID">QUES_42756918_42760999_A130832790</varequal></conditionvar><setvar action="Set">0.000000000</setvar><displayfeedback feedbacktype="Response" linkrefid="QUES_42756918_42760999_IF130832790" /></respcondition><respcondition title="Response Condition 9"><conditionvar><varequal respident="QUES_42756918_42760999_LID">QUES_42756918_42760999_A130832791</varequal></conditionvar><setvar action="Set">0.000000000</setvar><displayfeedback feedbacktype="Response" linkrefid="QUES_42756918_42760999_IF130832791" /></respcondition></resprocessing><itemfeedback ident="QUES_42756918_42760999_IF130832783"><material><mattext texttype="text/plain" /></material></itemfeedback><itemfeedback ident="QUES_42756918_42760999_IF130832784"><material><mattext texttype="text/plain" /></material></itemfeedback><itemfeedback ident="QUES_42756918_42760999_IF130832785"><material><mattext texttype="text/plain" /></material></itemfeedback><itemfeedback ident="QUES_42756918_42760999_IF130832786"><material><mattext texttype="text/plain" /></material></itemfeedback><itemfeedback ident="QUES_42756918_42760999_IF130832787"><material><mattext texttype="text/plain" /></material></itemfeedback><itemfeedback ident="QUES_42756918_42760999_IF130832788"><material><mattext texttype="text/plain" /></material></itemfeedback><itemfeedback ident="QUES_42756918_42760999_IF130832789"><material><mattext texttype="text/plain" /></material></itemfeedback><itemfeedback ident="QUES_42756918_42760999_IF130832790"><material><mattext texttype="text/plain" /></material></itemfeedback><itemfeedback ident="QUES_42756918_42760999_IF130832791"><material><mattext texttype="text/plain" /></material></itemfeedback></item><item ident="OBJ_1651112" label="QUES_42756919_42761000" d2l_2p0:page="1"><itemmetadata><qtimetadata><qti_metadatafield><fieldlabel>qmd_computerscored</fieldlabel><fieldentry>yes</fieldentry></qti_metadatafield><qti_metadatafield><fieldlabel>qmd_questiontype</fieldlabel><fieldentry>Multiple Choice</fieldentry></qti_metadatafield><qti_metadatafield><fieldlabel>qmd_weighting</fieldlabel><fieldentry>1.000000000</fieldentry></qti_metadatafield><qti_metadatafield><fieldlabel>qmd_globalid</fieldlabel><fieldentry>fb127dfb-404d-41d4-910f-3ef6e72a84a8</fieldentry></qti_metadatafield><qti_metadatafield><fieldlabel>qmd_displayid</fieldlabel><fieldentry>Sample Course-74118</fieldentry></qti_metadatafield></qtimetadata></itemmetadata><itemproc_extension><d2l_2p0:difficulty>3</d2l_2p0:difficulty><d2l_2p0:isbonus>no</d2l_2p0:isbonus><d2l_2p0:ismandatory>yes</d2l_2p0:ismandatory></itemproc_extension><presentation><flow><material><mattext texttype="text/html">&lt;!--RsQ_004--&gt;&lt;span style="font-family:'Arial';"&gt;For this function identify an antiderivative of the function. In other words, given &lt;/span&gt;&lt;span style="font-family:'Arial'; color:#000000;"&gt;&lt;IMG src="ppg/respondus/Antiderivatives_Post_BB_Test/eq_08b086aaa.gif" alt="equation" border=0 align="absmiddle"&gt;&lt;/span&gt;&lt;span style="font-family:'Arial';"&gt;, identify a function &lt;/span&gt;&lt;span style="font-family:'Arial'; color:#000000;"&gt;&lt;IMG src="ppg/respondus/Antiderivatives_Post_BB_Test/eq_08b08faaa.gif" alt="equation" border=0 align="absmiddle"&gt;&lt;/span&gt;&lt;span style="font-family:'Arial';"&gt; so that &lt;/span&gt;&lt;span style="font-family:'Arial'; color:#000000;"&gt;&lt;IMG src="ppg/respondus/Antiderivatives_Post_BB_Test/eq_08b096aaa.gif" alt="equation" border=0 align="absmiddle"&gt;&lt;/span&gt;&lt;span style="font-family:'Arial';"&gt;.&lt;br&gt;&lt;br&gt;&amp;nbsp;&lt;br&gt;&lt;/span&gt;&lt;span style="font-family:'Arial'; color:#000000;"&gt;&lt;IMG src="ppg/respondus/Antiderivatives_Post_BB_Test/eq_08b0a6aaa.gif" alt="equation" border=0 align="absmiddle"&gt;&lt;/span&gt;&lt;span style="font-family:'Arial';"&gt; &lt;/span&gt;</mattext></material><response_extension><d2l_2p0:display_style>2</d2l_2p0:display_style><d2l_2p0:enumeration>6</d2l_2p0:enumeration><d2l_2p0:grading_type>0</d2l_2p0:grading_type></response_extension><response_lid ident="QUES_42756919_42761000_LID" rcardinality="Single"><render_choice shuffle="no"><flow_label class="Block"><response_label ident="QUES_42756919_42761000_A130832792"><flow_mat><material><mattext texttype="text/html">&lt;span style="font-family:'Arial'; color:#000000;"&gt;&lt;IMG src="ppg/respondus/Antiderivatives_Post_BB_Test/eq_08b0e7aaa.gif" alt="equation" border=0 align="absmiddle"&gt;&lt;/span&gt;&lt;span style="font-family:'Arial';"&gt; &lt;/span&gt;</mattext></material></flow_mat></response_label></flow_label><flow_label class="Block"><response_label ident="QUES_42756919_42761000_A130832793"><flow_mat><material><mattext texttype="text/html">&lt;span style="font-family:'Arial'; color:#000000;"&gt;&lt;IMG src="ppg/respondus/Antiderivatives_Post_BB_Test/eq_08b0fbaaa.gif" alt="equation" border=0 align="absmiddle"&gt;&lt;/span&gt;&lt;span style="font-family:'Arial';"&gt; &lt;/span&gt;</mattext></material></flow_mat></response_label></flow_label><flow_label class="Block"><response_label ident="QUES_42756919_42761000_A130832794"><flow_mat><material><mattext texttype="text/html">&lt;span style="font-family:'Arial'; color:#000000;"&gt;&lt;IMG src="ppg/respondus/Antiderivatives_Post_BB_Test/eq_08b102aaa.gif" alt="equation" border=0 align="absmiddle"&gt;&lt;/span&gt;&lt;span style="font-family:'Arial';"&gt; &lt;/span&gt;</mattext></material></flow_mat></response_label></flow_label><flow_label class="Block"><response_label ident="QUES_42756919_42761000_A130832795"><flow_mat><material><mattext texttype="text/html">&lt;span style="font-family:'Arial'; color:#000000;"&gt;&lt;IMG src="ppg/respondus/Antiderivatives_Post_BB_Test/eq_08b120aaa.gif" alt="equation" border=0 align="absmiddle"&gt;&lt;/span&gt;&lt;span style="font-family:'Arial';"&gt; &lt;/span&gt;</mattext></material></flow_mat></response_label></flow_label><flow_label class="Block"><response_label ident="QUES_42756919_42761000_A130832796"><flow_mat><material><mattext texttype="text/html">&lt;span style="font-family:'Arial';"&gt;&lt;IMG src="ppg/respondus/Antiderivatives_Post_BB_Test/eq_08b712.gif" alt="equation" border=0 align="absmiddle"&gt;&lt;/span&gt;</mattext></material></flow_mat></response_label></flow_label><flow_label class="Block"><response_label ident="QUES_42756919_42761000_A130832797"><flow_mat><material><mattext texttype="text/html">&lt;span style="font-family:'Arial';"&gt;&lt;IMG src="ppg/respondus/Antiderivatives_Post_BB_Test/eq_08b719.gif" alt="equation" border=0 align="absmiddle"&gt;&lt;/span&gt;</mattext></material></flow_mat></response_label></flow_label><flow_label class="Block"><response_label ident="QUES_42756919_42761000_A130832798"><flow_mat><material><mattext texttype="text/html">&lt;span style="font-family:'Arial';"&gt;&lt;IMG src="ppg/respondus/Antiderivatives_Post_BB_Test/eq_08b720.gif" alt="equation" border=0 align="absmiddle"&gt;&lt;/span&gt;</mattext></material></flow_mat></response_label></flow_label><flow_label class="Block"><response_label ident="QUES_42756919_42761000_A130832799"><flow_mat><material><mattext texttype="text/html">&lt;span style="font-family:'Arial';"&gt;&lt;IMG src="ppg/respondus/Antiderivatives_Post_BB_Test/eq_08b729.gif" alt="equation" border=0 align="absmiddle"&gt;&lt;/span&gt;</mattext></material></flow_mat></response_label></flow_label><flow_label class="Block"><response_label ident="QUES_42756919_42761000_A130832800"><flow_mat><material><mattext texttype="text/html">&lt;span style="font-family:'Arial'; color:#000000;"&gt;&lt;IMG src="ppg/respondus/Antiderivatives_Post_BB_Test/eq_08b732.gif" alt="equation" border=0 align="absmiddle"&gt;&lt;/span&gt;&lt;span style="font-family:'Arial';"&gt; &lt;/span&gt;</mattext></material></flow_mat></response_label></flow_label><flow_label class="Block"><response_label ident="QUES_42756919_42761000_A130832801"><flow_mat><material><mattext texttype="text/html">&lt;span style="font-family:'Arial';"&gt;&lt;IMG src="ppg/respondus/Antiderivatives_Post_BB_Test/eq_08b780.gif" alt="equation" border=0 align="absmiddle"&gt;&lt;/span&gt;</mattext></material></flow_mat></response_label></flow_label><flow_label class="Block"><response_label ident="QUES_42756919_42761000_A130832802"><flow_mat><material><mattext texttype="text/html">&lt;span style="font-family:'Arial';"&gt;Another answer not listed above&lt;/span&gt;</mattext></material></flow_mat></response_label></flow_label></render_choice></response_lid></flow></presentation><resprocessing><respcondition title="Response Condition 1"><conditionvar><varequal respident="QUES_42756919_42761000_LID">QUES_42756919_42761000_A130832792</varequal></conditionvar><setvar action="Set">100.000000000</setvar><displayfeedback feedbacktype="Response" linkrefid="QUES_42756919_42761000_IF130832792" /></respcondition><respcondition title="Response Condition 2"><conditionvar><varequal respident="QUES_42756919_42761000_LID">QUES_42756919_42761000_A130832793</varequal></conditionvar><setvar action="Set">0.000000000</setvar><displayfeedback feedbacktype="Response" linkrefid="QUES_42756919_42761000_IF130832793" /></respcondition><respcondition title="Response Condition 3"><conditionvar><varequal respident="QUES_42756919_42761000_LID">QUES_42756919_42761000_A130832794</varequal></conditionvar><setvar action="Set">0.000000000</setvar><displayfeedback feedbacktype="Response" linkrefid="QUES_42756919_42761000_IF130832794" /></respcondition><respcondition title="Response Condition 4"><conditionvar><varequal respident="QUES_42756919_42761000_LID">QUES_42756919_42761000_A130832795</varequal></conditionvar><setvar action="Set">0.000000000</setvar><displayfeedback feedbacktype="Response" linkrefid="QUES_42756919_42761000_IF130832795" /></respcondition><respcondition title="Response Condition 5"><conditionvar><varequal respident="QUES_42756919_42761000_LID">QUES_42756919_42761000_A130832796</varequal></conditionvar><setvar action="Set">0.000000000</setvar><displayfeedback feedbacktype="Response" linkrefid="QUES_42756919_42761000_IF130832796" /></respcondition><respcondition title="Response Condition 6"><conditionvar><varequal respident="QUES_42756919_42761000_LID">QUES_42756919_42761000_A130832797</varequal></conditionvar><setvar action="Set">0.000000000</setvar><displayfeedback feedbacktype="Response" linkrefid="QUES_42756919_42761000_IF130832797" /></respcondition><respcondition title="Response Condition 7"><conditionvar><varequal respident="QUES_42756919_42761000_LID">QUES_42756919_42761000_A130832798</varequal></conditionvar><setvar action="Set">0.000000000</setvar><displayfeedback feedbacktype="Response" linkrefid="QUES_42756919_42761000_IF130832798" /></respcondition><respcondition title="Response Condition 8"><conditionvar><varequal respident="QUES_42756919_42761000_LID">QUES_42756919_42761000_A130832799</varequal></conditionvar><setvar action="Set">0.000000000</setvar><displayfeedback feedbacktype="Response" linkrefid="QUES_42756919_42761000_IF130832799" /></respcondition><respcondition title="Response Condition 9"><conditionvar><varequal respident="QUES_42756919_42761000_LID">QUES_42756919_42761000_A130832800</varequal></conditionvar><setvar action="Set">0.000000000</setvar><displayfeedback feedbacktype="Response" linkrefid="QUES_42756919_42761000_IF130832800" /></respcondition><respcondition title="Response Condition 10"><conditionvar><varequal respident="QUES_42756919_42761000_LID">QUES_42756919_42761000_A130832801</varequal></conditionvar><setvar action="Set">0.000000000</setvar><displayfeedback feedbacktype="Response" linkrefid="QUES_42756919_42761000_IF130832801" /></respcondition><respcondition title="Response Condition 11"><conditionvar><varequal respident="QUES_42756919_42761000_LID">QUES_42756919_42761000_A130832802</varequal></conditionvar><setvar action="Set">0.000000000</setvar><displayfeedback feedbacktype="Response" linkrefid="QUES_42756919_42761000_IF130832802" /></respcondition></resprocessing><itemfeedback ident="QUES_42756919_42761000_IF130832792"><material><mattext texttype="text/plain" /></material></itemfeedback><itemfeedback ident="QUES_42756919_42761000_IF130832793"><material><mattext texttype="text/plain" /></material></itemfeedback><itemfeedback ident="QUES_42756919_42761000_IF130832794"><material><mattext texttype="text/plain" /></material></itemfeedback><itemfeedback ident="QUES_42756919_42761000_IF130832795"><material><mattext texttype="text/plain" /></material></itemfeedback><itemfeedback ident="QUES_42756919_42761000_IF130832796"><material><mattext texttype="text/plain" /></material></itemfeedback><itemfeedback ident="QUES_42756919_42761000_IF130832797"><material><mattext texttype="text/plain" /></material></itemfeedback><itemfeedback ident="QUES_42756919_42761000_IF130832798"><material><mattext texttype="text/plain" /></material></itemfeedback><itemfeedback ident="QUES_42756919_42761000_IF130832799"><material><mattext texttype="text/plain" /></material></itemfeedback><itemfeedback ident="QUES_42756919_42761000_IF130832800"><material><mattext texttype="text/plain" /></material></itemfeedback><itemfeedback ident="QUES_42756919_42761000_IF130832801"><material><mattext texttype="text/plain" /></material></itemfeedback><itemfeedback ident="QUES_42756919_42761000_IF130832802"><material><mattext texttype="text/plain" /></material></itemfeedback></item><item ident="OBJ_1651113" label="QUES_42756920_42761001" d2l_2p0:page="1"><itemmetadata><qtimetadata><qti_metadatafield><fieldlabel>qmd_computerscored</fieldlabel><fieldentry>yes</fieldentry></qti_metadatafield><qti_metadatafield><fieldlabel>qmd_questiontype</fieldlabel><fieldentry>Multiple Choice</fieldentry></qti_metadatafield><qti_metadatafield><fieldlabel>qmd_weighting</fieldlabel><fieldentry>1.000000000</fieldentry></qti_metadatafield><qti_metadatafield><fieldlabel>qmd_globalid</fieldlabel><fieldentry>3391ed73-46ae-4227-9e7b-340aa4db208e</fieldentry></qti_metadatafield><qti_metadatafield><fieldlabel>qmd_displayid</fieldlabel><fieldentry>Sample Course-74119</fieldentry></qti_metadatafield></qtimetadata></itemmetadata><itemproc_extension><d2l_2p0:difficulty>3</d2l_2p0:difficulty><d2l_2p0:isbonus>no</d2l_2p0:isbonus><d2l_2p0:ismandatory>yes</d2l_2p0:ismandatory></itemproc_extension><presentation><flow><material><mattext texttype="text/html">&lt;!--RsQ_005--&gt;&lt;span style="font-family:'Arial';"&gt;For this function identify an antiderivative of the function. In other words, given &lt;/span&gt;&lt;span style="font-family:'Arial'; color:#000000;"&gt;&lt;IMG src="ppg/respondus/Antiderivatives_Post_BB_Test/eq_08b086ab.gif" alt="equation" border=0 align="absmiddle"&gt;&lt;/span&gt;&lt;span style="font-family:'Arial';"&gt;, identify a function &lt;/span&gt;&lt;span style="font-family:'Arial'; color:#000000;"&gt;&lt;IMG src="ppg/respondus/Antiderivatives_Post_BB_Test/eq_08b08fab.gif" alt="equation" border=0 align="absmiddle"&gt;&lt;/span&gt;&lt;span style="font-family:'Arial';"&gt; so that &lt;/span&gt;&lt;span style="font-family:'Arial'; color:#000000;"&gt;&lt;IMG src="ppg/respondus/Antiderivatives_Post_BB_Test/eq_08b096ab.gif" alt="equation" border=0 align="absmiddle"&gt;&lt;/span&gt;&lt;span style="font-family:'Arial';"&gt;.&lt;br&gt;&lt;br&gt;&amp;nbsp;&lt;br&gt;&lt;/span&gt;&lt;span style="font-family:'Arial'; color:#000000;"&gt;&lt;IMG src="ppg/respondus/Antiderivatives_Post_BB_Test/eq_08b0a6ab.gif" alt="equation" border=0 align="absmiddle"&gt;&lt;/span&gt;&lt;span style="font-family:'Arial';"&gt; &lt;/span&gt;</mattext></material><response_extension><d2l_2p0:display_style>2</d2l_2p0:display_style><d2l_2p0:enumeration>6</d2l_2p0:enumeration><d2l_2p0:grading_type>0</d2l_2p0:grading_type></response_extension><response_lid ident="QUES_42756920_42761001_LID" rcardinality="Single"><render_choice shuffle="no"><flow_label class="Block"><response_label ident="QUES_42756920_42761001_A130832803"><flow_mat><material><mattext texttype="text/html">&lt;span style="font-family:'Arial'; color:#000000;"&gt;&lt;IMG src="ppg/respondus/Antiderivatives_Post_BB_Test/eq_08b0e7ab.gif" alt="equation" border=0 align="absmiddle"&gt;&lt;/span&gt;&lt;span style="font-family:'Arial';"&gt; &lt;/span&gt;</mattext></material></flow_mat></response_label></flow_label><flow_label class="Block"><response_label ident="QUES_42756920_42761001_A130832804"><flow_mat><material><mattext texttype="text/html">&lt;span style="font-family:'Arial'; color:#000000;"&gt;&lt;IMG src="ppg/respondus/Antiderivatives_Post_BB_Test/eq_08b0fbab.gif" alt="equation" border=0 align="absmiddle"&gt;&lt;/span&gt;&lt;span style="font-family:'Arial';"&gt; &lt;/span&gt;</mattext></material></flow_mat></response_label></flow_label><flow_label class="Block"><response_label ident="QUES_42756920_42761001_A130832805"><flow_mat><material><mattext texttype="text/html">&lt;span style="font-family:'Arial'; color:#000000;"&gt;&lt;IMG src="ppg/respondus/Antiderivatives_Post_BB_Test/eq_08b102ab.gif" alt="equation" border=0 align="absmiddle"&gt;&lt;/span&gt;&lt;span style="font-family:'Arial';"&gt; &lt;/span&gt;</mattext></material></flow_mat></response_label></flow_label><flow_label class="Block"><response_label ident="QUES_42756920_42761001_A130832806"><flow_mat><material><mattext texttype="text/html">&lt;span style="font-family:'Arial'; color:#000000;"&gt;&lt;IMG src="ppg/respondus/Antiderivatives_Post_BB_Test/eq_08b120ab.gif" alt="equation" border=0 align="absmiddle"&gt;&lt;/span&gt;&lt;span style="font-family:'Arial';"&gt; &lt;/span&gt;</mattext></material></flow_mat></response_label></flow_label><flow_label class="Block"><response_label ident="QUES_42756920_42761001_A130832807"><flow_mat><material><mattext texttype="text/html">&lt;span style="font-family:'Arial'; color:#000000;"&gt;&lt;IMG src="ppg/respondus/Antiderivatives_Post_BB_Test/eq_08b173a.gif" alt="equation" border=0 align="absmiddle"&gt;&lt;/span&gt;&lt;span style="font-family:'Arial';"&gt; &lt;/span&gt;</mattext></material></flow_mat></response_label></flow_label><flow_label class="Block"><response_label ident="QUES_42756920_42761001_A130832808"><flow_mat><material><mattext texttype="text/html">&lt;span style="font-family:'Arial';"&gt;&lt;IMG src="ppg/respondus/Antiderivatives_Post_BB_Test/eq_08b803.gif" alt="equation" border=0 align="absmiddle"&gt;&lt;/span&gt;</mattext></material></flow_mat></response_label></flow_label><flow_label class="Block"><response_label ident="QUES_42756920_42761001_A130832809"><flow_mat><material><mattext texttype="text/html">&lt;span style="font-family:'Arial';"&gt;Another answer not listed above&lt;/span&gt;</mattext></material></flow_mat></response_label></flow_label></render_choice></response_lid></flow></presentation><resprocessing><respcondition title="Response Condition 1"><conditionvar><varequal respident="QUES_42756920_42761001_LID">QUES_42756920_42761001_A130832803</varequal></conditionvar><setvar action="Set">100.000000000</setvar><displayfeedback feedbacktype="Response" linkrefid="QUES_42756920_42761001_IF130832803" /></respcondition><respcondition title="Response Condition 2"><conditionvar><varequal respident="QUES_42756920_42761001_LID">QUES_42756920_42761001_A130832804</varequal></conditionvar><setvar action="Set">0.000000000</setvar><displayfeedback feedbacktype="Response" linkrefid="QUES_42756920_42761001_IF130832804" /></respcondition><respcondition title="Response Condition 3"><conditionvar><varequal respident="QUES_42756920_42761001_LID">QUES_42756920_42761001_A130832805</varequal></conditionvar><setvar action="Set">0.000000000</setvar><displayfeedback feedbacktype="Response" linkrefid="QUES_42756920_42761001_IF130832805" /></respcondition><respcondition title="Response Condition 4"><conditionvar><varequal respident="QUES_42756920_42761001_LID">QUES_42756920_42761001_A130832806</varequal></conditionvar><setvar action="Set">0.000000000</setvar><displayfeedback feedbacktype="Response" linkrefid="QUES_42756920_42761001_IF130832806" /></respcondition><respcondition title="Response Condition 5"><conditionvar><varequal respident="QUES_42756920_42761001_LID">QUES_42756920_42761001_A130832807</varequal></conditionvar><setvar action="Set">0.000000000</setvar><displayfeedback feedbacktype="Response" linkrefid="QUES_42756920_42761001_IF130832807" /></respcondition><respcondition title="Response Condition 6"><conditionvar><varequal respident="QUES_42756920_42761001_LID">QUES_42756920_42761001_A130832808</varequal></conditionvar><setvar action="Set">0.000000000</setvar><displayfeedback feedbacktype="Response" linkrefid="QUES_42756920_42761001_IF130832808" /></respcondition><respcondition title="Response Condition 7"><conditionvar><varequal respident="QUES_42756920_42761001_LID">QUES_42756920_42761001_A130832809</varequal></conditionvar><setvar action="Set">0.000000000</setvar><displayfeedback feedbacktype="Response" linkrefid="QUES_42756920_42761001_IF130832809" /></respcondition></resprocessing><itemfeedback ident="QUES_42756920_42761001_IF130832803"><material><mattext texttype="text/plain" /></material></itemfeedback><itemfeedback ident="QUES_42756920_42761001_IF130832804"><material><mattext texttype="text/plain" /></material></itemfeedback><itemfeedback ident="QUES_42756920_42761001_IF130832805"><material><mattext texttype="text/plain" /></material></itemfeedback><itemfeedback ident="QUES_42756920_42761001_IF130832806"><material><mattext texttype="text/plain" /></material></itemfeedback><itemfeedback ident="QUES_42756920_42761001_IF130832807"><material><mattext texttype="text/plain" /></material></itemfeedback><itemfeedback ident="QUES_42756920_42761001_IF130832808"><material><mattext texttype="text/plain" /></material></itemfeedback><itemfeedback ident="QUES_42756920_42761001_IF130832809"><material><mattext texttype="text/plain" /></material></itemfeedback></item></section></assessment></questestinterop>