﻿<?xml version="1.0" encoding="UTF-8"?><questestinterop xmlns:d2l_2p0="http://desire2learn.com/xsd/d2lcp_v2p0"><assessment d2l_2p0:id="487" title="Limit Laws PreVideo Questions" ident="res_quiz_122442" d2l_2p0:resource_code="ef9e56cc46d3486a98963923-167"><rubric><flow_mat><material><mattext d2l_2p0:isdisplayed="no" texttype="text/html" /></material></flow_mat></rubric><assessmentcontrol hintswitch="no" solutionswitch="yes" feedbackswitch="no" /><presentation_material><flow_mat><material label="page header"><mattext d2l_2p0:isdisplayed="no" texttype="text/html" /></material><material label="page footer"><mattext d2l_2p0:isdisplayed="no" texttype="text/html" /></material></flow_mat></presentation_material><assess_procextension><d2l_2p0:intro_message d2l_2p0:isdisplayed="no" texttype="text/html" /><d2l_2p0:disable_right_click>no</d2l_2p0:disable_right_click><d2l_2p0:disable_pager_access>no</d2l_2p0:disable_pager_access><is_active>yes</is_active><d2l_2p0:date_start /><d2l_2p0:date_end /><d2l_2p0:date_due /><d2l_2p0:has_schedule_event>no</d2l_2p0:has_schedule_event><d2l_2p0:is_attempt_Rldb>no</d2l_2p0:is_attempt_Rldb><d2l_2p0:is_subview_Rldb>no</d2l_2p0:is_subview_Rldb><d2l_2p0:time_limit>120</d2l_2p0:time_limit><d2l_2p0:show_clock>yes</d2l_2p0:show_clock><d2l_2p0:enforce_time_limit>yes</d2l_2p0:enforce_time_limit><d2l_2p0:grace_period>5</d2l_2p0:grace_period><d2l_2p0:late_limit>0</d2l_2p0:late_limit><d2l_2p0:attempts_allowed>3</d2l_2p0:attempts_allowed><d2l_2p0:attempt_restrictions /><d2l_2p0:mark_calculation_type>1</d2l_2p0:mark_calculation_type><d2l_2p0:is_forward_only>no</d2l_2p0:is_forward_only></assess_procextension><assessfeedback title=""><rubric><flow_mat><material><mattext texttype="yes">Your quiz has been submitted successfully.</mattext></material></flow_mat></rubric><d2l_2p0:duration>0</d2l_2p0:duration><d2l_2p0:response_display_type_id>1</d2l_2p0:response_display_type_id><d2l_2p0:show_correct_answers>no</d2l_2p0:show_correct_answers><d2l_2p0:submission_restrictip>no</d2l_2p0:submission_restrictip><d2l_2p0:show_class_average>no</d2l_2p0:show_class_average><d2l_2p0:show_score_distribution>no</d2l_2p0:show_score_distribution></assessfeedback><section ident="CONTAINER_SECTION"><item ident="OBJ_1651270" label="QUES_42757077_42761158" d2l_2p0:page="1"><itemmetadata><qtimetadata><qti_metadatafield><fieldlabel>qmd_computerscored</fieldlabel><fieldentry>yes</fieldentry></qti_metadatafield><qti_metadatafield><fieldlabel>qmd_questiontype</fieldlabel><fieldentry>Multiple Choice</fieldentry></qti_metadatafield><qti_metadatafield><fieldlabel>qmd_weighting</fieldlabel><fieldentry>1.000000000</fieldentry></qti_metadatafield><qti_metadatafield><fieldlabel>qmd_globalid</fieldlabel><fieldentry>51c3cd1b-8625-47e9-973e-3cd34dbb5621</fieldentry></qti_metadatafield><qti_metadatafield><fieldlabel>qmd_displayid</fieldlabel><fieldentry>Sample Course-74276</fieldentry></qti_metadatafield></qtimetadata></itemmetadata><itemproc_extension><d2l_2p0:difficulty>3</d2l_2p0:difficulty><d2l_2p0:isbonus>no</d2l_2p0:isbonus><d2l_2p0:ismandatory>yes</d2l_2p0:ismandatory></itemproc_extension><presentation><flow><material><mattext texttype="text/html">&lt;p&gt;Evaluate the following limit:&amp;nbsp;&lt;img align="middle" alt="limit as x rightwards arrow 5 of 7 equals" class="Wirisformula" data-mathml="«math xmlns=¨http://www.w3.org/1998/Math/MathML¨»«munder»«mi»lim«/mi»«mrow»«mi»x«/mi»«mo»§#8594;«/mo»«mn»5«/mn»«/mrow»«/munder»«mn»7«/mn»«mo»=«/mo»«/math»" src="csfiles/home_dir/Math Images/883c3ba6a060c4fe58e4a35fc7d67b17.png"&gt;&lt;/p&gt;</mattext></material><response_extension><d2l_2p0:display_style>2</d2l_2p0:display_style><d2l_2p0:enumeration>6</d2l_2p0:enumeration><d2l_2p0:grading_type>0</d2l_2p0:grading_type></response_extension><response_lid ident="QUES_42757077_42761158_LID" rcardinality="Single"><render_choice shuffle="no"><flow_label class="Block"><response_label ident="QUES_42757077_42761158_A130833714"><flow_mat><material><mattext texttype="text/html">&lt;p&gt;0&lt;/p&gt;</mattext></material></flow_mat></response_label></flow_label><flow_label class="Block"><response_label ident="QUES_42757077_42761158_A130833715"><flow_mat><material><mattext texttype="text/html">&lt;p&gt;5&lt;/p&gt;</mattext></material></flow_mat></response_label></flow_label><flow_label class="Block"><response_label ident="QUES_42757077_42761158_A130833716"><flow_mat><material><mattext texttype="text/html">&lt;p&gt;7&lt;/p&gt;</mattext></material></flow_mat></response_label></flow_label><flow_label class="Block"><response_label ident="QUES_42757077_42761158_A130833717"><flow_mat><material><mattext texttype="text/html">&lt;p&gt;&lt;img align="middle" alt="x" class="Wirisformula" data-mathml="«math xmlns=¨http://www.w3.org/1998/Math/MathML¨»«mi»x«/mi»«/math»" src="csfiles/home_dir/Math Images/0906011f3a5875232c2aad39e52caca7.png"&gt;&lt;/p&gt;</mattext></material></flow_mat></response_label></flow_label><flow_label class="Block"><response_label ident="QUES_42757077_42761158_A130833718"><flow_mat><material><mattext texttype="text/html">&lt;p&gt;The limit does not exist.&lt;/p&gt;</mattext></material></flow_mat></response_label></flow_label></render_choice></response_lid></flow></presentation><resprocessing><respcondition title="Response Condition 1"><conditionvar><varequal respident="QUES_42757077_42761158_LID">QUES_42757077_42761158_A130833714</varequal></conditionvar><setvar action="Set">0.000000000</setvar><displayfeedback feedbacktype="Response" linkrefid="QUES_42757077_42761158_IF130833714" /></respcondition><respcondition title="Response Condition 2"><conditionvar><varequal respident="QUES_42757077_42761158_LID">QUES_42757077_42761158_A130833715</varequal></conditionvar><setvar action="Set">0.000000000</setvar><displayfeedback feedbacktype="Response" linkrefid="QUES_42757077_42761158_IF130833715" /></respcondition><respcondition title="Response Condition 3"><conditionvar><varequal respident="QUES_42757077_42761158_LID">QUES_42757077_42761158_A130833716</varequal></conditionvar><setvar action="Set">100.000000000</setvar><displayfeedback feedbacktype="Response" linkrefid="QUES_42757077_42761158_IF130833716" /></respcondition><respcondition title="Response Condition 4"><conditionvar><varequal respident="QUES_42757077_42761158_LID">QUES_42757077_42761158_A130833717</varequal></conditionvar><setvar action="Set">0.000000000</setvar><displayfeedback feedbacktype="Response" linkrefid="QUES_42757077_42761158_IF130833717" /></respcondition><respcondition title="Response Condition 5"><conditionvar><varequal respident="QUES_42757077_42761158_LID">QUES_42757077_42761158_A130833718</varequal></conditionvar><setvar action="Set">0.000000000</setvar><displayfeedback feedbacktype="Response" linkrefid="QUES_42757077_42761158_IF130833718" /></respcondition></resprocessing><itemfeedback ident="QUES_42757077_42761158_IF130833714"><material><mattext texttype="text/plain" /></material></itemfeedback><itemfeedback ident="QUES_42757077_42761158_IF130833715"><material><mattext texttype="text/plain" /></material></itemfeedback><itemfeedback ident="QUES_42757077_42761158_IF130833716"><material><mattext texttype="text/plain" /></material></itemfeedback><itemfeedback ident="QUES_42757077_42761158_IF130833717"><material><mattext texttype="text/plain" /></material></itemfeedback><itemfeedback ident="QUES_42757077_42761158_IF130833718"><material><mattext texttype="text/plain" /></material></itemfeedback></item><item ident="OBJ_1651271" label="QUES_42757078_42761159" d2l_2p0:page="1"><itemmetadata><qtimetadata><qti_metadatafield><fieldlabel>qmd_computerscored</fieldlabel><fieldentry>yes</fieldentry></qti_metadatafield><qti_metadatafield><fieldlabel>qmd_questiontype</fieldlabel><fieldentry>Multiple Choice</fieldentry></qti_metadatafield><qti_metadatafield><fieldlabel>qmd_weighting</fieldlabel><fieldentry>1.000000000</fieldentry></qti_metadatafield><qti_metadatafield><fieldlabel>qmd_globalid</fieldlabel><fieldentry>993ff8b2-8965-4d16-9eaa-90406f4961eb</fieldentry></qti_metadatafield><qti_metadatafield><fieldlabel>qmd_displayid</fieldlabel><fieldentry>Sample Course-74277</fieldentry></qti_metadatafield></qtimetadata></itemmetadata><itemproc_extension><d2l_2p0:difficulty>3</d2l_2p0:difficulty><d2l_2p0:isbonus>no</d2l_2p0:isbonus><d2l_2p0:ismandatory>yes</d2l_2p0:ismandatory></itemproc_extension><presentation><flow><material><mattext texttype="text/html">&lt;p&gt;Evaluate the following limit:&amp;nbsp;&lt;img align="middle" alt="limit as x rightwards arrow negative 2 of open parentheses x squared minus 2 x close parentheses equals" class="Wirisformula" data-mathml="«math xmlns=¨http://www.w3.org/1998/Math/MathML¨»«munder»«mi»lim«/mi»«mrow»«mi»x«/mi»«mo»§#8594;«/mo»«mo»-«/mo»«mn»2«/mn»«/mrow»«/munder»«mfenced»«mrow»«msup»«mi»x«/mi»«mn»2«/mn»«/msup»«mo»-«/mo»«mn»2«/mn»«mi»x«/mi»«/mrow»«/mfenced»«mo»=«/mo»«/math»" src="csfiles/home_dir/Math Images/9dc2e2e242920239f187f94e064b37f1.png"&gt;&lt;/p&gt;</mattext></material><response_extension><d2l_2p0:display_style>2</d2l_2p0:display_style><d2l_2p0:enumeration>6</d2l_2p0:enumeration><d2l_2p0:grading_type>0</d2l_2p0:grading_type></response_extension><response_lid ident="QUES_42757078_42761159_LID" rcardinality="Single"><render_choice shuffle="no"><flow_label class="Block"><response_label ident="QUES_42757078_42761159_A130833719"><flow_mat><material><mattext texttype="text/html">&lt;p&gt;-8&lt;/p&gt;</mattext></material></flow_mat></response_label></flow_label><flow_label class="Block"><response_label ident="QUES_42757078_42761159_A130833720"><flow_mat><material><mattext texttype="text/html">&lt;p&gt;-2&lt;/p&gt;</mattext></material></flow_mat></response_label></flow_label><flow_label class="Block"><response_label ident="QUES_42757078_42761159_A130833721"><flow_mat><material><mattext texttype="text/html">&lt;p&gt;0&lt;/p&gt;</mattext></material></flow_mat></response_label></flow_label><flow_label class="Block"><response_label ident="QUES_42757078_42761159_A130833722"><flow_mat><material><mattext texttype="text/html">&lt;p&gt;8&lt;/p&gt;</mattext></material></flow_mat></response_label></flow_label><flow_label class="Block"><response_label ident="QUES_42757078_42761159_A130833723"><flow_mat><material><mattext texttype="text/html">&lt;p&gt;12&lt;/p&gt;</mattext></material></flow_mat></response_label></flow_label><flow_label class="Block"><response_label ident="QUES_42757078_42761159_A130833724"><flow_mat><material><mattext texttype="text/html">&lt;p&gt;&lt;img align="middle" alt="x" class="Wirisformula" data-mathml="«math xmlns=¨http://www.w3.org/1998/Math/MathML¨»«mi»x«/mi»«/math»" src="csfiles/home_dir/Math Images/0906011f3a5875232c2aad39e52caca7(1).png"&gt;&lt;/p&gt;</mattext></material></flow_mat></response_label></flow_label><flow_label class="Block"><response_label ident="QUES_42757078_42761159_A130833725"><flow_mat><material><mattext texttype="text/html">&lt;p&gt;&lt;img align="middle" alt="x squared minus 2 x" class="Wirisformula" data-mathml="«math xmlns=¨http://www.w3.org/1998/Math/MathML¨»«msup»«mi»x«/mi»«mn»2«/mn»«/msup»«mo»-«/mo»«mn»2«/mn»«mi»x«/mi»«/math»" src="csfiles/home_dir/Math Images/1e4435773bce00763d98ba14d1480d47.png"&gt;&lt;/p&gt;</mattext></material></flow_mat></response_label></flow_label><flow_label class="Block"><response_label ident="QUES_42757078_42761159_A130833726"><flow_mat><material><mattext texttype="text/html">&lt;p&gt;The limit does not exist.&lt;/p&gt;</mattext></material></flow_mat></response_label></flow_label></render_choice></response_lid></flow></presentation><resprocessing><respcondition title="Response Condition 1"><conditionvar><varequal respident="QUES_42757078_42761159_LID">QUES_42757078_42761159_A130833719</varequal></conditionvar><setvar action="Set">0.000000000</setvar><displayfeedback feedbacktype="Response" linkrefid="QUES_42757078_42761159_IF130833719" /></respcondition><respcondition title="Response Condition 2"><conditionvar><varequal respident="QUES_42757078_42761159_LID">QUES_42757078_42761159_A130833720</varequal></conditionvar><setvar action="Set">0.000000000</setvar><displayfeedback feedbacktype="Response" linkrefid="QUES_42757078_42761159_IF130833720" /></respcondition><respcondition title="Response Condition 3"><conditionvar><varequal respident="QUES_42757078_42761159_LID">QUES_42757078_42761159_A130833721</varequal></conditionvar><setvar action="Set">0.000000000</setvar><displayfeedback feedbacktype="Response" linkrefid="QUES_42757078_42761159_IF130833721" /></respcondition><respcondition title="Response Condition 4"><conditionvar><varequal respident="QUES_42757078_42761159_LID">QUES_42757078_42761159_A130833722</varequal></conditionvar><setvar action="Set">100.000000000</setvar><displayfeedback feedbacktype="Response" linkrefid="QUES_42757078_42761159_IF130833722" /></respcondition><respcondition title="Response Condition 5"><conditionvar><varequal respident="QUES_42757078_42761159_LID">QUES_42757078_42761159_A130833723</varequal></conditionvar><setvar action="Set">0.000000000</setvar><displayfeedback feedbacktype="Response" linkrefid="QUES_42757078_42761159_IF130833723" /></respcondition><respcondition title="Response Condition 6"><conditionvar><varequal respident="QUES_42757078_42761159_LID">QUES_42757078_42761159_A130833724</varequal></conditionvar><setvar action="Set">0.000000000</setvar><displayfeedback feedbacktype="Response" linkrefid="QUES_42757078_42761159_IF130833724" /></respcondition><respcondition title="Response Condition 7"><conditionvar><varequal respident="QUES_42757078_42761159_LID">QUES_42757078_42761159_A130833725</varequal></conditionvar><setvar action="Set">0.000000000</setvar><displayfeedback feedbacktype="Response" linkrefid="QUES_42757078_42761159_IF130833725" /></respcondition><respcondition title="Response Condition 8"><conditionvar><varequal respident="QUES_42757078_42761159_LID">QUES_42757078_42761159_A130833726</varequal></conditionvar><setvar action="Set">0.000000000</setvar><displayfeedback feedbacktype="Response" linkrefid="QUES_42757078_42761159_IF130833726" /></respcondition></resprocessing><itemfeedback ident="QUES_42757078_42761159_IF130833719"><material><mattext texttype="text/plain" /></material></itemfeedback><itemfeedback ident="QUES_42757078_42761159_IF130833720"><material><mattext texttype="text/plain" /></material></itemfeedback><itemfeedback ident="QUES_42757078_42761159_IF130833721"><material><mattext texttype="text/plain" /></material></itemfeedback><itemfeedback ident="QUES_42757078_42761159_IF130833722"><material><mattext texttype="text/plain" /></material></itemfeedback><itemfeedback ident="QUES_42757078_42761159_IF130833723"><material><mattext texttype="text/plain" /></material></itemfeedback><itemfeedback ident="QUES_42757078_42761159_IF130833724"><material><mattext texttype="text/plain" /></material></itemfeedback><itemfeedback ident="QUES_42757078_42761159_IF130833725"><material><mattext texttype="text/plain" /></material></itemfeedback><itemfeedback ident="QUES_42757078_42761159_IF130833726"><material><mattext texttype="text/plain" /></material></itemfeedback></item><item ident="OBJ_1651272" label="QUES_42757079_42761160" d2l_2p0:page="1"><itemmetadata><qtimetadata><qti_metadatafield><fieldlabel>qmd_computerscored</fieldlabel><fieldentry>yes</fieldentry></qti_metadatafield><qti_metadatafield><fieldlabel>qmd_questiontype</fieldlabel><fieldentry>Multiple Choice</fieldentry></qti_metadatafield><qti_metadatafield><fieldlabel>qmd_weighting</fieldlabel><fieldentry>1.000000000</fieldentry></qti_metadatafield><qti_metadatafield><fieldlabel>qmd_globalid</fieldlabel><fieldentry>b556c8ee-abe1-482a-9ee6-f3a79f610a7b</fieldentry></qti_metadatafield><qti_metadatafield><fieldlabel>qmd_displayid</fieldlabel><fieldentry>Sample Course-74278</fieldentry></qti_metadatafield></qtimetadata></itemmetadata><itemproc_extension><d2l_2p0:difficulty>3</d2l_2p0:difficulty><d2l_2p0:isbonus>no</d2l_2p0:isbonus><d2l_2p0:ismandatory>yes</d2l_2p0:ismandatory></itemproc_extension><presentation><flow><material><mattext texttype="text/html">&lt;p&gt;Evaluate the following limit:&amp;nbsp;&lt;img align="middle" alt="limit as x rightwards arrow 4 of fraction numerator x squared minus 2 x over denominator x minus 4 end fraction equals" class="Wirisformula" data-mathml="«math xmlns=¨http://www.w3.org/1998/Math/MathML¨»«munder»«mi»lim«/mi»«mrow»«mi»x«/mi»«mo»§#8594;«/mo»«mn»4«/mn»«/mrow»«/munder»«mfrac»«mrow»«msup»«mi»x«/mi»«mn»2«/mn»«/msup»«mo»-«/mo»«mn»2«/mn»«mi»x«/mi»«/mrow»«mrow»«mi»x«/mi»«mo»-«/mo»«mn»4«/mn»«/mrow»«/mfrac»«mo»=«/mo»«/math»" src="csfiles/home_dir/Math Images/da483b57d2cc6ff98f6e0bf169453da9.png"&gt;&lt;/p&gt;</mattext></material><response_extension><d2l_2p0:display_style>2</d2l_2p0:display_style><d2l_2p0:enumeration>6</d2l_2p0:enumeration><d2l_2p0:grading_type>0</d2l_2p0:grading_type></response_extension><response_lid ident="QUES_42757079_42761160_LID" rcardinality="Single"><render_choice shuffle="no"><flow_label class="Block"><response_label ident="QUES_42757079_42761160_A130833727"><flow_mat><material><mattext texttype="text/html">&lt;p&gt;0&lt;/p&gt;</mattext></material></flow_mat></response_label></flow_label><flow_label class="Block"><response_label ident="QUES_42757079_42761160_A130833728"><flow_mat><material><mattext texttype="text/html">&lt;p&gt;4&lt;/p&gt;</mattext></material></flow_mat></response_label></flow_label><flow_label class="Block"><response_label ident="QUES_42757079_42761160_A130833729"><flow_mat><material><mattext texttype="text/html">&lt;p&gt;8&lt;/p&gt;</mattext></material></flow_mat></response_label></flow_label><flow_label class="Block"><response_label ident="QUES_42757079_42761160_A130833730"><flow_mat><material><mattext texttype="text/html">&lt;p&gt;&lt;img align="middle" alt="x" class="Wirisformula" data-mathml="«math xmlns=¨http://www.w3.org/1998/Math/MathML¨»«mi»x«/mi»«/math»" src="csfiles/home_dir/Math Images/0906011f3a5875232c2aad39e52caca7(2).png"&gt;&lt;/p&gt;</mattext></material></flow_mat></response_label></flow_label><flow_label class="Block"><response_label ident="QUES_42757079_42761160_A130833731"><flow_mat><material><mattext texttype="text/html">&lt;p&gt;&lt;img align="middle" alt="fraction numerator x squared minus 2 x over denominator x minus 4 end fraction" class="Wirisformula" data-mathml="«math xmlns=¨http://www.w3.org/1998/Math/MathML¨»«mfrac»«mrow»«msup»«mi»x«/mi»«mn»2«/mn»«/msup»«mo»-«/mo»«mn»2«/mn»«mi»x«/mi»«/mrow»«mrow»«mi»x«/mi»«mo»-«/mo»«mn»4«/mn»«/mrow»«/mfrac»«/math»" src="csfiles/home_dir/Math Images/4768e0151aea6c4e23ecb7e14222c8ae(1).png"&gt;&lt;/p&gt;</mattext></material></flow_mat></response_label></flow_label><flow_label class="Block"><response_label ident="QUES_42757079_42761160_A130833732"><flow_mat><material><mattext texttype="text/html">&lt;p&gt;The limit does not exist.&lt;/p&gt;</mattext></material></flow_mat></response_label></flow_label></render_choice></response_lid></flow></presentation><resprocessing><respcondition title="Response Condition 1"><conditionvar><varequal respident="QUES_42757079_42761160_LID">QUES_42757079_42761160_A130833727</varequal></conditionvar><setvar action="Set">0.000000000</setvar><displayfeedback feedbacktype="Response" linkrefid="QUES_42757079_42761160_IF130833727" /></respcondition><respcondition title="Response Condition 2"><conditionvar><varequal respident="QUES_42757079_42761160_LID">QUES_42757079_42761160_A130833728</varequal></conditionvar><setvar action="Set">0.000000000</setvar><displayfeedback feedbacktype="Response" linkrefid="QUES_42757079_42761160_IF130833728" /></respcondition><respcondition title="Response Condition 3"><conditionvar><varequal respident="QUES_42757079_42761160_LID">QUES_42757079_42761160_A130833729</varequal></conditionvar><setvar action="Set">0.000000000</setvar><displayfeedback feedbacktype="Response" linkrefid="QUES_42757079_42761160_IF130833729" /></respcondition><respcondition title="Response Condition 4"><conditionvar><varequal respident="QUES_42757079_42761160_LID">QUES_42757079_42761160_A130833730</varequal></conditionvar><setvar action="Set">0.000000000</setvar><displayfeedback feedbacktype="Response" linkrefid="QUES_42757079_42761160_IF130833730" /></respcondition><respcondition title="Response Condition 5"><conditionvar><varequal respident="QUES_42757079_42761160_LID">QUES_42757079_42761160_A130833731</varequal></conditionvar><setvar action="Set">0.000000000</setvar><displayfeedback feedbacktype="Response" linkrefid="QUES_42757079_42761160_IF130833731" /></respcondition><respcondition title="Response Condition 6"><conditionvar><varequal respident="QUES_42757079_42761160_LID">QUES_42757079_42761160_A130833732</varequal></conditionvar><setvar action="Set">100.000000000</setvar><displayfeedback feedbacktype="Response" linkrefid="QUES_42757079_42761160_IF130833732" /></respcondition></resprocessing><itemfeedback ident="QUES_42757079_42761160_IF130833727"><material><mattext texttype="text/plain" /></material></itemfeedback><itemfeedback ident="QUES_42757079_42761160_IF130833728"><material><mattext texttype="text/plain" /></material></itemfeedback><itemfeedback ident="QUES_42757079_42761160_IF130833729"><material><mattext texttype="text/plain" /></material></itemfeedback><itemfeedback ident="QUES_42757079_42761160_IF130833730"><material><mattext texttype="text/plain" /></material></itemfeedback><itemfeedback ident="QUES_42757079_42761160_IF130833731"><material><mattext texttype="text/plain" /></material></itemfeedback><itemfeedback ident="QUES_42757079_42761160_IF130833732"><material><mattext texttype="text/plain" /></material></itemfeedback></item><item ident="OBJ_1651273" label="QUES_42757080_42761161" d2l_2p0:page="1"><itemmetadata><qtimetadata><qti_metadatafield><fieldlabel>qmd_computerscored</fieldlabel><fieldentry>yes</fieldentry></qti_metadatafield><qti_metadatafield><fieldlabel>qmd_questiontype</fieldlabel><fieldentry>Multi-Select</fieldentry></qti_metadatafield><qti_metadatafield><fieldlabel>qmd_weighting</fieldlabel><fieldentry>1.000000000</fieldentry></qti_metadatafield><qti_metadatafield><fieldlabel>qmd_globalid</fieldlabel><fieldentry>053ec3c6-5c4e-4135-9185-52cfd16eeac2</fieldentry></qti_metadatafield><qti_metadatafield><fieldlabel>qmd_displayid</fieldlabel><fieldentry>Sample Course-74279</fieldentry></qti_metadatafield></qtimetadata></itemmetadata><itemproc_extension><d2l_2p0:difficulty>3</d2l_2p0:difficulty><d2l_2p0:isbonus>no</d2l_2p0:isbonus><d2l_2p0:ismandatory>yes</d2l_2p0:ismandatory></itemproc_extension><presentation><flow><material><mattext texttype="text/html">&lt;p&gt;Which limit laws would be used to evaluate the following limit:&amp;nbsp;&lt;img align="middle" alt="limit as x rightwards arrow negative 2 of open parentheses x squared minus 2 x close parentheses" class="Wirisformula" data-mathml="«math xmlns=¨http://www.w3.org/1998/Math/MathML¨»«munder»«mi»lim«/mi»«mrow»«mi»x«/mi»«mo»§#8594;«/mo»«mo»-«/mo»«mn»2«/mn»«/mrow»«/munder»«mfenced»«mrow»«msup»«mi»x«/mi»«mn»2«/mn»«/msup»«mo»-«/mo»«mn»2«/mn»«mi»x«/mi»«/mrow»«/mfenced»«/math»" src="csfiles/home_dir/Math Images/ff925ef80fbcb325766fdc27b1ccb101.png"&gt;&lt;/p&gt;  &lt;p&gt;Select &lt;span style="text-decoration: underline;"&gt;all&lt;/span&gt; that apply.&lt;/p&gt;</mattext></material><response_extension><d2l_2p0:display_style>2</d2l_2p0:display_style><d2l_2p0:enumeration>6</d2l_2p0:enumeration><d2l_2p0:grading_type>0</d2l_2p0:grading_type></response_extension><response_lid ident="QUES_42757080_42761161_LID" rcardinality="Multiple"><render_choice shuffle="no"><flow_label class="Block"><response_label ident="QUES_42757080_42761161_A130833733"><flow_mat><material><mattext texttype="text/html">&lt;p&gt;Constant&lt;/p&gt;</mattext></material></flow_mat></response_label></flow_label><flow_label class="Block"><response_label ident="QUES_42757080_42761161_A130833734"><flow_mat><material><mattext texttype="text/html">&lt;p&gt;Power&lt;/p&gt;</mattext></material></flow_mat></response_label></flow_label><flow_label class="Block"><response_label ident="QUES_42757080_42761161_A130833735"><flow_mat><material><mattext texttype="text/html">&lt;p&gt;Sum/Difference&lt;/p&gt;</mattext></material></flow_mat></response_label></flow_label><flow_label class="Block"><response_label ident="QUES_42757080_42761161_A130833736"><flow_mat><material><mattext texttype="text/html">&lt;p&gt;Product&lt;/p&gt;</mattext></material></flow_mat></response_label></flow_label><flow_label class="Block"><response_label ident="QUES_42757080_42761161_A130833737"><flow_mat><material><mattext texttype="text/html">&lt;p&gt;None of the above&lt;/p&gt;</mattext></material></flow_mat></response_label></flow_label></render_choice></response_lid></flow></presentation><resprocessing><outcomes><decvar vartype="Integer" defaultval="0" /></outcomes><respcondition title="Scoring for the correct answers" continue="yes"><conditionvar><varequal respident="QUES_42757080_42761161_LID">QUES_42757080_42761161_A130833733</varequal><varequal respident="QUES_42757080_42761161_LID">QUES_42757080_42761161_A130833734</varequal><varequal respident="QUES_42757080_42761161_LID">QUES_42757080_42761161_A130833735</varequal><not><varequal respident="QUES_42757080_42761161_LID">QUES_42757080_42761161_A130833736</varequal><varequal respident="QUES_42757080_42761161_LID">QUES_42757080_42761161_A130833737</varequal></not></conditionvar><setvar action="Add">1</setvar></respcondition><respcondition title="Scoring for the incorrect answers" continue="no"><conditionvar><and><not><varequal respident="QUES_42757080_42761161_LID">QUES_42757080_42761161_A130833733</varequal><varequal respident="QUES_42757080_42761161_LID">QUES_42757080_42761161_A130833734</varequal><varequal respident="QUES_42757080_42761161_LID">QUES_42757080_42761161_A130833735</varequal><not><varequal respident="QUES_42757080_42761161_LID">QUES_42757080_42761161_A130833736</varequal><varequal respident="QUES_42757080_42761161_LID">QUES_42757080_42761161_A130833737</varequal></not></not></and></conditionvar><setvar action="Add">0</setvar></respcondition></resprocessing><itemfeedback ident="QUES_42757080_42761161_IF130833733"><material><mattext texttype="text/plain" /></material></itemfeedback><itemfeedback ident="QUES_42757080_42761161_IF130833734"><material><mattext texttype="text/plain" /></material></itemfeedback><itemfeedback ident="QUES_42757080_42761161_IF130833735"><material><mattext texttype="text/plain" /></material></itemfeedback><itemfeedback ident="QUES_42757080_42761161_IF130833736"><material><mattext texttype="text/plain" /></material></itemfeedback><itemfeedback ident="QUES_42757080_42761161_IF130833737"><material><mattext texttype="text/plain" /></material></itemfeedback></item><item ident="OBJ_1651274" label="QUES_42757081_42761162" d2l_2p0:page="1"><itemmetadata><qtimetadata><qti_metadatafield><fieldlabel>qmd_computerscored</fieldlabel><fieldentry>yes</fieldentry></qti_metadatafield><qti_metadatafield><fieldlabel>qmd_questiontype</fieldlabel><fieldentry>Multiple Choice</fieldentry></qti_metadatafield><qti_metadatafield><fieldlabel>qmd_weighting</fieldlabel><fieldentry>1.000000000</fieldentry></qti_metadatafield><qti_metadatafield><fieldlabel>qmd_globalid</fieldlabel><fieldentry>93d634ed-86c7-4010-a584-f3df43381476</fieldentry></qti_metadatafield><qti_metadatafield><fieldlabel>qmd_displayid</fieldlabel><fieldentry>Sample Course-74280</fieldentry></qti_metadatafield></qtimetadata></itemmetadata><itemproc_extension><d2l_2p0:difficulty>3</d2l_2p0:difficulty><d2l_2p0:isbonus>no</d2l_2p0:isbonus><d2l_2p0:ismandatory>yes</d2l_2p0:ismandatory></itemproc_extension><presentation><flow><material><mattext texttype="text/html">&lt;p&gt;If&amp;nbsp;&lt;img align="middle" alt="limit as x rightwards arrow 2 of f left parenthesis x right parenthesis equals 5" class="Wirisformula" data-mathml="«math xmlns=¨http://www.w3.org/1998/Math/MathML¨»«munder»«mi»lim«/mi»«mrow»«mi»x«/mi»«mo»§#8594;«/mo»«mn»2«/mn»«/mrow»«/munder»«mi»f«/mi»«mo»(«/mo»«mi»x«/mi»«mo»)«/mo»«mo»=«/mo»«mn»5«/mn»«/math»" src="csfiles/home_dir/Math Images/c13f556ebd3da0edb381e6d88709f3fe.png"&gt;&amp;nbsp;and&amp;nbsp;&lt;img align="middle" alt="limit as x rightwards arrow negative 2 of g left parenthesis x right parenthesis equals 6" class="Wirisformula" data-mathml="«math xmlns=¨http://www.w3.org/1998/Math/MathML¨»«munder»«mi»lim«/mi»«mrow»«mi»x«/mi»«mo»§#8594;«/mo»«mo»-«/mo»«mn»2«/mn»«/mrow»«/munder»«mi»g«/mi»«mo»(«/mo»«mi»x«/mi»«mo»)«/mo»«mo»=«/mo»«mn»6«/mn»«/math»" src="csfiles/home_dir/Math Images/6a783b6a942b7067721be97aa317b729.png"&gt;, what can you say about&amp;nbsp;&lt;img align="middle" alt="stack l i m with x rightwards arrow 2 below open square brackets f open parentheses x close parentheses plus g open parentheses x close parentheses close square brackets" class="Wirisformula" data-mathml="«math xmlns=¨http://www.w3.org/1998/Math/MathML¨»«munder»«mrow»«mi»l«/mi»«mi»i«/mi»«mi»m«/mi»«/mrow»«mrow»«mi»x«/mi»«mo»§#8594;«/mo»«mn»2«/mn»«/mrow»«/munder»«mfenced open=¨[¨ close=¨]¨»«mrow»«mi»f«/mi»«mfenced»«mi»x«/mi»«/mfenced»«mo»+«/mo»«mi»g«/mi»«mfenced»«mi»x«/mi»«/mfenced»«/mrow»«/mfenced»«/math»" src="csfiles/home_dir/Math Images/496be58f85aaaad52dd31770c5771ae0.png"&gt;?&lt;/p&gt;</mattext></material><response_extension><d2l_2p0:display_style>2</d2l_2p0:display_style><d2l_2p0:enumeration>6</d2l_2p0:enumeration><d2l_2p0:grading_type>0</d2l_2p0:grading_type></response_extension><response_lid ident="QUES_42757081_42761162_LID" rcardinality="Single"><render_choice shuffle="no"><flow_label class="Block"><response_label ident="QUES_42757081_42761162_A130833738"><flow_mat><material><mattext texttype="text/html">&lt;p&gt;It is equal to -2&lt;/p&gt;</mattext></material></flow_mat></response_label></flow_label><flow_label class="Block"><response_label ident="QUES_42757081_42761162_A130833739"><flow_mat><material><mattext texttype="text/html">&lt;p&gt;It is equal to 1&lt;/p&gt;</mattext></material></flow_mat></response_label></flow_label><flow_label class="Block"><response_label ident="QUES_42757081_42761162_A130833740"><flow_mat><material><mattext texttype="text/html">&lt;p&gt;It is equal to 2&lt;/p&gt;</mattext></material></flow_mat></response_label></flow_label><flow_label class="Block"><response_label ident="QUES_42757081_42761162_A130833741"><flow_mat><material><mattext texttype="text/html">&lt;p&gt;It is equal to 5&lt;/p&gt;</mattext></material></flow_mat></response_label></flow_label><flow_label class="Block"><response_label ident="QUES_42757081_42761162_A130833742"><flow_mat><material><mattext texttype="text/html">&lt;p&gt;It is equal to 6&lt;/p&gt;</mattext></material></flow_mat></response_label></flow_label><flow_label class="Block"><response_label ident="QUES_42757081_42761162_A130833743"><flow_mat><material><mattext texttype="text/html">&lt;p&gt;It is equal to 11&lt;/p&gt;</mattext></material></flow_mat></response_label></flow_label><flow_label class="Block"><response_label ident="QUES_42757081_42761162_A130833744"><flow_mat><material><mattext texttype="text/html">&lt;p&gt;There is not enough information provided&lt;/p&gt;</mattext></material></flow_mat></response_label></flow_label></render_choice></response_lid></flow></presentation><resprocessing><respcondition title="Response Condition 1"><conditionvar><varequal respident="QUES_42757081_42761162_LID">QUES_42757081_42761162_A130833738</varequal></conditionvar><setvar action="Set">0.000000000</setvar><displayfeedback feedbacktype="Response" linkrefid="QUES_42757081_42761162_IF130833738" /></respcondition><respcondition title="Response Condition 2"><conditionvar><varequal respident="QUES_42757081_42761162_LID">QUES_42757081_42761162_A130833739</varequal></conditionvar><setvar action="Set">0.000000000</setvar><displayfeedback feedbacktype="Response" linkrefid="QUES_42757081_42761162_IF130833739" /></respcondition><respcondition title="Response Condition 3"><conditionvar><varequal respident="QUES_42757081_42761162_LID">QUES_42757081_42761162_A130833740</varequal></conditionvar><setvar action="Set">0.000000000</setvar><displayfeedback feedbacktype="Response" linkrefid="QUES_42757081_42761162_IF130833740" /></respcondition><respcondition title="Response Condition 4"><conditionvar><varequal respident="QUES_42757081_42761162_LID">QUES_42757081_42761162_A130833741</varequal></conditionvar><setvar action="Set">0.000000000</setvar><displayfeedback feedbacktype="Response" linkrefid="QUES_42757081_42761162_IF130833741" /></respcondition><respcondition title="Response Condition 5"><conditionvar><varequal respident="QUES_42757081_42761162_LID">QUES_42757081_42761162_A130833742</varequal></conditionvar><setvar action="Set">0.000000000</setvar><displayfeedback feedbacktype="Response" linkrefid="QUES_42757081_42761162_IF130833742" /></respcondition><respcondition title="Response Condition 6"><conditionvar><varequal respident="QUES_42757081_42761162_LID">QUES_42757081_42761162_A130833743</varequal></conditionvar><setvar action="Set">0.000000000</setvar><displayfeedback feedbacktype="Response" linkrefid="QUES_42757081_42761162_IF130833743" /></respcondition><respcondition title="Response Condition 7"><conditionvar><varequal respident="QUES_42757081_42761162_LID">QUES_42757081_42761162_A130833744</varequal></conditionvar><setvar action="Set">100.000000000</setvar><displayfeedback feedbacktype="Response" linkrefid="QUES_42757081_42761162_IF130833744" /></respcondition></resprocessing><itemfeedback ident="QUES_42757081_42761162_IF130833738"><material><mattext texttype="text/plain" /></material></itemfeedback><itemfeedback ident="QUES_42757081_42761162_IF130833739"><material><mattext texttype="text/plain" /></material></itemfeedback><itemfeedback ident="QUES_42757081_42761162_IF130833740"><material><mattext texttype="text/plain" /></material></itemfeedback><itemfeedback ident="QUES_42757081_42761162_IF130833741"><material><mattext texttype="text/plain" /></material></itemfeedback><itemfeedback ident="QUES_42757081_42761162_IF130833742"><material><mattext texttype="text/plain" /></material></itemfeedback><itemfeedback ident="QUES_42757081_42761162_IF130833743"><material><mattext texttype="text/plain" /></material></itemfeedback><itemfeedback ident="QUES_42757081_42761162_IF130833744"><material><mattext texttype="text/plain" /></material></itemfeedback></item></section></assessment></questestinterop>