﻿<?xml version="1.0" encoding="UTF-8"?><questestinterop xmlns:d2l_2p0="http://desire2learn.com/xsd/d2lcp_v2p0"><assessment d2l_2p0:id="478" title="Interpreting Derivatives PreVideo Questions" ident="res_quiz_122433" d2l_2p0:resource_code="ef9e56cc46d3486a98963923-158"><rubric><flow_mat><material><mattext d2l_2p0:isdisplayed="no" texttype="text/html" /></material></flow_mat></rubric><assessmentcontrol hintswitch="no" solutionswitch="yes" feedbackswitch="no" /><presentation_material><flow_mat><material label="page header"><mattext d2l_2p0:isdisplayed="no" texttype="text/html" /></material><material label="page footer"><mattext d2l_2p0:isdisplayed="no" texttype="text/html" /></material></flow_mat></presentation_material><assess_procextension><d2l_2p0:intro_message d2l_2p0:isdisplayed="yes" texttype="text/html">Respondus</d2l_2p0:intro_message><d2l_2p0:disable_right_click>no</d2l_2p0:disable_right_click><d2l_2p0:disable_pager_access>no</d2l_2p0:disable_pager_access><is_active>yes</is_active><d2l_2p0:date_start /><d2l_2p0:date_end /><d2l_2p0:date_due /><d2l_2p0:has_schedule_event>no</d2l_2p0:has_schedule_event><d2l_2p0:is_attempt_Rldb>no</d2l_2p0:is_attempt_Rldb><d2l_2p0:is_subview_Rldb>no</d2l_2p0:is_subview_Rldb><d2l_2p0:time_limit>120</d2l_2p0:time_limit><d2l_2p0:show_clock>yes</d2l_2p0:show_clock><d2l_2p0:enforce_time_limit>yes</d2l_2p0:enforce_time_limit><d2l_2p0:grace_period>5</d2l_2p0:grace_period><d2l_2p0:late_limit>0</d2l_2p0:late_limit><d2l_2p0:attempts_allowed>3</d2l_2p0:attempts_allowed><d2l_2p0:attempt_restrictions /><d2l_2p0:mark_calculation_type>1</d2l_2p0:mark_calculation_type><d2l_2p0:is_forward_only>no</d2l_2p0:is_forward_only></assess_procextension><assessfeedback title=""><rubric><flow_mat><material><mattext texttype="yes">Your quiz has been submitted successfully.</mattext></material></flow_mat></rubric><d2l_2p0:duration>0</d2l_2p0:duration><d2l_2p0:response_display_type_id>1</d2l_2p0:response_display_type_id><d2l_2p0:show_correct_answers>no</d2l_2p0:show_correct_answers><d2l_2p0:submission_restrictip>no</d2l_2p0:submission_restrictip><d2l_2p0:show_class_average>no</d2l_2p0:show_class_average><d2l_2p0:show_score_distribution>no</d2l_2p0:show_score_distribution></assessfeedback><section ident="CONTAINER_SECTION"><item ident="OBJ_1651251" label="QUES_42757058_42761139" d2l_2p0:page="1"><itemmetadata><qtimetadata><qti_metadatafield><fieldlabel>qmd_computerscored</fieldlabel><fieldentry>yes</fieldentry></qti_metadatafield><qti_metadatafield><fieldlabel>qmd_questiontype</fieldlabel><fieldentry>Multiple Choice</fieldentry></qti_metadatafield><qti_metadatafield><fieldlabel>qmd_weighting</fieldlabel><fieldentry>1.000000000</fieldentry></qti_metadatafield><qti_metadatafield><fieldlabel>qmd_globalid</fieldlabel><fieldentry>c4bdbf01-d565-4522-a6e8-286aab233b9a</fieldentry></qti_metadatafield><qti_metadatafield><fieldlabel>qmd_displayid</fieldlabel><fieldentry>Sample Course-74257</fieldentry></qti_metadatafield></qtimetadata></itemmetadata><itemproc_extension><d2l_2p0:difficulty>3</d2l_2p0:difficulty><d2l_2p0:isbonus>no</d2l_2p0:isbonus><d2l_2p0:ismandatory>yes</d2l_2p0:ismandatory></itemproc_extension><presentation><flow><material><mattext texttype="text/html">&lt;!--RsQ_001--&gt;&lt;span style="font-family:'Arial';"&gt;The function &lt;/span&gt;&lt;span style="font-family:'Arial'; color:#000000;"&gt;&lt;IMG src="ppg/respondus/Interpreting_Derivatives_Pre_BB_Test/eq_22ea1d.gif" alt="equation" border=0 align="absmiddle"&gt;&lt;/span&gt;&lt;span style="font-family:'Arial';"&gt; goves the value of a particular baseball card in dollars where &lt;/span&gt;&lt;span style="font-family:'Arial'; color:#000000;"&gt;&lt;IMG src="ppg/respondus/Interpreting_Derivatives_Pre_BB_Test/eq_22ea33.gif" alt="equation" border=0 align="absmiddle"&gt;&lt;/span&gt;&lt;span style="font-family:'Arial';"&gt; is the number of years since the card was purchased. It turns out that &lt;/span&gt;&lt;span style="font-family:'Arial'; color:#000000;"&gt;&lt;IMG src="ppg/respondus/Interpreting_Derivatives_Pre_BB_Test/eq_22ea42.gif" alt="equation" border=0 align="absmiddle"&gt;&lt;/span&gt;&lt;span style="font-family:'Arial';"&gt;. Which statement best explains the meaning of &lt;/span&gt;&lt;span style="font-family:'Arial'; color:#000000;"&gt;&lt;IMG src="ppg/respondus/Interpreting_Derivatives_Pre_BB_Test/eq_22eacb.gif" alt="equation" border=0 align="absmiddle"&gt;&lt;/span&gt;&lt;span style="font-family:'Arial';"&gt;. &lt;/span&gt;</mattext></material><response_extension><d2l_2p0:display_style>2</d2l_2p0:display_style><d2l_2p0:enumeration>6</d2l_2p0:enumeration><d2l_2p0:grading_type>0</d2l_2p0:grading_type></response_extension><response_lid ident="QUES_42757058_42761139_LID" rcardinality="Single"><render_choice shuffle="no"><flow_label class="Block"><response_label ident="QUES_42757058_42761139_A130833592"><flow_mat><material><mattext texttype="text/html">&lt;span style="font-family:'Arial';"&gt;Three years after purchase, the card's value is $5. &lt;/span&gt;</mattext></material></flow_mat></response_label></flow_label><flow_label class="Block"><response_label ident="QUES_42757058_42761139_A130833593"><flow_mat><material><mattext texttype="text/html">&lt;span style="font-family:'Arial';"&gt;Over the three years after it was purchased, the card's value increased by $5 every year.&lt;/span&gt;</mattext></material></flow_mat></response_label></flow_label><flow_label class="Block"><response_label ident="QUES_42757058_42761139_A130833594"><flow_mat><material><mattext texttype="text/html">&lt;span style="font-family:'Arial';"&gt;Three years after purchase, the card's value will increase by $5 over the next year&lt;/span&gt;</mattext></material></flow_mat></response_label></flow_label><flow_label class="Block"><response_label ident="QUES_42757058_42761139_A130833595"><flow_mat><material><mattext texttype="text/html">&lt;span style="font-family:'Arial';"&gt;As time increases by a very small amount from 3 years, the card's value increases by 5 times as much as the change in time.&lt;/span&gt;</mattext></material></flow_mat></response_label></flow_label><flow_label class="Block"><response_label ident="QUES_42757058_42761139_A130833596"><flow_mat><material><mattext texttype="text/html">&lt;span style="font-family:'Arial';"&gt;The instantaneous rate of change of the card's value with respect to time 3 years after purchase is $5 per year.&lt;/span&gt;</mattext></material></flow_mat></response_label></flow_label></render_choice></response_lid></flow></presentation><resprocessing><respcondition title="Response Condition 1"><conditionvar><varequal respident="QUES_42757058_42761139_LID">QUES_42757058_42761139_A130833592</varequal></conditionvar><setvar action="Set">0.000000000</setvar><displayfeedback feedbacktype="Response" linkrefid="QUES_42757058_42761139_IF130833592" /></respcondition><respcondition title="Response Condition 2"><conditionvar><varequal respident="QUES_42757058_42761139_LID">QUES_42757058_42761139_A130833593</varequal></conditionvar><setvar action="Set">0.000000000</setvar><displayfeedback feedbacktype="Response" linkrefid="QUES_42757058_42761139_IF130833593" /></respcondition><respcondition title="Response Condition 3"><conditionvar><varequal respident="QUES_42757058_42761139_LID">QUES_42757058_42761139_A130833594</varequal></conditionvar><setvar action="Set">0.000000000</setvar><displayfeedback feedbacktype="Response" linkrefid="QUES_42757058_42761139_IF130833594" /></respcondition><respcondition title="Response Condition 4"><conditionvar><varequal respident="QUES_42757058_42761139_LID">QUES_42757058_42761139_A130833595</varequal></conditionvar><setvar action="Set">0.000000000</setvar><displayfeedback feedbacktype="Response" linkrefid="QUES_42757058_42761139_IF130833595" /></respcondition><respcondition title="Response Condition 5"><conditionvar><varequal respident="QUES_42757058_42761139_LID">QUES_42757058_42761139_A130833596</varequal></conditionvar><setvar action="Set">100.000000000</setvar><displayfeedback feedbacktype="Response" linkrefid="QUES_42757058_42761139_IF130833596" /></respcondition></resprocessing><itemfeedback ident="QUES_42757058_42761139_IF130833592"><material><mattext texttype="text/plain" /></material></itemfeedback><itemfeedback ident="QUES_42757058_42761139_IF130833593"><material><mattext texttype="text/plain" /></material></itemfeedback><itemfeedback ident="QUES_42757058_42761139_IF130833594"><material><mattext texttype="text/plain" /></material></itemfeedback><itemfeedback ident="QUES_42757058_42761139_IF130833595"><material><mattext texttype="text/plain" /></material></itemfeedback><itemfeedback ident="QUES_42757058_42761139_IF130833596"><material><mattext texttype="text/plain" /></material></itemfeedback></item><item ident="OBJ_1651252" label="QUES_42757059_42761140" d2l_2p0:page="1"><itemmetadata><qtimetadata><qti_metadatafield><fieldlabel>qmd_computerscored</fieldlabel><fieldentry>yes</fieldentry></qti_metadatafield><qti_metadatafield><fieldlabel>qmd_questiontype</fieldlabel><fieldentry>Multiple Choice</fieldentry></qti_metadatafield><qti_metadatafield><fieldlabel>qmd_weighting</fieldlabel><fieldentry>1.000000000</fieldentry></qti_metadatafield><qti_metadatafield><fieldlabel>qmd_globalid</fieldlabel><fieldentry>b9f8d08f-edc5-419a-bab9-2aa237829cf1</fieldentry></qti_metadatafield><qti_metadatafield><fieldlabel>qmd_displayid</fieldlabel><fieldentry>Sample Course-74258</fieldentry></qti_metadatafield></qtimetadata></itemmetadata><itemproc_extension><d2l_2p0:difficulty>3</d2l_2p0:difficulty><d2l_2p0:isbonus>no</d2l_2p0:isbonus><d2l_2p0:ismandatory>yes</d2l_2p0:ismandatory></itemproc_extension><presentation><flow><material><mattext texttype="text/html">&lt;!--RsQ_002--&gt;&lt;span style="font-family:'Arial';"&gt;The images below show the graph of a logarithmic function given by &lt;/span&gt;&lt;span style="font-family:'Arial'; color:#000000;"&gt;&lt;IMG src="ppg/respondus/Interpreting_Derivatives_Pre_BB_Test/eq_22ebe3.gif" alt="equation" border=0 align="absmiddle"&gt;&lt;/span&gt;&lt;span style="font-family:'Arial';"&gt;. To the right is an image soomed in on the point &lt;/span&gt;&lt;span style="font-family:'Arial'; color:#000000;"&gt;&lt;IMG src="ppg/respondus/Interpreting_Derivatives_Pre_BB_Test/eq_22ebf0.gif" alt="equation" border=0 align="absmiddle"&gt;&lt;/span&gt;&lt;span style="font-family:'Arial';"&gt;. It turns out that &lt;/span&gt;&lt;span style="font-family:'Arial'; color:#000000;"&gt;&lt;IMG src="ppg/respondus/Interpreting_Derivatives_Pre_BB_Test/eq_22ebfd.gif" alt="equation" border=0 align="absmiddle"&gt;&lt;/span&gt;&lt;span style="font-family:'Arial';"&gt;.&lt;br&gt;&lt;/span&gt;&lt;span style="font-family:'Arial'; color:#000000;"&gt;&lt;IMG src="ppg/respondus/Interpreting_Derivatives_Pre_BB_Test/pre_good.png" alt="image" align="bottom" border=0&gt;&lt;/span&gt;&lt;span style="font-family:'Arial';"&gt;&lt;br&gt;After zooming enough to where the graph of &lt;/span&gt;&lt;span style="font-family:'Arial'; color:#000000;"&gt;&lt;IMG src="ppg/respondus/Interpreting_Derivatives_Pre_BB_Test/eq_22ec22.gif" alt="equation" border=0 align="absmiddle"&gt;&lt;/span&gt;&lt;span style="font-family:'Arial';"&gt; appears especially linear, which statement best describes the length of the blue vertical vector? &lt;/span&gt;</mattext></material><response_extension><d2l_2p0:display_style>2</d2l_2p0:display_style><d2l_2p0:enumeration>6</d2l_2p0:enumeration><d2l_2p0:grading_type>0</d2l_2p0:grading_type></response_extension><response_lid ident="QUES_42757059_42761140_LID" rcardinality="Single"><render_choice shuffle="no"><flow_label class="Block"><response_label ident="QUES_42757059_42761140_A130833597"><flow_mat><material><mattext texttype="text/html">&lt;span style="font-family:'Arial';"&gt;The length of the blue vector is 4.&lt;/span&gt;</mattext></material></flow_mat></response_label></flow_label><flow_label class="Block"><response_label ident="QUES_42757059_42761140_A130833598"><flow_mat><material><mattext texttype="text/html">&lt;span style="font-family:'Arial';"&gt;The length of the blue vector is &lt;/span&gt;&lt;span style="font-family:'Arial'; color:#000000;"&gt;&lt;IMG src="ppg/respondus/Interpreting_Derivatives_Pre_BB_Test/eq_22ec4b.gif" alt="equation" border=0 align="absmiddle"&gt;&lt;/span&gt;&lt;span style="font-family:'Arial';"&gt;. &lt;/span&gt;</mattext></material></flow_mat></response_label></flow_label><flow_label class="Block"><response_label ident="QUES_42757059_42761140_A130833599"><flow_mat><material><mattext texttype="text/html">&lt;span style="font-family:'Arial';"&gt;The length of the blue vector is 0.17.&lt;/span&gt;</mattext></material></flow_mat></response_label></flow_label><flow_label class="Block"><response_label ident="QUES_42757059_42761140_A130833600"><flow_mat><material><mattext texttype="text/html">&lt;span style="font-family:'Arial';"&gt;The length of the blue vector is 0.17 times as much as the value of 4&lt;/span&gt;</mattext></material></flow_mat></response_label></flow_label><flow_label class="Block"><response_label ident="QUES_42757059_42761140_A130833601"><flow_mat><material><mattext texttype="text/html">&lt;span style="font-family:'Arial';"&gt;The length of the blue vector is 0.17 times as much as the value of &lt;/span&gt;&lt;span style="font-family:'Arial'; color:#000000;"&gt;&lt;IMG src="ppg/respondus/Interpreting_Derivatives_Pre_BB_Test/eq_22ec77.gif" alt="equation" border=0 align="absmiddle"&gt;&lt;/span&gt;&lt;span style="font-family:'Arial';"&gt;.&lt;/span&gt;</mattext></material></flow_mat></response_label></flow_label><flow_label class="Block"><response_label ident="QUES_42757059_42761140_A130833602"><flow_mat><material><mattext texttype="text/html">&lt;span style="font-family:'Arial';"&gt;The length of the blue vector is 0.17 times as much as the value of &lt;/span&gt;&lt;span style="font-family:'Arial'; color:#000000;"&gt;&lt;IMG src="ppg/respondus/Interpreting_Derivatives_Pre_BB_Test/eq_22ec8c.gif" alt="equation" border=0 align="absmiddle"&gt;&lt;/span&gt;&lt;span style="font-family:'Arial';"&gt;.&lt;/span&gt;</mattext></material></flow_mat></response_label></flow_label></render_choice></response_lid></flow></presentation><resprocessing><respcondition title="Response Condition 1"><conditionvar><varequal respident="QUES_42757059_42761140_LID">QUES_42757059_42761140_A130833597</varequal></conditionvar><setvar action="Set">0.000000000</setvar><displayfeedback feedbacktype="Response" linkrefid="QUES_42757059_42761140_IF130833597" /></respcondition><respcondition title="Response Condition 2"><conditionvar><varequal respident="QUES_42757059_42761140_LID">QUES_42757059_42761140_A130833598</varequal></conditionvar><setvar action="Set">0.000000000</setvar><displayfeedback feedbacktype="Response" linkrefid="QUES_42757059_42761140_IF130833598" /></respcondition><respcondition title="Response Condition 3"><conditionvar><varequal respident="QUES_42757059_42761140_LID">QUES_42757059_42761140_A130833599</varequal></conditionvar><setvar action="Set">0.000000000</setvar><displayfeedback feedbacktype="Response" linkrefid="QUES_42757059_42761140_IF130833599" /></respcondition><respcondition title="Response Condition 4"><conditionvar><varequal respident="QUES_42757059_42761140_LID">QUES_42757059_42761140_A130833600</varequal></conditionvar><setvar action="Set">0.000000000</setvar><displayfeedback feedbacktype="Response" linkrefid="QUES_42757059_42761140_IF130833600" /></respcondition><respcondition title="Response Condition 5"><conditionvar><varequal respident="QUES_42757059_42761140_LID">QUES_42757059_42761140_A130833601</varequal></conditionvar><setvar action="Set">100.000000000</setvar><displayfeedback feedbacktype="Response" linkrefid="QUES_42757059_42761140_IF130833601" /></respcondition><respcondition title="Response Condition 6"><conditionvar><varequal respident="QUES_42757059_42761140_LID">QUES_42757059_42761140_A130833602</varequal></conditionvar><setvar action="Set">0.000000000</setvar><displayfeedback feedbacktype="Response" linkrefid="QUES_42757059_42761140_IF130833602" /></respcondition></resprocessing><itemfeedback ident="QUES_42757059_42761140_IF130833597"><material><mattext texttype="text/plain" /></material></itemfeedback><itemfeedback ident="QUES_42757059_42761140_IF130833598"><material><mattext texttype="text/plain" /></material></itemfeedback><itemfeedback ident="QUES_42757059_42761140_IF130833599"><material><mattext texttype="text/plain" /></material></itemfeedback><itemfeedback ident="QUES_42757059_42761140_IF130833600"><material><mattext texttype="text/plain" /></material></itemfeedback><itemfeedback ident="QUES_42757059_42761140_IF130833601"><material><mattext texttype="text/plain" /></material></itemfeedback><itemfeedback ident="QUES_42757059_42761140_IF130833602"><material><mattext texttype="text/plain" /></material></itemfeedback></item></section></assessment></questestinterop>