﻿<?xml version="1.0" encoding="UTF-8"?><questestinterop xmlns:d2l_2p0="http://desire2learn.com/xsd/d2lcp_v2p0"><assessment d2l_2p0:id="450" title="Graphing Varying Rates of Change Task" ident="res_quiz_122405" d2l_2p0:resource_code="ef9e56cc46d3486a98963923-130"><rubric><flow_mat><material><mattext d2l_2p0:isdisplayed="no" texttype="text/html" /></material></flow_mat></rubric><assessmentcontrol hintswitch="no" solutionswitch="yes" feedbackswitch="no" /><presentation_material><flow_mat><material label="page header"><mattext d2l_2p0:isdisplayed="no" texttype="text/html" /></material><material label="page footer"><mattext d2l_2p0:isdisplayed="no" texttype="text/html" /></material></flow_mat></presentation_material><assess_procextension><d2l_2p0:intro_message d2l_2p0:isdisplayed="yes" texttype="text/html">Respondus</d2l_2p0:intro_message><d2l_2p0:disable_right_click>no</d2l_2p0:disable_right_click><d2l_2p0:disable_pager_access>no</d2l_2p0:disable_pager_access><is_active>yes</is_active><d2l_2p0:date_start /><d2l_2p0:date_end /><d2l_2p0:date_due /><d2l_2p0:has_schedule_event>no</d2l_2p0:has_schedule_event><d2l_2p0:is_attempt_Rldb>no</d2l_2p0:is_attempt_Rldb><d2l_2p0:is_subview_Rldb>no</d2l_2p0:is_subview_Rldb><d2l_2p0:time_limit>120</d2l_2p0:time_limit><d2l_2p0:show_clock>yes</d2l_2p0:show_clock><d2l_2p0:enforce_time_limit>yes</d2l_2p0:enforce_time_limit><d2l_2p0:grace_period>5</d2l_2p0:grace_period><d2l_2p0:late_limit>0</d2l_2p0:late_limit><d2l_2p0:attempts_allowed>3</d2l_2p0:attempts_allowed><d2l_2p0:attempt_restrictions /><d2l_2p0:mark_calculation_type>1</d2l_2p0:mark_calculation_type><d2l_2p0:is_forward_only>no</d2l_2p0:is_forward_only></assess_procextension><assessfeedback title=""><rubric><flow_mat><material><mattext texttype="yes">Your quiz has been submitted successfully.</mattext></material></flow_mat></rubric><d2l_2p0:duration>0</d2l_2p0:duration><d2l_2p0:response_display_type_id>1</d2l_2p0:response_display_type_id><d2l_2p0:show_correct_answers>no</d2l_2p0:show_correct_answers><d2l_2p0:submission_restrictip>no</d2l_2p0:submission_restrictip><d2l_2p0:show_class_average>no</d2l_2p0:show_class_average><d2l_2p0:show_score_distribution>no</d2l_2p0:show_score_distribution></assessfeedback><section ident="CONTAINER_SECTION"><item ident="OBJ_1651160" label="QUES_42756967_42761048" d2l_2p0:page="1"><itemmetadata><qtimetadata><qti_metadatafield><fieldlabel>qmd_computerscored</fieldlabel><fieldentry>yes</fieldentry></qti_metadatafield><qti_metadatafield><fieldlabel>qmd_questiontype</fieldlabel><fieldentry>Multiple Choice</fieldentry></qti_metadatafield><qti_metadatafield><fieldlabel>qmd_weighting</fieldlabel><fieldentry>1.000000000</fieldentry></qti_metadatafield><qti_metadatafield><fieldlabel>qmd_globalid</fieldlabel><fieldentry>96e6d80c-295a-4c83-a21c-0f3cba0e769f</fieldentry></qti_metadatafield><qti_metadatafield><fieldlabel>qmd_displayid</fieldlabel><fieldentry>Sample Course-74166</fieldentry></qti_metadatafield></qtimetadata></itemmetadata><itemproc_extension><d2l_2p0:difficulty>3</d2l_2p0:difficulty><d2l_2p0:isbonus>no</d2l_2p0:isbonus><d2l_2p0:ismandatory>yes</d2l_2p0:ismandatory></itemproc_extension><presentation><flow><material><mattext texttype="text/html">&lt;!--RsQ_001--&gt;&lt;span style="font-family:'Arial';"&gt;The following is a graph of the height of liquid in a soda bottle as a fucntion of the volume of that liquid.&lt;br&gt;&lt;/span&gt;&lt;span style="font-family:'Arial'; color:#000000;"&gt;&lt;IMG src="ppg/respondus/Graphing_Varying_Rates_Of_Change_Task_BB_Test/graph2.png" alt="image" align="bottom" border=0&gt;&lt;/span&gt;&lt;span style="font-family:'Arial';"&gt;&lt;br&gt;Which of the following bottles best matches this graph?&lt;br&gt;&lt;/span&gt;&lt;span style="font-family:'Arial'; color:#000000;"&gt;&lt;IMG src="ppg/respondus/Graphing_Varying_Rates_Of_Change_Task_BB_Test/bottles.png" alt="image" align="bottom" border=0&gt;&lt;/span&gt;&lt;span style="font-family:'Arial';"&gt; &lt;/span&gt;</mattext></material><response_extension><d2l_2p0:display_style>2</d2l_2p0:display_style><d2l_2p0:enumeration>6</d2l_2p0:enumeration><d2l_2p0:grading_type>0</d2l_2p0:grading_type></response_extension><response_lid ident="QUES_42756967_42761048_LID" rcardinality="Single"><render_choice shuffle="no"><flow_label class="Block"><response_label ident="QUES_42756967_42761048_A130833067"><flow_mat><material><mattext texttype="text/html">&lt;span style="font-family:'Arial';"&gt;The first bottle&lt;/span&gt;</mattext></material></flow_mat></response_label></flow_label><flow_label class="Block"><response_label ident="QUES_42756967_42761048_A130833068"><flow_mat><material><mattext texttype="text/html">&lt;span style="font-family:'Arial';"&gt;The second bottle&lt;/span&gt;</mattext></material></flow_mat></response_label></flow_label><flow_label class="Block"><response_label ident="QUES_42756967_42761048_A130833069"><flow_mat><material><mattext texttype="text/html">&lt;span style="font-family:'Arial';"&gt;The third bottle&lt;/span&gt;</mattext></material></flow_mat></response_label></flow_label><flow_label class="Block"><response_label ident="QUES_42756967_42761048_A130833070"><flow_mat><material><mattext texttype="text/html">&lt;span style="font-family:'Arial';"&gt;The fourth bottle&lt;/span&gt;</mattext></material></flow_mat></response_label></flow_label></render_choice></response_lid></flow></presentation><resprocessing><respcondition title="Response Condition 1"><conditionvar><varequal respident="QUES_42756967_42761048_LID">QUES_42756967_42761048_A130833067</varequal></conditionvar><setvar action="Set">0.000000000</setvar><displayfeedback feedbacktype="Response" linkrefid="QUES_42756967_42761048_IF130833067" /></respcondition><respcondition title="Response Condition 2"><conditionvar><varequal respident="QUES_42756967_42761048_LID">QUES_42756967_42761048_A130833068</varequal></conditionvar><setvar action="Set">100.000000000</setvar><displayfeedback feedbacktype="Response" linkrefid="QUES_42756967_42761048_IF130833068" /></respcondition><respcondition title="Response Condition 3"><conditionvar><varequal respident="QUES_42756967_42761048_LID">QUES_42756967_42761048_A130833069</varequal></conditionvar><setvar action="Set">0.000000000</setvar><displayfeedback feedbacktype="Response" linkrefid="QUES_42756967_42761048_IF130833069" /></respcondition><respcondition title="Response Condition 4"><conditionvar><varequal respident="QUES_42756967_42761048_LID">QUES_42756967_42761048_A130833070</varequal></conditionvar><setvar action="Set">0.000000000</setvar><displayfeedback feedbacktype="Response" linkrefid="QUES_42756967_42761048_IF130833070" /></respcondition></resprocessing><itemfeedback ident="QUES_42756967_42761048_IF130833067"><material><mattext texttype="text/plain" /></material></itemfeedback><itemfeedback ident="QUES_42756967_42761048_IF130833068"><material><mattext texttype="text/plain" /></material></itemfeedback><itemfeedback ident="QUES_42756967_42761048_IF130833069"><material><mattext texttype="text/plain" /></material></itemfeedback><itemfeedback ident="QUES_42756967_42761048_IF130833070"><material><mattext texttype="text/plain" /></material></itemfeedback></item></section></assessment></questestinterop>