﻿<?xml version="1.0" encoding="UTF-8"?><questestinterop xmlns:d2l_2p0="http://desire2learn.com/xsd/d2lcp_v2p0"><assessment d2l_2p0:id="479" title="Interpreting Derivatives Task" ident="res_quiz_122434" d2l_2p0:resource_code="ef9e56cc46d3486a98963923-159"><rubric><flow_mat><material><mattext d2l_2p0:isdisplayed="no" texttype="text/html" /></material></flow_mat></rubric><assessmentcontrol hintswitch="no" solutionswitch="yes" feedbackswitch="no" /><presentation_material><flow_mat><material label="page header"><mattext d2l_2p0:isdisplayed="no" texttype="text/html" /></material><material label="page footer"><mattext d2l_2p0:isdisplayed="no" texttype="text/html" /></material></flow_mat></presentation_material><assess_procextension><d2l_2p0:intro_message d2l_2p0:isdisplayed="yes" texttype="text/html">Respondus</d2l_2p0:intro_message><d2l_2p0:disable_right_click>no</d2l_2p0:disable_right_click><d2l_2p0:disable_pager_access>no</d2l_2p0:disable_pager_access><is_active>yes</is_active><d2l_2p0:date_start /><d2l_2p0:date_end /><d2l_2p0:date_due /><d2l_2p0:has_schedule_event>no</d2l_2p0:has_schedule_event><d2l_2p0:is_attempt_Rldb>no</d2l_2p0:is_attempt_Rldb><d2l_2p0:is_subview_Rldb>no</d2l_2p0:is_subview_Rldb><d2l_2p0:time_limit>120</d2l_2p0:time_limit><d2l_2p0:show_clock>yes</d2l_2p0:show_clock><d2l_2p0:enforce_time_limit>yes</d2l_2p0:enforce_time_limit><d2l_2p0:grace_period>5</d2l_2p0:grace_period><d2l_2p0:late_limit>0</d2l_2p0:late_limit><d2l_2p0:attempts_allowed>3</d2l_2p0:attempts_allowed><d2l_2p0:attempt_restrictions /><d2l_2p0:mark_calculation_type>1</d2l_2p0:mark_calculation_type><d2l_2p0:is_forward_only>no</d2l_2p0:is_forward_only></assess_procextension><assessfeedback title=""><rubric><flow_mat><material><mattext texttype="yes">Your quiz has been submitted successfully.</mattext></material></flow_mat></rubric><d2l_2p0:duration>0</d2l_2p0:duration><d2l_2p0:response_display_type_id>1</d2l_2p0:response_display_type_id><d2l_2p0:show_correct_answers>no</d2l_2p0:show_correct_answers><d2l_2p0:submission_restrictip>no</d2l_2p0:submission_restrictip><d2l_2p0:show_class_average>no</d2l_2p0:show_class_average><d2l_2p0:show_score_distribution>no</d2l_2p0:show_score_distribution></assessfeedback><section ident="CONTAINER_SECTION"><item ident="OBJ_1651253" label="QUES_42757060_42761141" d2l_2p0:page="1"><itemmetadata><qtimetadata><qti_metadatafield><fieldlabel>qmd_computerscored</fieldlabel><fieldentry>yes</fieldentry></qti_metadatafield><qti_metadatafield><fieldlabel>qmd_questiontype</fieldlabel><fieldentry>Multiple Choice</fieldentry></qti_metadatafield><qti_metadatafield><fieldlabel>qmd_weighting</fieldlabel><fieldentry>1.000000000</fieldentry></qti_metadatafield><qti_metadatafield><fieldlabel>qmd_globalid</fieldlabel><fieldentry>0f5d3e17-1838-4383-8e80-a6d66d2e1cbe</fieldentry></qti_metadatafield><qti_metadatafield><fieldlabel>qmd_displayid</fieldlabel><fieldentry>Sample Course-74259</fieldentry></qti_metadatafield></qtimetadata></itemmetadata><itemproc_extension><d2l_2p0:difficulty>3</d2l_2p0:difficulty><d2l_2p0:isbonus>no</d2l_2p0:isbonus><d2l_2p0:ismandatory>yes</d2l_2p0:ismandatory></itemproc_extension><presentation><flow><material><mattext texttype="text/html">&lt;!--RsQ_001--&gt;&lt;span style="font-family:'Arial';"&gt;Courtney is going on a road trip. The function &lt;/span&gt;&lt;span style="font-family:'Arial'; color:#000000;"&gt;&lt;IMG src="ppg/respondus/Interpreting_Derivatives_Task_BB_Test/eq_22ef77.gif" alt="equation" border=0 align="absmiddle"&gt;&lt;/span&gt;&lt;span style="font-family:'Arial';"&gt; measures the amount of fuel Courney's car has consumed (in gallons) where &lt;/span&gt;&lt;span style="font-family:'Arial'; color:#000000;"&gt;&lt;IMG src="ppg/respondus/Interpreting_Derivatives_Task_BB_Test/eq_22ef88.gif" alt="equation" border=0 align="absmiddle"&gt;&lt;/span&gt;&lt;span style="font-family:'Arial';"&gt; is measured in hours since Courtney has left her hometown. Which statement best explains the meaning of &lt;/span&gt;&lt;span style="font-family:'Arial'; color:#000000;"&gt;&lt;IMG src="ppg/respondus/Interpreting_Derivatives_Task_BB_Test/eq_22ef9f.gif" alt="equation" border=0 align="absmiddle"&gt;&lt;/span&gt;&lt;span style="font-family:'Arial';"&gt;? &lt;/span&gt;</mattext></material><response_extension><d2l_2p0:display_style>2</d2l_2p0:display_style><d2l_2p0:enumeration>6</d2l_2p0:enumeration><d2l_2p0:grading_type>0</d2l_2p0:grading_type></response_extension><response_lid ident="QUES_42757060_42761141_LID" rcardinality="Single"><render_choice shuffle="no"><flow_label class="Block"><response_label ident="QUES_42757060_42761141_A130833603"><flow_mat><material><mattext texttype="text/html">&lt;span style="font-family:'Arial';"&gt;Five hours since Courtney left her hometown, Courtney's car has consumed 2.5 gallons of fuel.&lt;/span&gt;</mattext></material></flow_mat></response_label></flow_label><flow_label class="Block"><response_label ident="QUES_42757060_42761141_A130833604"><flow_mat><material><mattext texttype="text/html">&lt;span style="font-family:'Arial';"&gt;Over the five hours since leaving her hometown, the amount of fuel consumed by Courtney's car will increase by 2.5 gallons over the next hour.&lt;/span&gt;</mattext></material></flow_mat></response_label></flow_label><flow_label class="Block"><response_label ident="QUES_42757060_42761141_A130833605"><flow_mat><material><mattext texttype="text/html">&lt;span style="font-family:'Arial';"&gt;Five hours after Courtney left her hometown, the amount of fuel consumed by Courtney's car will increase by 2.5 gallons over the next hour. &lt;/span&gt;</mattext></material></flow_mat></response_label></flow_label><flow_label class="Block"><response_label ident="QUES_42757060_42761141_A130833606"><flow_mat><material><mattext texttype="text/html">&lt;span style="font-family:'Arial';"&gt;As time increases by a very small amount from 5 hours, the amount of fuel consumed by Courtney's car increases by 2.5 gallons over the next hour. &lt;/span&gt;</mattext></material></flow_mat></response_label></flow_label><flow_label class="Block"><response_label ident="QUES_42757060_42761141_A130833607"><flow_mat><material><mattext texttype="text/html">&lt;span style="font-family:'Arial';"&gt;The instantaneous rate of change of the amount of fuel consumed with respect to time 5 hours since leaving her hometown is 2.5 gallons per hour.&lt;/span&gt;</mattext></material></flow_mat></response_label></flow_label></render_choice></response_lid></flow></presentation><resprocessing><respcondition title="Response Condition 1"><conditionvar><varequal respident="QUES_42757060_42761141_LID">QUES_42757060_42761141_A130833603</varequal></conditionvar><setvar action="Set">0.000000000</setvar><displayfeedback feedbacktype="Response" linkrefid="QUES_42757060_42761141_IF130833603" /></respcondition><respcondition title="Response Condition 2"><conditionvar><varequal respident="QUES_42757060_42761141_LID">QUES_42757060_42761141_A130833604</varequal></conditionvar><setvar action="Set">0.000000000</setvar><displayfeedback feedbacktype="Response" linkrefid="QUES_42757060_42761141_IF130833604" /></respcondition><respcondition title="Response Condition 3"><conditionvar><varequal respident="QUES_42757060_42761141_LID">QUES_42757060_42761141_A130833605</varequal></conditionvar><setvar action="Set">0.000000000</setvar><displayfeedback feedbacktype="Response" linkrefid="QUES_42757060_42761141_IF130833605" /></respcondition><respcondition title="Response Condition 4"><conditionvar><varequal respident="QUES_42757060_42761141_LID">QUES_42757060_42761141_A130833606</varequal></conditionvar><setvar action="Set">100.000000000</setvar><displayfeedback feedbacktype="Response" linkrefid="QUES_42757060_42761141_IF130833606" /></respcondition><respcondition title="Response Condition 5"><conditionvar><varequal respident="QUES_42757060_42761141_LID">QUES_42757060_42761141_A130833607</varequal></conditionvar><setvar action="Set">0.000000000</setvar><displayfeedback feedbacktype="Response" linkrefid="QUES_42757060_42761141_IF130833607" /></respcondition></resprocessing><itemfeedback ident="QUES_42757060_42761141_IF130833603"><material><mattext texttype="text/plain" /></material></itemfeedback><itemfeedback ident="QUES_42757060_42761141_IF130833604"><material><mattext texttype="text/plain" /></material></itemfeedback><itemfeedback ident="QUES_42757060_42761141_IF130833605"><material><mattext texttype="text/plain" /></material></itemfeedback><itemfeedback ident="QUES_42757060_42761141_IF130833606"><material><mattext texttype="text/plain" /></material></itemfeedback><itemfeedback ident="QUES_42757060_42761141_IF130833607"><material><mattext texttype="text/plain" /></material></itemfeedback></item></section></assessment></questestinterop>